"district","year","Coverage_stock"
"Ablekuma Central",1970,0
"Ablekuma Central",1971,0
"Ablekuma Central",1972,0
"Ablekuma Central",1973,0
"Ablekuma Central",1974,0
"Ablekuma Central",1975,0
"Ablekuma Central",1976,0
"Ablekuma Central",1977,0
"Ablekuma Central",1978,0
"Ablekuma Central",1979,0
"Ablekuma Central",1980,0.26191485
"Ablekuma Central",1981,0.251582535008228
"Ablekuma Central",1982,0.24166444403397
"Ablekuma Central",1983,0.231837929859814
"Ablekuma Central",1984,0.222329242252652
"Ablekuma Central",1985,0.213434718231857
"Ablekuma Central",1986,0.20494539450948
"Ablekuma Central",1987,0.196851992605747
"Ablekuma Central",1988,0.189159616244797
"Ablekuma Central",1989,0.181886245353684
"Ablekuma Central",1990,0.337015379398074
"Ablekuma Central",1991,0.324343529771473
"Ablekuma Central",1992,0.31230599501474
"Ablekuma Central",1993,0.300903154603337
"Ablekuma Central",1994,0.290104429288196
"Ablekuma Central",1995,0.279949435722104
"Ablekuma Central",1996,0.270340760554076
"Ablekuma Central",1997,0.261276753934146
"Ablekuma Central",1998,0.252569187508398
"Ablekuma Central",1999,0.244175263328876
"Ablekuma Central",2000,0.269378945307895
"Ablekuma Central",2001,0.293999656654083
"Ablekuma Central",2002,0.31470530618821
"Ablekuma Central",2003,0.33183282325431
"Ablekuma Central",2004,0.349747828447125
"Ablekuma Central",2005,0.368890968383484
"Ablekuma Central",2006,0.386203965667558
"Ablekuma Central",2007,0.404897276485136
"Ablekuma Central",2008,0.421521249989217
"Ablekuma Central",2009,0.437960541502015
"Ablekuma Central",2010,0.452199670805178
"Ablekuma Central",2011,0.462775860766518
"Ablekuma Central",2012,0.473013421288544
"Ablekuma Central",2013,0.484601362541353
"Ablekuma Central",2014,0.493967610966992
"Ablekuma Central",2015,0.509209572961336
"Ablekuma Central",2016,0.497218054225797
"Ablekuma Central",2017,0.486550397155397
"Ablekuma Central",2018,1
"Ablekuma Central",2019,0.998470239444753
"Ablekuma Central",2020,0.995468482719124
"Ablekuma Central",2021,0.995588025446088
"Ablekuma Central",2022,0.995702842107411
"Ablekuma Central",2023,0.99581294504512
"Ablekuma Central",2024,0.995919157917326
"Ablekuma Central",2025,0.996021198436162
"Ablekuma North",1970,0
"Ablekuma North",1971,0
"Ablekuma North",1972,0
"Ablekuma North",1973,0
"Ablekuma North",1974,0
"Ablekuma North",1975,0
"Ablekuma North",1976,0
"Ablekuma North",1977,0
"Ablekuma North",1978,0
"Ablekuma North",1979,0
"Ablekuma North",1980,0.26191485
"Ablekuma North",1981,0.251582535008228
"Ablekuma North",1982,0.24166444403397
"Ablekuma North",1983,0.231837929859814
"Ablekuma North",1984,0.222329242252652
"Ablekuma North",1985,0.213434718231857
"Ablekuma North",1986,0.20494539450948
"Ablekuma North",1987,0.196851992605747
"Ablekuma North",1988,0.189159616244797
"Ablekuma North",1989,0.181886245353685
"Ablekuma North",1990,0.337015379398074
"Ablekuma North",1991,0.324343529771473
"Ablekuma North",1992,0.31230599501474
"Ablekuma North",1993,0.300903154603337
"Ablekuma North",1994,0.290104429288196
"Ablekuma North",1995,0.279949435722104
"Ablekuma North",1996,0.270340760554076
"Ablekuma North",1997,0.261276753934146
"Ablekuma North",1998,0.252569187508398
"Ablekuma North",1999,0.244175263328876
"Ablekuma North",2000,0.269378945307895
"Ablekuma North",2001,0.293999656654083
"Ablekuma North",2002,0.31470530618821
"Ablekuma North",2003,0.33183282325431
"Ablekuma North",2004,0.349747828447125
"Ablekuma North",2005,0.368890968383483
"Ablekuma North",2006,0.386203965667558
"Ablekuma North",2007,0.404897276485136
"Ablekuma North",2008,0.421521249989217
"Ablekuma North",2009,0.437960541502015
"Ablekuma North",2010,0.452199670805177
"Ablekuma North",2011,0.462775860766518
"Ablekuma North",2012,0.473013421288544
"Ablekuma North",2013,0.484601362541353
"Ablekuma North",2014,0.493967610966992
"Ablekuma North",2015,0.509209572961336
"Ablekuma North",2016,0.494064087160996
"Ablekuma North",2017,0.483848403555552
"Ablekuma North",2018,1
"Ablekuma North",2019,1
"Ablekuma North",2020,0.99112340500792
"Ablekuma North",2021,0.988210292474956
"Ablekuma North",2022,0.983282878240972
"Ablekuma North",2023,0.983711208840337
"Ablekuma North",2024,0.981177043029734
"Ablekuma North",2025,0.981647706744813
"Ablekuma West",1970,0
"Ablekuma West",1971,0
"Ablekuma West",1972,0
"Ablekuma West",1973,0
"Ablekuma West",1974,0
"Ablekuma West",1975,0
"Ablekuma West",1976,0
"Ablekuma West",1977,0
"Ablekuma West",1978,0
"Ablekuma West",1979,0
"Ablekuma West",1980,0.26191485
"Ablekuma West",1981,0.251582535008228
"Ablekuma West",1982,0.24166444403397
"Ablekuma West",1983,0.231837929859814
"Ablekuma West",1984,0.222329242252652
"Ablekuma West",1985,0.213434718231857
"Ablekuma West",1986,0.20494539450948
"Ablekuma West",1987,0.196851992605747
"Ablekuma West",1988,0.189159616244797
"Ablekuma West",1989,0.181886245353685
"Ablekuma West",1990,0.337015379398074
"Ablekuma West",1991,0.324343529771473
"Ablekuma West",1992,0.31230599501474
"Ablekuma West",1993,0.300903154603337
"Ablekuma West",1994,0.290104429288196
"Ablekuma West",1995,0.279949435722104
"Ablekuma West",1996,0.270340760554076
"Ablekuma West",1997,0.261276753934146
"Ablekuma West",1998,0.252569187508398
"Ablekuma West",1999,0.244175263328876
"Ablekuma West",2000,0.269378945307895
"Ablekuma West",2001,0.293999656654083
"Ablekuma West",2002,0.31470530618821
"Ablekuma West",2003,0.33183282325431
"Ablekuma West",2004,0.349747828447125
"Ablekuma West",2005,0.368890968383484
"Ablekuma West",2006,0.386203965667558
"Ablekuma West",2007,0.404897276485135
"Ablekuma West",2008,0.421521249989217
"Ablekuma West",2009,0.437960541502015
"Ablekuma West",2010,0.452199670805177
"Ablekuma West",2011,0.462775860766518
"Ablekuma West",2012,0.473013421288544
"Ablekuma West",2013,0.484601362541353
"Ablekuma West",2014,0.493967610966992
"Ablekuma West",2015,0.509209572961336
"Ablekuma West",2016,0.523807215736252
"Ablekuma West",2017,0.537561424283783
"Ablekuma West",2018,1
"Ablekuma West",2019,1
"Ablekuma West",2020,0.998049262122855
"Ablekuma West",2021,0.998100723148152
"Ablekuma West",2022,0.998150149685951
"Ablekuma West",2023,0.998197547049275
"Ablekuma West",2024,0.998243269808345
"Ablekuma West",2025,0.998287196443236
"Abuakwa North",1970,0
"Abuakwa North",1971,0
"Abuakwa North",1972,0
"Abuakwa North",1973,0
"Abuakwa North",1974,0
"Abuakwa North",1975,0
"Abuakwa North",1976,0
"Abuakwa North",1977,0
"Abuakwa North",1978,0
"Abuakwa North",1979,0
"Abuakwa North",1980,0.971988664
"Abuakwa North",1981,0.933644549319678
"Abuakwa North",1982,0.896837655798749
"Abuakwa North",1983,0.8603706117044
"Abuakwa North",1984,0.825083049492182
"Abuakwa North",1985,0.79207470147416
"Abuakwa North",1986,0.760570086813414
"Abuakwa North",1987,0.730534772268919
"Abuakwa North",1988,0.701987698202423
"Abuakwa North",1989,0.674995589678493
"Abuakwa North",1990,0.887797469340292
"Abuakwa North",1991,0.854416096506653
"Abuakwa North",1992,0.822705695298226
"Abuakwa North",1993,0.792667265364804
"Abuakwa North",1994,0.764220251985159
"Abuakwa North",1995,0.737469017055625
"Abuakwa North",1996,0.712156945205599
"Abuakwa North",1997,0.68827969024581
"Abuakwa North",1998,0.665341403421339
"Abuakwa North",1999,0.643229342370226
"Abuakwa North",2000,0.655126193264455
"Abuakwa North",2001,0.66078547772869
"Abuakwa North",2002,0.672141842332148
"Abuakwa North",2003,0.683010265343981
"Abuakwa North",2004,0.68981330874191
"Abuakwa North",2005,0.699847194769853
"Abuakwa North",2006,0.709599927548769
"Abuakwa North",2007,0.718902626986029
"Abuakwa North",2008,0.727745221615495
"Abuakwa North",2009,0.736208334719934
"Abuakwa North",2010,0.742077184083151
"Abuakwa North",2011,0.747780354421823
"Abuakwa North",2012,0.755621512432587
"Abuakwa North",2013,0.758891741131993
"Abuakwa North",2014,0.766298925578671
"Abuakwa North",2015,0.77333812498876
"Abuakwa North",2016,0.778290030477305
"Abuakwa North",2017,0.784693834269915
"Abuakwa North",2018,0.790664197250396
"Abuakwa North",2019,0.796367250288313
"Abuakwa North",2020,0.941059813747446
"Abuakwa North",2021,0.942614672783766
"Abuakwa North",2022,0.944108061197358
"Abuakwa North",2023,0.942259955409168
"Abuakwa North",2024,0.942842182978628
"Abuakwa North",2025,0.944271401063095
"Abura-Asebu-Kwamankese",1970,0
"Abura-Asebu-Kwamankese",1971,0
"Abura-Asebu-Kwamankese",1972,0
"Abura-Asebu-Kwamankese",1973,0
"Abura-Asebu-Kwamankese",1974,0
"Abura-Asebu-Kwamankese",1975,0
"Abura-Asebu-Kwamankese",1976,0
"Abura-Asebu-Kwamankese",1977,0
"Abura-Asebu-Kwamankese",1978,0
"Abura-Asebu-Kwamankese",1979,0
"Abura-Asebu-Kwamankese",1980,0.26191485
"Abura-Asebu-Kwamankese",1981,0.251582535008228
"Abura-Asebu-Kwamankese",1982,0.24166444403397
"Abura-Asebu-Kwamankese",1983,0.231837929859814
"Abura-Asebu-Kwamankese",1984,0.222329242252652
"Abura-Asebu-Kwamankese",1985,0.213434718231857
"Abura-Asebu-Kwamankese",1986,0.20494539450948
"Abura-Asebu-Kwamankese",1987,0.196851992605747
"Abura-Asebu-Kwamankese",1988,0.189159616244797
"Abura-Asebu-Kwamankese",1989,0.181886245353685
"Abura-Asebu-Kwamankese",1990,0.337015379398074
"Abura-Asebu-Kwamankese",1991,0.324343529771473
"Abura-Asebu-Kwamankese",1992,0.31230599501474
"Abura-Asebu-Kwamankese",1993,0.300903154603337
"Abura-Asebu-Kwamankese",1994,0.290104429288196
"Abura-Asebu-Kwamankese",1995,0.279949435722104
"Abura-Asebu-Kwamankese",1996,0.270340760554076
"Abura-Asebu-Kwamankese",1997,0.261276753934146
"Abura-Asebu-Kwamankese",1998,0.252569187508398
"Abura-Asebu-Kwamankese",1999,0.244175263328876
"Abura-Asebu-Kwamankese",2000,0.264722394567844
"Abura-Asebu-Kwamankese",2001,0.285018181723921
"Abura-Asebu-Kwamankese",2002,0.308954639864979
"Abura-Asebu-Kwamankese",2003,0.331862635651134
"Abura-Asebu-Kwamankese",2004,0.353760111474594
"Abura-Asebu-Kwamankese",2005,0.374664610509914
"Abura-Asebu-Kwamankese",2006,0.394983357643462
"Abura-Asebu-Kwamankese",2007,0.414364509758458
"Abura-Asebu-Kwamankese",2008,0.432787084061838
"Abura-Asebu-Kwamankese",2009,0.450419050304514
"Abura-Asebu-Kwamankese",2010,0.467415797126907
"Abura-Asebu-Kwamankese",2011,0.483948288009986
"Abura-Asebu-Kwamankese",2012,0.499991618045452
"Abura-Asebu-Kwamankese",2013,0.515476672180343
"Abura-Asebu-Kwamankese",2014,0.530361909520317
"Abura-Asebu-Kwamankese",2015,0.544507656079874
"Abura-Asebu-Kwamankese",2016,0.558055423430134
"Abura-Asebu-Kwamankese",2017,0.570820417091243
"Abura-Asebu-Kwamankese",2018,0.902952096622722
"Abura-Asebu-Kwamankese",2019,0.90559602724954
"Abura-Asebu-Kwamankese",2020,0.908125497141321
"Abura-Asebu-Kwamankese",2021,0.910549172905852
"Abura-Asebu-Kwamankese",2022,0.912877029785805
"Abura-Asebu-Kwamankese",2023,0.915109318010308
"Abura-Asebu-Kwamankese",2024,0.915188299802706
"Abura-Asebu-Kwamankese",2025,0.917308996883406
"Accra Metro",1970,0
"Accra Metro",1971,0
"Accra Metro",1972,0
"Accra Metro",1973,0
"Accra Metro",1974,0
"Accra Metro",1975,0
"Accra Metro",1976,0
"Accra Metro",1977,0
"Accra Metro",1978,0
"Accra Metro",1979,0
"Accra Metro",1980,0.26191485
"Accra Metro",1981,0.251582535008228
"Accra Metro",1982,0.24166444403397
"Accra Metro",1983,0.231837929859814
"Accra Metro",1984,0.222329242252652
"Accra Metro",1985,0.213434718231857
"Accra Metro",1986,0.20494539450948
"Accra Metro",1987,0.196851992605747
"Accra Metro",1988,0.189159616244797
"Accra Metro",1989,0.181886245353685
"Accra Metro",1990,0.337015379398075
"Accra Metro",1991,0.324343529771473
"Accra Metro",1992,0.31230599501474
"Accra Metro",1993,0.300903154603337
"Accra Metro",1994,0.290104429288196
"Accra Metro",1995,0.279949435722104
"Accra Metro",1996,0.270340760554076
"Accra Metro",1997,0.261276753934146
"Accra Metro",1998,0.252569187508399
"Accra Metro",1999,0.244175263328876
"Accra Metro",2000,0.263552297205759
"Accra Metro",2001,0.286098128077453
"Accra Metro",2002,0.307068308265633
"Accra Metro",2003,0.32444899006783
"Accra Metro",2004,0.342605992366798
"Accra Metro",2005,0.361980155655479
"Accra Metro",2006,0.379517702930914
"Accra Metro",2007,0.398425202030446
"Accra Metro",2008,0.415252770218465
"Accra Metro",2009,0.431886919113042
"Accra Metro",2010,0.446313885753174
"Accra Metro",2011,0.45707278238735
"Accra Metro",2012,0.467487643684723
"Accra Metro",2013,0.479246715999372
"Accra Metro",2014,0.488777466689552
"Accra Metro",2015,0.504175758562252
"Accra Metro",2016,0.518923122726064
"Accra Metro",2017,0.53281840194087
"Accra Metro",2018,0.545773180587157
"Accra Metro",2019,0.558147937357524
"Accra Metro",2020,0.569986967607124
"Accra Metro",2021,0.581330834867515
"Accra Metro",2022,0.592226227656359
"Accra Metro",2023,0.602674317155901
"Accra Metro",2024,0.612753263439394
"Accra Metro",2025,0.622436279129732
"Achiase",1970,0
"Achiase",1971,0
"Achiase",1972,0
"Achiase",1973,0
"Achiase",1974,0
"Achiase",1975,0
"Achiase",1976,0
"Achiase",1977,0
"Achiase",1978,0
"Achiase",1979,0
"Achiase",1980,0.971988664
"Achiase",1981,0.933644549319678
"Achiase",1982,0.896837655798749
"Achiase",1983,0.8603706117044
"Achiase",1984,0.825083049492181
"Achiase",1985,0.79207470147416
"Achiase",1986,0.760570086813414
"Achiase",1987,0.730534772268919
"Achiase",1988,0.701987698202423
"Achiase",1989,0.674995589678493
"Achiase",1990,0.887797469340292
"Achiase",1991,0.854416096506653
"Achiase",1992,0.822705695298226
"Achiase",1993,0.792667265364804
"Achiase",1994,0.764220251985159
"Achiase",1995,0.737469017055625
"Achiase",1996,0.712156945205599
"Achiase",1997,0.688279690245811
"Achiase",1998,0.665341403421339
"Achiase",1999,0.643229342370226
"Achiase",2000,0.649377156657195
"Achiase",2001,0.647236696910278
"Achiase",2002,0.650085051690002
"Achiase",2003,0.650714369680758
"Achiase",2004,0.649266073369604
"Achiase",2005,0.649877086537939
"Achiase",2006,0.648255115771799
"Achiase",2007,0.650329514534792
"Achiase",2008,0.651815137650695
"Achiase",2009,0.639962160222699
"Achiase",2010,0.628581438901435
"Achiase",2011,0.618166324669872
"Achiase",2012,0.609022227901738
"Achiase",2013,0.60353673234369
"Achiase",2014,0.597776477730445
"Achiase",2015,0.605074868875116
"Achiase",2016,0.616821177827763
"Achiase",2017,0.627888799188937
"Achiase",2018,0.638207309717474
"Achiase",2019,0.648063831508349
"Achiase",2020,0.657493645912254
"Achiase",2021,0.666529061873931
"Achiase",2022,0.675207266903427
"Achiase",2023,0.683529193850054
"Achiase",2024,0.691557097389153
"Achiase",2025,0.699269641314198
"Ada East",1970,0
"Ada East",1971,0
"Ada East",1972,0
"Ada East",1973,0
"Ada East",1974,0
"Ada East",1975,0
"Ada East",1976,0
"Ada East",1977,0
"Ada East",1978,0
"Ada East",1979,0
"Ada East",1980,0.26191485
"Ada East",1981,0.251582535008228
"Ada East",1982,0.24166444403397
"Ada East",1983,0.231837929859814
"Ada East",1984,0.222329242252652
"Ada East",1985,0.213434718231857
"Ada East",1986,0.20494539450948
"Ada East",1987,0.196851992605747
"Ada East",1988,0.189159616244797
"Ada East",1989,0.181886245353685
"Ada East",1990,0.337015379398074
"Ada East",1991,0.324343529771473
"Ada East",1992,0.31230599501474
"Ada East",1993,0.300903154603337
"Ada East",1994,0.290104429288196
"Ada East",1995,0.279949435722104
"Ada East",1996,0.270340760554076
"Ada East",1997,0.261276753934146
"Ada East",1998,0.252569187508398
"Ada East",1999,0.244175263328876
"Ada East",2000,0.258225605929741
"Ada East",2001,0.270416013625292
"Ada East",2002,0.290447644538063
"Ada East",2003,0.308950112245231
"Ada East",2004,0.32598080880202
"Ada East",2005,0.342210559255634
"Ada East",2006,0.358084987121011
"Ada East",2007,0.376663718070841
"Ada East",2008,0.394409123442267
"Ada East",2009,0.412524211457579
"Ada East",2010,0.426314479591583
"Ada East",2011,0.43944761788228
"Ada East",2012,0.451987201811787
"Ada East",2013,0.462150505963203
"Ada East",2014,0.471520000491688
"Ada East",2015,0.487438096332686
"Ada East",2016,0.498634544291698
"Ada East",2017,0.51306729365235
"Ada East",2018,0.526569763468324
"Ada East",2019,0.539467689734302
"Ada East",2020,0.75291148361782
"Ada East",2021,0.759429749624338
"Ada East",2022,0.765690319041538
"Ada East",2023,0.771693864838987
"Ada East",2024,0.777485298345143
"Ada East",2025,0.783049227344497
"Ada West",1970,0
"Ada West",1971,0
"Ada West",1972,0
"Ada West",1973,0
"Ada West",1974,0
"Ada West",1975,0
"Ada West",1976,0
"Ada West",1977,0
"Ada West",1978,0
"Ada West",1979,0
"Ada West",1980,0.26191485
"Ada West",1981,0.251582535008228
"Ada West",1982,0.24166444403397
"Ada West",1983,0.231837929859814
"Ada West",1984,0.222329242252652
"Ada West",1985,0.213434718231857
"Ada West",1986,0.20494539450948
"Ada West",1987,0.196851992605747
"Ada West",1988,0.189159616244797
"Ada West",1989,0.181886245353685
"Ada West",1990,0.337015379398074
"Ada West",1991,0.324343529771473
"Ada West",1992,0.31230599501474
"Ada West",1993,0.300903154603337
"Ada West",1994,0.290104429288196
"Ada West",1995,0.279949435722104
"Ada West",1996,0.270340760554076
"Ada West",1997,0.261276753934146
"Ada West",1998,0.252569187508398
"Ada West",1999,0.244175263328876
"Ada West",2000,0.258225605929741
"Ada West",2001,0.270416013625292
"Ada West",2002,0.290447644538063
"Ada West",2003,0.30895011224523
"Ada West",2004,0.32598080880202
"Ada West",2005,0.342210559255634
"Ada West",2006,0.35808498712101
"Ada West",2007,0.376663718070841
"Ada West",2008,0.394409123442266
"Ada West",2009,0.412524211457578
"Ada West",2010,0.426314479591583
"Ada West",2011,0.43944761788228
"Ada West",2012,0.451987201811787
"Ada West",2013,0.461517729682279
"Ada West",2014,0.470505290583138
"Ada West",2015,0.485643452917297
"Ada West",2016,0.49753745526998
"Ada West",2017,0.510464272135301
"Ada West",2018,0.524038922807081
"Ada West",2019,0.537005798188939
"Ada West",2020,0.75159060967287
"Ada West",2021,0.758143720713306
"Ada West",2022,0.764437757582353
"Ada West",2023,0.770473396847103
"Ada West",2024,0.776295789920844
"Ada West",2025,0.781889462305096
"Adaklu",1970,0
"Adaklu",1971,0
"Adaklu",1972,0
"Adaklu",1973,0
"Adaklu",1974,0
"Adaklu",1975,0
"Adaklu",1976,0
"Adaklu",1977,0
"Adaklu",1978,0
"Adaklu",1979,0
"Adaklu",1980,0
"Adaklu",1981,0
"Adaklu",1982,0
"Adaklu",1983,0
"Adaklu",1984,0
"Adaklu",1985,0
"Adaklu",1986,0
"Adaklu",1987,0
"Adaklu",1988,0
"Adaklu",1989,0
"Adaklu",1990,0
"Adaklu",1991,0
"Adaklu",1992,0
"Adaklu",1993,0
"Adaklu",1994,0
"Adaklu",1995,0
"Adaklu",1996,0
"Adaklu",1997,0
"Adaklu",1998,0
"Adaklu",1999,0
"Adaklu",2000,0.0286333827886787
"Adaklu",2001,0.0492437132745679
"Adaklu",2002,0.0720098466863265
"Adaklu",2003,0.0941734558398297
"Adaklu",2004,0.117375042196636
"Adaklu",2005,0.145926100258142
"Adaklu",2006,0.173677146966642
"Adaklu",2007,0.200147640155653
"Adaklu",2008,0.225308921834277
"Adaklu",2009,0.249390402623776
"Adaklu",2010,0.272604310049299
"Adaklu",2011,0.295184143524694
"Adaklu",2012,0.317095888291625
"Adaklu",2013,0.328376611251452
"Adaklu",2014,0.339645372882798
"Adaklu",2015,0.356603344076846
"Adaklu",2016,0.374843464247474
"Adaklu",2017,0.392900296798783
"Adaklu",2018,0.813544117237145
"Adaklu",2019,0.818623839743572
"Adaklu",2020,0.82348365149819
"Adaklu",2021,0.828140203453257
"Adaklu",2022,0.8325017445438
"Adaklu",2023,0.83679342998979
"Adaklu",2024,0.840933485171905
"Adaklu",2025,0.844910906834816
"Adansi Akrofuom",1970,0
"Adansi Akrofuom",1971,0
"Adansi Akrofuom",1972,0
"Adansi Akrofuom",1973,0
"Adansi Akrofuom",1974,0
"Adansi Akrofuom",1975,0
"Adansi Akrofuom",1976,0
"Adansi Akrofuom",1977,0
"Adansi Akrofuom",1978,0
"Adansi Akrofuom",1979,0
"Adansi Akrofuom",1980,0
"Adansi Akrofuom",1981,0
"Adansi Akrofuom",1982,0
"Adansi Akrofuom",1983,0
"Adansi Akrofuom",1984,0
"Adansi Akrofuom",1985,0
"Adansi Akrofuom",1986,0
"Adansi Akrofuom",1987,0
"Adansi Akrofuom",1988,0
"Adansi Akrofuom",1989,0
"Adansi Akrofuom",1990,0
"Adansi Akrofuom",1991,0
"Adansi Akrofuom",1992,0
"Adansi Akrofuom",1993,0
"Adansi Akrofuom",1994,0
"Adansi Akrofuom",1995,0
"Adansi Akrofuom",1996,0
"Adansi Akrofuom",1997,0
"Adansi Akrofuom",1998,0
"Adansi Akrofuom",1999,0
"Adansi Akrofuom",2000,0.0240375366879918
"Adansi Akrofuom",2001,0.0492408121257478
"Adansi Akrofuom",2002,0.0810707229305433
"Adansi Akrofuom",2003,0.108198638880075
"Adansi Akrofuom",2004,0.126115765016158
"Adansi Akrofuom",2005,0.154384079107517
"Adansi Akrofuom",2006,0.181860304437938
"Adansi Akrofuom",2007,0.208068657697849
"Adansi Akrofuom",2008,0.232980764699287
"Adansi Akrofuom",2009,0.256823764187295
"Adansi Akrofuom",2010,0.279807781976716
"Adansi Akrofuom",2011,0.302164005113456
"Adansi Akrofuom",2012,0.323858755690718
"Adansi Akrofuom",2013,0.342999460846072
"Adansi Akrofuom",2014,0.358462046695391
"Adansi Akrofuom",2015,0.377785507632119
"Adansi Akrofuom",2016,0.394992926672147
"Adansi Akrofuom",2017,0.412467768236889
"Adansi Akrofuom",2018,0.428683953707704
"Adansi Akrofuom",2019,0.442311823958331
"Adansi Akrofuom",2020,0.453554123257746
"Adansi Akrofuom",2021,0.46181534565978
"Adansi Akrofuom",2022,0.471440237119478
"Adansi Akrofuom",2023,0.484754428397849
"Adansi Akrofuom",2024,0.493102435155504
"Adansi Akrofuom",2025,0.505777292321188
"Adansi Asokwa",1970,0
"Adansi Asokwa",1971,0
"Adansi Asokwa",1972,0
"Adansi Asokwa",1973,0
"Adansi Asokwa",1974,0
"Adansi Asokwa",1975,0
"Adansi Asokwa",1976,0
"Adansi Asokwa",1977,0
"Adansi Asokwa",1978,0
"Adansi Asokwa",1979,0
"Adansi Asokwa",1980,0
"Adansi Asokwa",1981,0
"Adansi Asokwa",1982,0
"Adansi Asokwa",1983,0
"Adansi Asokwa",1984,0
"Adansi Asokwa",1985,0
"Adansi Asokwa",1986,0
"Adansi Asokwa",1987,0
"Adansi Asokwa",1988,0
"Adansi Asokwa",1989,0
"Adansi Asokwa",1990,0
"Adansi Asokwa",1991,0
"Adansi Asokwa",1992,0
"Adansi Asokwa",1993,0
"Adansi Asokwa",1994,0
"Adansi Asokwa",1995,0
"Adansi Asokwa",1996,0
"Adansi Asokwa",1997,0
"Adansi Asokwa",1998,0
"Adansi Asokwa",1999,0
"Adansi Asokwa",2000,0.0333459342572245
"Adansi Asokwa",2001,0.065920564527497
"Adansi Asokwa",2002,0.0971920636566917
"Adansi Asokwa",2003,0.127119940456876
"Adansi Asokwa",2004,0.155727635551512
"Adansi Asokwa",2005,0.183038068010939
"Adansi Asokwa",2006,0.209583251911943
"Adansi Asokwa",2007,0.23490352602749
"Adansi Asokwa",2008,0.258971477638823
"Adansi Asokwa",2009,0.282006548815793
"Adansi Asokwa",2010,0.304211745187094
"Adansi Asokwa",2011,0.325810419945362
"Adansi Asokwa",2012,0.346770036371357
"Adansi Asokwa",2013,0.367000299931702
"Adansi Asokwa",2014,0.386446940022386
"Adansi Asokwa",2015,0.404927481237471
"Adansi Asokwa",2016,0.422626799674626
"Adansi Asokwa",2017,0.439303472798325
"Adansi Asokwa",2018,0.454851386988045
"Adansi Asokwa",2019,0.469703177330249
"Adansi Asokwa",2020,0.483912005704406
"Adansi Asokwa",2021,0.497526555173738
"Adansi Asokwa",2022,0.510602859815407
"Adansi Asokwa",2023,0.523142325245174
"Adansi Asokwa",2024,0.535238756702416
"Adansi Asokwa",2025,0.546860004827271
"Adansi North",1970,0
"Adansi North",1971,0
"Adansi North",1972,0
"Adansi North",1973,0
"Adansi North",1974,0
"Adansi North",1975,0
"Adansi North",1976,0
"Adansi North",1977,0
"Adansi North",1978,0
"Adansi North",1979,0
"Adansi North",1980,0.26191485
"Adansi North",1981,0.251582535008228
"Adansi North",1982,0.24166444403397
"Adansi North",1983,0.231837929859814
"Adansi North",1984,0.222329242252652
"Adansi North",1985,0.213434718231857
"Adansi North",1986,0.20494539450948
"Adansi North",1987,0.196851992605747
"Adansi North",1988,0.189159616244797
"Adansi North",1989,0.181886245353685
"Adansi North",1990,0.337015379398074
"Adansi North",1991,0.324343529771473
"Adansi North",1992,0.31230599501474
"Adansi North",1993,0.300903154603337
"Adansi North",1994,0.290104429288196
"Adansi North",1995,0.279949435722104
"Adansi North",1996,0.270340760554076
"Adansi North",1997,0.261276753934146
"Adansi North",1998,0.252569187508398
"Adansi North",1999,0.244175263328876
"Adansi North",2000,0.260070547738662
"Adansi North",2001,0.277319904252334
"Adansi North",2002,0.30151408852257
"Adansi North",2003,0.321334357273542
"Adansi North",2004,0.33226619192666
"Adansi North",2005,0.353865973980613
"Adansi North",2006,0.374860522041893
"Adansi North",2007,0.394886290702081
"Adansi North",2008,0.413921599281035
"Adansi North",2009,0.432140004198608
"Adansi North",2010,0.449702062316796
"Adansi North",2011,0.466784423356882
"Adansi North",2012,0.483361354074054
"Adansi North",2013,0.499361440650738
"Adansi North",2014,0.514741760543675
"Adansi North",2015,0.529357994214743
"Adansi North",2016,0.541186316800536
"Adansi North",2017,0.554438552642252
"Adansi North",2018,0.566793812241129
"Adansi North",2019,0.578595892118014
"Adansi North",2020,0.589887037735134
"Adansi North",2021,0.600705935431815
"Adansi North",2022,0.611097113082425
"Adansi North",2023,0.621061687669437
"Adansi North",2024,0.630674202187497
"Adansi North",2025,0.639909108921192
"Adansi South",1970,0
"Adansi South",1971,0
"Adansi South",1972,0
"Adansi South",1973,0
"Adansi South",1974,0
"Adansi South",1975,0
"Adansi South",1976,0
"Adansi South",1977,0
"Adansi South",1978,0
"Adansi South",1979,0
"Adansi South",1980,0.26191485
"Adansi South",1981,0.251582535008228
"Adansi South",1982,0.24166444403397
"Adansi South",1983,0.231837929859814
"Adansi South",1984,0.222329242252652
"Adansi South",1985,0.213434718231857
"Adansi South",1986,0.20494539450948
"Adansi South",1987,0.196851992605747
"Adansi South",1988,0.189159616244797
"Adansi South",1989,0.181886245353685
"Adansi South",1990,0.337015379398074
"Adansi South",1991,0.324343529771473
"Adansi South",1992,0.31230599501474
"Adansi South",1993,0.300903154603337
"Adansi South",1994,0.290104429288196
"Adansi South",1995,0.279949435722104
"Adansi South",1996,0.270340760554076
"Adansi South",1997,0.261276753934146
"Adansi South",1998,0.252569187508398
"Adansi South",1999,0.244175263328876
"Adansi South",2000,0.269378945307895
"Adansi South",2001,0.293999656654083
"Adansi South",2002,0.317635429248718
"Adansi South",2003,0.340255658850343
"Adansi South",2004,0.361878062462014
"Adansi South",2005,0.382519962884036
"Adansi South",2006,0.402583469515898
"Adansi South",2007,0.421721159031722
"Adansi South",2008,0.439912312220571
"Adansi South",2009,0.457322788827105
"Adansi South",2010,0.474106025527174
"Adansi South",2011,0.490430838188788
"Adansi South",2012,0.506272634754693
"Adansi South",2013,0.519764057029588
"Adansi South",2014,0.529796186146646
"Adansi South",2015,0.543958972592082
"Adansi South",2016,0.557523059505868
"Adansi South",2017,0.570303429805765
"Adansi South",2018,0.582218762034306
"Adansi South",2019,0.593600611326541
"Adansi South",2020,0.604489718932263
"Adansi South",2021,0.614923393706224
"Adansi South",2022,0.624944578041684
"Adansi South",2023,0.634554349149294
"Adansi South",2024,0.643824595809653
"Adansi South",2025,0.652730679971702
"Adentan",1970,0
"Adentan",1971,0
"Adentan",1972,0
"Adentan",1973,0
"Adentan",1974,0
"Adentan",1975,0
"Adentan",1976,0
"Adentan",1977,0
"Adentan",1978,0
"Adentan",1979,0
"Adentan",1980,0
"Adentan",1981,0
"Adentan",1982,0
"Adentan",1983,0
"Adentan",1984,0
"Adentan",1985,0
"Adentan",1986,0
"Adentan",1987,0
"Adentan",1988,0
"Adentan",1989,0
"Adentan",1990,0
"Adentan",1991,0
"Adentan",1992,0
"Adentan",1993,0
"Adentan",1994,0
"Adentan",1995,0
"Adentan",1996,0
"Adentan",1997,0
"Adentan",1998,0
"Adentan",1999,0
"Adentan",2000,0.0250067506726215
"Adentan",2001,0.0535089929286226
"Adentan",2002,0.0786700931631453
"Adentan",2003,0.101983917525184
"Adentan",2004,0.127307475336136
"Adentan",2005,0.152482511660851
"Adentan",2006,0.178291789439385
"Adentan",2007,0.201220336553639
"Adentan",2008,0.225085795431773
"Adentan",2009,0.249174212165582
"Adentan",2010,0.272394805657071
"Adentan",2011,0.294981142572553
"Adentan",2012,0.316899198356765
"Adentan",2013,0.338054549496448
"Adentan",2014,0.358390443706539
"Adentan",2015,0.377367377081706
"Adentan",2016,0.395886419240313
"Adentan",2017,0.409559193046396
"Adentan",2018,0.645229154754675
"Adentan",2019,0.654894376471004
"Adentan",2020,0.664141172540785
"Adentan",2021,0.673001224841355
"Adentan",2022,0.681510999129836
"Adentan",2023,0.689671410150355
"Adentan",2024,0.69754350430983
"Adentan",2025,0.705106359505006
"Afadjato South",1970,0
"Afadjato South",1971,0
"Afadjato South",1972,0
"Afadjato South",1973,0
"Afadjato South",1974,0
"Afadjato South",1975,0
"Afadjato South",1976,0
"Afadjato South",1977,0
"Afadjato South",1978,0
"Afadjato South",1979,0
"Afadjato South",1980,0
"Afadjato South",1981,0
"Afadjato South",1982,0
"Afadjato South",1983,0
"Afadjato South",1984,0
"Afadjato South",1985,0
"Afadjato South",1986,0
"Afadjato South",1987,0
"Afadjato South",1988,0
"Afadjato South",1989,0
"Afadjato South",1990,0
"Afadjato South",1991,0
"Afadjato South",1992,0
"Afadjato South",1993,0
"Afadjato South",1994,0
"Afadjato South",1995,0
"Afadjato South",1996,0
"Afadjato South",1997,0
"Afadjato South",1998,0
"Afadjato South",1999,0
"Afadjato South",2000,0.0302797656985302
"Afadjato South",2001,0.0596960693297327
"Afadjato South",2002,0.0834212394141736
"Afadjato South",2003,0.103689292729659
"Afadjato South",2004,0.122965856298075
"Afadjato South",2005,0.140641072708773
"Afadjato South",2006,0.157383360015753
"Afadjato South",2007,0.17344464328662
"Afadjato South",2008,0.18938727740901
"Afadjato South",2009,0.2015985253088
"Afadjato South",2010,0.216714777740308
"Afadjato South",2011,0.231453195185267
"Afadjato South",2012,0.246155126866595
"Afadjato South",2013,0.259349307543419
"Afadjato South",2014,0.273416154049057
"Afadjato South",2015,0.295301242050739
"Afadjato South",2016,0.316261187815247
"Afadjato South",2017,0.336010093144357
"Afadjato South",2018,1
"Afadjato South",2019,1
"Afadjato South",2020,1
"Afadjato South",2021,1
"Afadjato South",2022,1
"Afadjato South",2023,1
"Afadjato South",2024,1
"Afadjato South",2025,1
"Afigya Kwabre North",1970,0
"Afigya Kwabre North",1971,0
"Afigya Kwabre North",1972,0
"Afigya Kwabre North",1973,0
"Afigya Kwabre North",1974,0
"Afigya Kwabre North",1975,0
"Afigya Kwabre North",1976,0
"Afigya Kwabre North",1977,0
"Afigya Kwabre North",1978,0
"Afigya Kwabre North",1979,0
"Afigya Kwabre North",1980,0.26191485
"Afigya Kwabre North",1981,0.251582535008228
"Afigya Kwabre North",1982,0.24166444403397
"Afigya Kwabre North",1983,0.231837929859814
"Afigya Kwabre North",1984,0.222329242252652
"Afigya Kwabre North",1985,0.213434718231857
"Afigya Kwabre North",1986,0.20494539450948
"Afigya Kwabre North",1987,0.196851992605747
"Afigya Kwabre North",1988,0.189159616244797
"Afigya Kwabre North",1989,0.181886245353685
"Afigya Kwabre North",1990,0.337015379398074
"Afigya Kwabre North",1991,0.324343529771473
"Afigya Kwabre North",1992,0.31230599501474
"Afigya Kwabre North",1993,0.300903154603337
"Afigya Kwabre North",1994,0.290104429288196
"Afigya Kwabre North",1995,0.279949435722104
"Afigya Kwabre North",1996,0.270340760554076
"Afigya Kwabre North",1997,0.261276753934146
"Afigya Kwabre North",1998,0.252569187508398
"Afigya Kwabre North",1999,0.244175263328876
"Afigya Kwabre North",2000,0.255779380971685
"Afigya Kwabre North",2001,0.265879821882435
"Afigya Kwabre North",2002,0.274134067325849
"Afigya Kwabre North",2003,0.284810003173034
"Afigya Kwabre North",2004,0.292946348807594
"Afigya Kwabre North",2005,0.305258243035751
"Afigya Kwabre North",2006,0.318178364866478
"Afigya Kwabre North",2007,0.328946329041085
"Afigya Kwabre North",2008,0.338972036610202
"Afigya Kwabre North",2009,0.354079555899425
"Afigya Kwabre North",2010,0.372141564439025
"Afigya Kwabre North",2011,0.39010707235422
"Afigya Kwabre North",2012,0.40906779527632
"Afigya Kwabre North",2013,0.426368257760443
"Afigya Kwabre North",2014,0.443991030780274
"Afigya Kwabre North",2015,0.45504508025476
"Afigya Kwabre North",2016,0.469768817259699
"Afigya Kwabre North",2017,0.485083854586629
"Afigya Kwabre North",2018,0.499362295160792
"Afigya Kwabre North",2019,0.513001449791661
"Afigya Kwabre North",2020,0.526050139737675
"Afigya Kwabre North",2021,0.538553073132457
"Afigya Kwabre North",2022,0.550561708919704
"Afigya Kwabre North",2023,0.562077337947878
"Afigya Kwabre North",2024,0.57318610634048
"Afigya Kwabre North",2025,0.583858489704806
"Afigya Kwabre South",1970,0
"Afigya Kwabre South",1971,0
"Afigya Kwabre South",1972,0
"Afigya Kwabre South",1973,0
"Afigya Kwabre South",1974,0
"Afigya Kwabre South",1975,0
"Afigya Kwabre South",1976,0
"Afigya Kwabre South",1977,0
"Afigya Kwabre South",1978,0
"Afigya Kwabre South",1979,0
"Afigya Kwabre South",1980,0.26191485
"Afigya Kwabre South",1981,0.251582535008228
"Afigya Kwabre South",1982,0.24166444403397
"Afigya Kwabre South",1983,0.231837929859814
"Afigya Kwabre South",1984,0.222329242252652
"Afigya Kwabre South",1985,0.213434718231857
"Afigya Kwabre South",1986,0.20494539450948
"Afigya Kwabre South",1987,0.196851992605747
"Afigya Kwabre South",1988,0.189159616244797
"Afigya Kwabre South",1989,0.181886245353685
"Afigya Kwabre South",1990,0.337015379398074
"Afigya Kwabre South",1991,0.324343529771473
"Afigya Kwabre South",1992,0.31230599501474
"Afigya Kwabre South",1993,0.300903154603337
"Afigya Kwabre South",1994,0.290104429288196
"Afigya Kwabre South",1995,0.279949435722104
"Afigya Kwabre South",1996,0.270340760554076
"Afigya Kwabre South",1997,0.261276753934146
"Afigya Kwabre South",1998,0.252569187508398
"Afigya Kwabre South",1999,0.244175263328876
"Afigya Kwabre South",2000,0.255779380971685
"Afigya Kwabre South",2001,0.265879821882434
"Afigya Kwabre South",2002,0.274134067325849
"Afigya Kwabre South",2003,0.284810003173034
"Afigya Kwabre South",2004,0.292946348807594
"Afigya Kwabre South",2005,0.305258243035751
"Afigya Kwabre South",2006,0.318178364866478
"Afigya Kwabre South",2007,0.328946329041085
"Afigya Kwabre South",2008,0.338972036610202
"Afigya Kwabre South",2009,0.354079555899425
"Afigya Kwabre South",2010,0.372141564439025
"Afigya Kwabre South",2011,0.39010707235422
"Afigya Kwabre South",2012,0.40906779527632
"Afigya Kwabre South",2013,0.426368257760443
"Afigya Kwabre South",2014,0.443991030780274
"Afigya Kwabre South",2015,0.45504508025476
"Afigya Kwabre South",2016,0.461691988723026
"Afigya Kwabre South",2017,0.472723477707551
"Afigya Kwabre South",2018,0.485924792291923
"Afigya Kwabre South",2019,0.499930032372828
"Afigya Kwabre South",2020,0.513328959240451
"Afigya Kwabre South",2021,0.526167481029271
"Afigya Kwabre South",2022,0.538498437880798
"Afigya Kwabre South",2023,0.546684912085235
"Afigya Kwabre South",2024,0.5581841395902
"Afigya Kwabre South",2025,0.569231643686902
"Afram Plains South",1970,0
"Afram Plains South",1971,0
"Afram Plains South",1972,0
"Afram Plains South",1973,0
"Afram Plains South",1974,0
"Afram Plains South",1975,0
"Afram Plains South",1976,0
"Afram Plains South",1977,0
"Afram Plains South",1978,0
"Afram Plains South",1979,0
"Afram Plains South",1980,0
"Afram Plains South",1981,0
"Afram Plains South",1982,0
"Afram Plains South",1983,0
"Afram Plains South",1984,0
"Afram Plains South",1985,0
"Afram Plains South",1986,0
"Afram Plains South",1987,0
"Afram Plains South",1988,0
"Afram Plains South",1989,0
"Afram Plains South",1990,0
"Afram Plains South",1991,0
"Afram Plains South",1992,0
"Afram Plains South",1993,0
"Afram Plains South",1994,0
"Afram Plains South",1995,0
"Afram Plains South",1996,0
"Afram Plains South",1997,0
"Afram Plains South",1998,0
"Afram Plains South",1999,0
"Afram Plains South",2000,0.0213429598148384
"Afram Plains South",2001,0.0504523713449953
"Afram Plains South",2002,0.0745000496482565
"Afram Plains South",2003,0.100931427481357
"Afram Plains South",2004,0.128528230763239
"Afram Plains South",2005,0.154138632519443
"Afram Plains South",2006,0.178174044638085
"Afram Plains South",2007,0.204500483842934
"Afram Plains South",2008,0.228682039357641
"Afram Plains South",2009,0.2504847243486
"Afram Plains South",2010,0.270253052847843
"Afram Plains South",2011,0.286311252582547
"Afram Plains South",2012,0.302346226883612
"Afram Plains South",2013,0.313805039580068
"Afram Plains South",2014,0.325491126141796
"Afram Plains South",2015,0.345807688565479
"Afram Plains South",2016,0.36526541459742
"Afram Plains South",2017,0.383598896641789
"Afram Plains South",2018,0.400691478807927
"Afram Plains South",2019,0.417018777996791
"Afram Plains South",2020,0.831862362910995
"Afram Plains South",2021,0.836297882053287
"Afram Plains South",2022,0.840558045026671
"Afram Plains South",2023,0.844643309770328
"Afram Plains South",2024,0.848584237334833
"Afram Plains South",2025,0.852370353697422
"Agona East",1970,0
"Agona East",1971,0
"Agona East",1972,0
"Agona East",1973,0
"Agona East",1974,0
"Agona East",1975,0
"Agona East",1976,0
"Agona East",1977,0
"Agona East",1978,0
"Agona East",1979,0
"Agona East",1980,0.26191485
"Agona East",1981,0.251582535008228
"Agona East",1982,0.24166444403397
"Agona East",1983,0.231837929859814
"Agona East",1984,0.222329242252652
"Agona East",1985,0.213434718231857
"Agona East",1986,0.20494539450948
"Agona East",1987,0.196851992605747
"Agona East",1988,0.189159616244797
"Agona East",1989,0.181886245353685
"Agona East",1990,0.337015379398074
"Agona East",1991,0.324343529771473
"Agona East",1992,0.31230599501474
"Agona East",1993,0.300903154603337
"Agona East",1994,0.290104429288196
"Agona East",1995,0.279949435722104
"Agona East",1996,0.270340760554076
"Agona East",1997,0.261276753934146
"Agona East",1998,0.252569187508398
"Agona East",1999,0.244175263328876
"Agona East",2000,0.254825370865704
"Agona East",2001,0.269113558608512
"Agona East",2002,0.283172112939542
"Agona East",2003,0.299504240429719
"Agona East",2004,0.313830602436008
"Agona East",2005,0.328685222473338
"Agona East",2006,0.347475750550129
"Agona East",2007,0.36837876519788
"Agona East",2008,0.388247931810264
"Agona East",2009,0.407264409595098
"Agona East",2010,0.42559578874555
"Agona East",2011,0.443426457275591
"Agona East",2012,0.460729554673529
"Agona East",2013,0.477430538778204
"Agona East",2014,0.493484606787504
"Agona East",2015,0.508741117122046
"Agona East",2016,0.523352693239222
"Agona East",2017,0.533548562443008
"Agona East",2018,0.546483093999683
"Agona East",2019,0.558838510199584
"Agona East",2020,0.784794352802183
"Agona East",2021,0.79047153956537
"Agona East",2022,0.795924281412634
"Agona East",2023,0.801153164477451
"Agona East",2024,0.806197304990917
"Agona East",2025,0.811043296859744
"Agona West",1970,0
"Agona West",1971,0
"Agona West",1972,0
"Agona West",1973,0
"Agona West",1974,0
"Agona West",1975,0
"Agona West",1976,0
"Agona West",1977,0
"Agona West",1978,0
"Agona West",1979,0
"Agona West",1980,0.26191485
"Agona West",1981,0.251582535008228
"Agona West",1982,0.24166444403397
"Agona West",1983,0.231837929859814
"Agona West",1984,0.222329242252652
"Agona West",1985,0.213434718231857
"Agona West",1986,0.20494539450948
"Agona West",1987,0.196851992605747
"Agona West",1988,0.189159616244797
"Agona West",1989,0.181886245353685
"Agona West",1990,0.337015379398074
"Agona West",1991,0.324343529771473
"Agona West",1992,0.31230599501474
"Agona West",1993,0.300903154603337
"Agona West",1994,0.290104429288196
"Agona West",1995,0.279949435722104
"Agona West",1996,0.270340760554076
"Agona West",1997,0.261276753934146
"Agona West",1998,0.252569187508398
"Agona West",1999,0.244175263328876
"Agona West",2000,0.254825370865704
"Agona West",2001,0.269113558608512
"Agona West",2002,0.283172112939542
"Agona West",2003,0.299504240429719
"Agona West",2004,0.313830602436008
"Agona West",2005,0.328685222473338
"Agona West",2006,0.347475750550129
"Agona West",2007,0.36837876519788
"Agona West",2008,0.388247931810264
"Agona West",2009,0.407264409595098
"Agona West",2010,0.42559578874555
"Agona West",2011,0.443426457275591
"Agona West",2012,0.460729554673529
"Agona West",2013,0.477430538778204
"Agona West",2014,0.493484606787504
"Agona West",2015,0.508741117122046
"Agona West",2016,0.523352693239222
"Agona West",2017,0.537120030077269
"Agona West",2018,0.549955526113631
"Agona West",2019,0.562216340892006
"Agona West",2020,0.786442112765584
"Agona West",2021,0.792075831147829
"Agona West",2022,0.797486823116204
"Agona West",2023,0.802675670316351
"Agona West",2024,0.807681189479048
"Agona West",2025,0.812490077157124
"Agortime-Ziope",1970,0
"Agortime-Ziope",1971,0
"Agortime-Ziope",1972,0
"Agortime-Ziope",1973,0
"Agortime-Ziope",1974,0
"Agortime-Ziope",1975,0
"Agortime-Ziope",1976,0
"Agortime-Ziope",1977,0
"Agortime-Ziope",1978,0
"Agortime-Ziope",1979,0
"Agortime-Ziope",1980,0
"Agortime-Ziope",1981,0
"Agortime-Ziope",1982,0
"Agortime-Ziope",1983,0
"Agortime-Ziope",1984,0
"Agortime-Ziope",1985,0
"Agortime-Ziope",1986,0
"Agortime-Ziope",1987,0
"Agortime-Ziope",1988,0
"Agortime-Ziope",1989,0
"Agortime-Ziope",1990,0
"Agortime-Ziope",1991,0
"Agortime-Ziope",1992,0
"Agortime-Ziope",1993,0
"Agortime-Ziope",1994,0
"Agortime-Ziope",1995,0
"Agortime-Ziope",1996,0
"Agortime-Ziope",1997,0
"Agortime-Ziope",1998,0
"Agortime-Ziope",1999,0
"Agortime-Ziope",2000,0.0286333827886787
"Agortime-Ziope",2001,0.0492437132745678
"Agortime-Ziope",2002,0.0720098466863265
"Agortime-Ziope",2003,0.0941734558398298
"Agortime-Ziope",2004,0.117375042196636
"Agortime-Ziope",2005,0.134547096962285
"Agortime-Ziope",2006,0.150384497324052
"Agortime-Ziope",2007,0.16322761486653
"Agortime-Ziope",2008,0.178095508717273
"Agortime-Ziope",2009,0.190479267293649
"Agortime-Ziope",2010,0.203087742392438
"Agortime-Ziope",2011,0.215645670333536
"Agortime-Ziope",2012,0.226768327958339
"Agortime-Ziope",2013,0.250714995119342
"Agortime-Ziope",2014,0.273734083143694
"Agortime-Ziope",2015,0.295609594953649
"Agortime-Ziope",2016,0.316560369338119
"Agortime-Ziope",2017,0.33630063319849
"Agortime-Ziope",2018,0.354704779295671
"Agortime-Ziope",2019,0.372284920009551
"Agortime-Ziope",2020,0.835281498499449
"Agortime-Ziope",2021,0.839626819863211
"Agortime-Ziope",2022,0.843800350984934
"Agortime-Ziope",2023,0.847802540491451
"Agortime-Ziope",2024,0.851663327964061
"Agortime-Ziope",2025,0.855372452372787
"Ahafo Ano North",1970,0
"Ahafo Ano North",1971,0
"Ahafo Ano North",1972,0
"Ahafo Ano North",1973,0
"Ahafo Ano North",1974,0
"Ahafo Ano North",1975,0
"Ahafo Ano North",1976,0
"Ahafo Ano North",1977,0
"Ahafo Ano North",1978,0
"Ahafo Ano North",1979,0
"Ahafo Ano North",1980,0.26191485
"Ahafo Ano North",1981,0.251582535008228
"Ahafo Ano North",1982,0.24166444403397
"Ahafo Ano North",1983,0.231837929859814
"Ahafo Ano North",1984,0.222329242252652
"Ahafo Ano North",1985,0.213434718231857
"Ahafo Ano North",1986,0.20494539450948
"Ahafo Ano North",1987,0.196851992605747
"Ahafo Ano North",1988,0.189159616244797
"Ahafo Ano North",1989,0.181886245353685
"Ahafo Ano North",1990,0.337015379398075
"Ahafo Ano North",1991,0.324343529771473
"Ahafo Ano North",1992,0.31230599501474
"Ahafo Ano North",1993,0.300903154603337
"Ahafo Ano North",1994,0.290104429288196
"Ahafo Ano North",1995,0.279949435722104
"Ahafo Ano North",1996,0.270340760554076
"Ahafo Ano North",1997,0.261276753934146
"Ahafo Ano North",1998,0.252569187508399
"Ahafo Ano North",1999,0.244175263328876
"Ahafo Ano North",2000,0.263215857737043
"Ahafo Ano North",2001,0.281624692125292
"Ahafo Ano North",2002,0.294927873727866
"Ahafo Ano North",2003,0.315769590326153
"Ahafo Ano North",2004,0.334144344264143
"Ahafo Ano North",2005,0.352781505185966
"Ahafo Ano North",2006,0.367569008503528
"Ahafo Ano North",2007,0.382386534608628
"Ahafo Ano North",2008,0.401815053109526
"Ahafo Ano North",2009,0.42040979327514
"Ahafo Ano North",2010,0.43833462856992
"Ahafo Ano North",2011,0.455769857745731
"Ahafo Ano North",2012,0.472689215989431
"Ahafo Ano North",2013,0.489019814297396
"Ahafo Ano North",2014,0.503453501727212
"Ahafo Ano North",2015,0.518409743697337
"Ahafo Ano North",2016,0.532733744611138
"Ahafo Ano North",2017,0.546230121994888
"Ahafo Ano North",2018,0.919274779001002
"Ahafo Ano North",2019,0.921474021609327
"Ahafo Ano North",2020,0.923578054864229
"Ahafo Ano North",2021,0.925594087719273
"Ahafo Ano North",2022,0.927530417660968
"Ahafo Ano North",2023,0.929387252831904
"Ahafo Ano North",2024,0.931178483845572
"Ahafo Ano North",2025,0.932899350047505
"Ahafo Ano South East",1970,0
"Ahafo Ano South East",1971,0
"Ahafo Ano South East",1972,0
"Ahafo Ano South East",1973,0
"Ahafo Ano South East",1974,0
"Ahafo Ano South East",1975,0
"Ahafo Ano South East",1976,0
"Ahafo Ano South East",1977,0
"Ahafo Ano South East",1978,0
"Ahafo Ano South East",1979,0
"Ahafo Ano South East",1980,0
"Ahafo Ano South East",1981,0
"Ahafo Ano South East",1982,0
"Ahafo Ano South East",1983,0
"Ahafo Ano South East",1984,0
"Ahafo Ano South East",1985,0
"Ahafo Ano South East",1986,0
"Ahafo Ano South East",1987,0
"Ahafo Ano South East",1988,0
"Ahafo Ano South East",1989,0
"Ahafo Ano South East",1990,0
"Ahafo Ano South East",1991,0
"Ahafo Ano South East",1992,0
"Ahafo Ano South East",1993,0
"Ahafo Ano South East",1994,0
"Ahafo Ano South East",1995,0
"Ahafo Ano South East",1996,0
"Ahafo Ano South East",1997,0
"Ahafo Ano South East",1998,0
"Ahafo Ano South East",1999,0
"Ahafo Ano South East",2000,0.0169792314946145
"Ahafo Ano South East",2001,0.0403583459986134
"Ahafo Ano South East",2002,0.068789796899249
"Ahafo Ano South East",2003,0.0996592023525878
"Ahafo Ano South East",2004,0.126267625768715
"Ahafo Ano South East",2005,0.154531027484637
"Ahafo Ano South East",2006,0.182002478086222
"Ahafo Ano South East",2007,0.20820627694397
"Ahafo Ano South East",2008,0.233114054800694
"Ahafo Ano South East",2009,0.256952910930005
"Ahafo Ano South East",2010,0.279932934631766
"Ahafo Ano South East",2011,0.302285272776955
"Ahafo Ano South East",2012,0.32397625331121
"Ahafo Ano South East",2013,0.344912430966927
"Ahafo Ano South East",2014,0.365037641423571
"Ahafo Ano South East",2015,0.384163041984897
"Ahafo Ano South East",2016,0.402479959808535
"Ahafo Ano South East",2017,0.41973854816961
"Ahafo Ano South East",2018,0.435828990722711
"Ahafo Ano South East",2019,0.451199018907579
"Ahafo Ano South East",2020,0.465903649632413
"Ahafo Ano South East",2021,0.479993264705506
"Ahafo Ano South East",2022,0.493525853455109
"Ahafo Ano South East",2023,0.506502870544492
"Ahafo Ano South East",2024,0.519021394449708
"Ahafo Ano South East",2025,0.53104815399228
"Ahafo Ano South West",1970,0
"Ahafo Ano South West",1971,0
"Ahafo Ano South West",1972,0
"Ahafo Ano South West",1973,0
"Ahafo Ano South West",1974,0
"Ahafo Ano South West",1975,0
"Ahafo Ano South West",1976,0
"Ahafo Ano South West",1977,0
"Ahafo Ano South West",1978,0
"Ahafo Ano South West",1979,0
"Ahafo Ano South West",1980,0
"Ahafo Ano South West",1981,0
"Ahafo Ano South West",1982,0
"Ahafo Ano South West",1983,0
"Ahafo Ano South West",1984,0
"Ahafo Ano South West",1985,0
"Ahafo Ano South West",1986,0
"Ahafo Ano South West",1987,0
"Ahafo Ano South West",1988,0
"Ahafo Ano South West",1989,0
"Ahafo Ano South West",1990,0
"Ahafo Ano South West",1991,0
"Ahafo Ano South West",1992,0
"Ahafo Ano South West",1993,0
"Ahafo Ano South West",1994,0
"Ahafo Ano South West",1995,0
"Ahafo Ano South West",1996,0
"Ahafo Ano South West",1997,0
"Ahafo Ano South West",1998,0
"Ahafo Ano South West",1999,0
"Ahafo Ano South West",2000,0.0222350753984826
"Ahafo Ano South West",2001,0.0454370767262231
"Ahafo Ano South West",2002,0.0736984997710956
"Ahafo Ano South West",2003,0.10440518284586
"Ahafo Ano South West",2004,0.130858061910399
"Ahafo Ano South West",2005,0.158972972687276
"Ahafo Ano South West",2006,0.186300093121609
"Ahafo Ano South West",2007,0.212366221831296
"Ahafo Ano South West",2008,0.237143138606235
"Ahafo Ano South West",2009,0.260856749580416
"Ahafo Ano South West",2010,0.283716040281492
"Ahafo Ano South West",2011,0.305950943175454
"Ahafo Ano South West",2012,0.32752796311499
"Ahafo Ano South West",2013,0.348354145777486
"Ahafo Ano South West",2014,0.368373621919867
"Ahafo Ano South West",2015,0.387398540992181
"Ahafo Ano South West",2016,0.40561922495284
"Ahafo Ano South West",2017,0.422787139727696
"Ahafo Ano South West",2018,0.438793045927092
"Ahafo Ano South West",2019,0.454082322688573
"Ahafo Ano South West",2020,0.468709697871184
"Ahafo Ano South West",2021,0.482725288586062
"Ahafo Ano South West",2022,0.496186779495733
"Ahafo Ano South West",2023,0.509095617620921
"Ahafo Ano South West",2024,0.52154837140445
"Ahafo Ano South West",2025,0.53351194446876
"Ahanta West",1970,0
"Ahanta West",1971,0
"Ahanta West",1972,0
"Ahanta West",1973,0
"Ahanta West",1974,0
"Ahanta West",1975,0
"Ahanta West",1976,0
"Ahanta West",1977,0
"Ahanta West",1978,0
"Ahanta West",1979,0
"Ahanta West",1980,0.26191485
"Ahanta West",1981,0.251582535008228
"Ahanta West",1982,0.24166444403397
"Ahanta West",1983,0.231837929859814
"Ahanta West",1984,0.222329242252652
"Ahanta West",1985,0.213434718231857
"Ahanta West",1986,0.20494539450948
"Ahanta West",1987,0.196851992605747
"Ahanta West",1988,0.189159616244797
"Ahanta West",1989,0.181886245353685
"Ahanta West",1990,0.337015379398074
"Ahanta West",1991,0.324343529771473
"Ahanta West",1992,0.31230599501474
"Ahanta West",1993,0.300903154603337
"Ahanta West",1994,0.290104429288196
"Ahanta West",1995,0.279949435722104
"Ahanta West",1996,0.270340760554076
"Ahanta West",1997,0.261276753934146
"Ahanta West",1998,0.252569187508398
"Ahanta West",1999,0.244175263328876
"Ahanta West",2000,0.258156147549137
"Ahanta West",2001,0.272702902406889
"Ahanta West",2002,0.282807145938077
"Ahanta West",2003,0.298638305296672
"Ahanta West",2004,0.309070481948859
"Ahanta West",2005,0.324167375528478
"Ahanta West",2006,0.342205258992771
"Ahanta West",2007,0.359950336753148
"Ahanta West",2008,0.380084639874284
"Ahanta West",2009,0.399354875787327
"Ahanta West",2010,0.4179308710288
"Ahanta West",2011,0.435999474108134
"Ahanta West",2012,0.453533466083796
"Ahanta West",2013,0.470457310095211
"Ahanta West",2014,0.486725605486378
"Ahanta West",2015,0.502185700498866
"Ahanta West",2016,0.515430500343418
"Ahanta West",2017,0.528179295942568
"Ahanta West",2018,0.541262715339207
"Ahanta West",2019,0.553760353251723
"Ahanta West",2020,0.56571694488746
"Ahanta West",2021,0.577173456573209
"Ahanta West",2022,0.588177040442889
"Ahanta West",2023,0.598728879308565
"Ahanta West",2024,0.608907909371802
"Ahanta West",2025,0.618687077257254
"Ajumako-Enyan-Essiam",1970,0
"Ajumako-Enyan-Essiam",1971,0
"Ajumako-Enyan-Essiam",1972,0
"Ajumako-Enyan-Essiam",1973,0
"Ajumako-Enyan-Essiam",1974,0
"Ajumako-Enyan-Essiam",1975,0
"Ajumako-Enyan-Essiam",1976,0
"Ajumako-Enyan-Essiam",1977,0
"Ajumako-Enyan-Essiam",1978,0
"Ajumako-Enyan-Essiam",1979,0
"Ajumako-Enyan-Essiam",1980,0.26191485
"Ajumako-Enyan-Essiam",1981,0.251582535008228
"Ajumako-Enyan-Essiam",1982,0.24166444403397
"Ajumako-Enyan-Essiam",1983,0.231837929859814
"Ajumako-Enyan-Essiam",1984,0.222329242252652
"Ajumako-Enyan-Essiam",1985,0.213434718231857
"Ajumako-Enyan-Essiam",1986,0.20494539450948
"Ajumako-Enyan-Essiam",1987,0.196851992605747
"Ajumako-Enyan-Essiam",1988,0.189159616244797
"Ajumako-Enyan-Essiam",1989,0.181886245353685
"Ajumako-Enyan-Essiam",1990,0.337015379398074
"Ajumako-Enyan-Essiam",1991,0.324343529771473
"Ajumako-Enyan-Essiam",1992,0.31230599501474
"Ajumako-Enyan-Essiam",1993,0.300903154603337
"Ajumako-Enyan-Essiam",1994,0.290104429288196
"Ajumako-Enyan-Essiam",1995,0.279949435722104
"Ajumako-Enyan-Essiam",1996,0.270340760554076
"Ajumako-Enyan-Essiam",1997,0.261276753934146
"Ajumako-Enyan-Essiam",1998,0.252569187508398
"Ajumako-Enyan-Essiam",1999,0.244175263328876
"Ajumako-Enyan-Essiam",2000,0.266989672471183
"Ajumako-Enyan-Essiam",2001,0.291690898328228
"Ajumako-Enyan-Essiam",2002,0.312496399924739
"Ajumako-Enyan-Essiam",2003,0.335286987174197
"Ajumako-Enyan-Essiam",2004,0.357072233598902
"Ajumako-Enyan-Essiam",2005,0.373453128394201
"Ajumako-Enyan-Essiam",2006,0.393811239682057
"Ajumako-Enyan-Essiam",2007,0.41032074222297
"Ajumako-Enyan-Essiam",2008,0.426687761689734
"Ajumako-Enyan-Essiam",2009,0.443306959549857
"Ajumako-Enyan-Essiam",2010,0.457430731061987
"Ajumako-Enyan-Essiam",2011,0.473707399392406
"Ajumako-Enyan-Essiam",2012,0.487420220693599
"Ajumako-Enyan-Essiam",2013,0.50329460583887
"Ajumako-Enyan-Essiam",2014,0.518554093371503
"Ajumako-Enyan-Essiam",2015,0.533055497570525
"Ajumako-Enyan-Essiam",2016,0.546943887943793
"Ajumako-Enyan-Essiam",2017,0.56002982383967
"Ajumako-Enyan-Essiam",2018,0.951837250531625
"Ajumako-Enyan-Essiam",2019,0.95314937540975
"Ajumako-Enyan-Essiam",2020,0.954404695931328
"Ajumako-Enyan-Essiam",2021,0.955607513144039
"Ajumako-Enyan-Essiam",2022,0.956762777542401
"Ajumako-Enyan-Essiam",2023,0.95787061330965
"Ajumako-Enyan-Essiam",2024,0.958939307944161
"Ajumako-Enyan-Essiam",2025,0.959966021116656
"Akatsi North",1970,0
"Akatsi North",1971,0
"Akatsi North",1972,0
"Akatsi North",1973,0
"Akatsi North",1974,0
"Akatsi North",1975,0
"Akatsi North",1976,0
"Akatsi North",1977,0
"Akatsi North",1978,0
"Akatsi North",1979,0
"Akatsi North",1980,0.971988664
"Akatsi North",1981,0.933644549319678
"Akatsi North",1982,0.896837655798749
"Akatsi North",1983,0.8603706117044
"Akatsi North",1984,0.825083049492182
"Akatsi North",1985,0.79207470147416
"Akatsi North",1986,0.760570086813414
"Akatsi North",1987,0.730534772268919
"Akatsi North",1988,0.701987698202423
"Akatsi North",1989,0.674995589678493
"Akatsi North",1990,0.887797469340292
"Akatsi North",1991,0.854416096506653
"Akatsi North",1992,0.822705695298226
"Akatsi North",1993,0.792667265364804
"Akatsi North",1994,0.764220251985159
"Akatsi North",1995,0.737469017055625
"Akatsi North",1996,0.712156945205599
"Akatsi North",1997,0.688279690245811
"Akatsi North",1998,0.665341403421339
"Akatsi North",1999,0.643229342370226
"Akatsi North",2000,0.647888297006332
"Akatsi North",2001,0.659753874305737
"Akatsi North",2002,0.656995638089313
"Akatsi North",2003,0.663233429562284
"Akatsi North",2004,0.670205884684855
"Akatsi North",2005,0.675795588158734
"Akatsi North",2006,0.682580064690336
"Akatsi North",2007,0.69274832060245
"Akatsi North",2008,0.702255924556874
"Akatsi North",2009,0.707606555039307
"Akatsi North",2010,0.709560198775554
"Akatsi North",2011,0.714768833787506
"Akatsi North",2012,0.723636274064569
"Akatsi North",2013,0.732195145098494
"Akatsi North",2014,0.736246798042946
"Akatsi North",2015,0.744191183357487
"Akatsi North",2016,0.751799737881569
"Akatsi North",2017,0.758968679284171
"Akatsi North",2018,0.937023543396165
"Akatsi North",2019,0.93504735518425
"Akatsi North",2020,0.981848080903927
"Akatsi North",2021,0.978885321069048
"Akatsi North",2022,0.975287706123007
"Akatsi North",2023,0.974717186625645
"Akatsi North",2024,0.972285206333171
"Akatsi North",2025,0.97270652957774
"Akatsi South",1970,0
"Akatsi South",1971,0
"Akatsi South",1972,0
"Akatsi South",1973,0
"Akatsi South",1974,0
"Akatsi South",1975,0
"Akatsi South",1976,0
"Akatsi South",1977,0
"Akatsi South",1978,0
"Akatsi South",1979,0
"Akatsi South",1980,0.971988664
"Akatsi South",1981,0.933644549319678
"Akatsi South",1982,0.896837655798749
"Akatsi South",1983,0.8603706117044
"Akatsi South",1984,0.825083049492182
"Akatsi South",1985,0.79207470147416
"Akatsi South",1986,0.760570086813414
"Akatsi South",1987,0.730534772268919
"Akatsi South",1988,0.701987698202422
"Akatsi South",1989,0.674995589678493
"Akatsi South",1990,0.887797469340293
"Akatsi South",1991,0.854416096506653
"Akatsi South",1992,0.822705695298226
"Akatsi South",1993,0.792667265364804
"Akatsi South",1994,0.764220251985159
"Akatsi South",1995,0.737469017055625
"Akatsi South",1996,0.712156945205599
"Akatsi South",1997,0.68827969024581
"Akatsi South",1998,0.665341403421339
"Akatsi South",1999,0.643229342370226
"Akatsi South",2000,0.647888297006332
"Akatsi South",2001,0.659753874305737
"Akatsi South",2002,0.656995638089312
"Akatsi South",2003,0.663233429562284
"Akatsi South",2004,0.670205884684854
"Akatsi South",2005,0.675795588158734
"Akatsi South",2006,0.682580064690336
"Akatsi South",2007,0.692748320602449
"Akatsi South",2008,0.702255924556874
"Akatsi South",2009,0.707606555039307
"Akatsi South",2010,0.709560198775554
"Akatsi South",2011,0.714768833787506
"Akatsi South",2012,0.723636274064569
"Akatsi South",2013,0.732195145098494
"Akatsi South",2014,0.737557843398026
"Akatsi South",2015,0.745462739336179
"Akatsi South",2016,0.753033473807297
"Akatsi South",2017,0.760166780354068
"Akatsi South",2018,0.93733443180426
"Akatsi South",2019,0.939041665131657
"Akatsi South",2020,0.940674989113797
"Akatsi South",2021,0.942239999934444
"Akatsi South",2022,0.943743138786331
"Akatsi South",2023,0.945184567246886
"Akatsi South",2024,0.946575068354869
"Akatsi South",2025,0.947910946498013
"Akwapim North",1970,0
"Akwapim North",1971,0
"Akwapim North",1972,0
"Akwapim North",1973,0
"Akwapim North",1974,0
"Akwapim North",1975,0
"Akwapim North",1976,0
"Akwapim North",1977,0
"Akwapim North",1978,0
"Akwapim North",1979,0
"Akwapim North",1980,0.971988664
"Akwapim North",1981,0.933644549319678
"Akwapim North",1982,0.896837655798749
"Akwapim North",1983,0.8603706117044
"Akwapim North",1984,0.825083049492181
"Akwapim North",1985,0.79207470147416
"Akwapim North",1986,0.760570086813414
"Akwapim North",1987,0.730534772268918
"Akwapim North",1988,0.701987698202423
"Akwapim North",1989,0.674995589678493
"Akwapim North",1990,0.887797469340292
"Akwapim North",1991,0.854416096506653
"Akwapim North",1992,0.822705695298226
"Akwapim North",1993,0.792667265364804
"Akwapim North",1994,0.764220251985159
"Akwapim North",1995,0.737469017055625
"Akwapim North",1996,0.712156945205599
"Akwapim North",1997,0.688279690245811
"Akwapim North",1998,0.665341403421339
"Akwapim North",1999,0.643229342370226
"Akwapim North",2000,0.652110246117005
"Akwapim North",2001,0.663833550770824
"Akwapim North",2002,0.673965497444021
"Akwapim North",2003,0.682580367791488
"Akwapim North",2004,0.68773400104643
"Akwapim North",2005,0.692329928345201
"Akwapim North",2006,0.697348737696289
"Akwapim North",2007,0.702194985488995
"Akwapim North",2008,0.707571274867387
"Akwapim North",2009,0.715962747453528
"Akwapim North",2010,0.724747093549104
"Akwapim North",2011,0.733291500502768
"Akwapim North",2012,0.740522812320348
"Akwapim North",2013,0.747076858572338
"Akwapim North",2014,0.747717787643323
"Akwapim North",2015,0.755316660711384
"Akwapim North",2016,0.762594308732068
"Akwapim North",2017,0.769451463010704
"Akwapim North",2018,0.775844491495409
"Akwapim North",2019,0.781951286114158
"Akwapim North",2020,0.93711256188135
"Akwapim North",2021,0.938771550555238
"Akwapim North",2022,0.940364951890016
"Akwapim North",2023,0.941892937165728
"Akwapim North",2024,0.943366936935403
"Akwapim North",2025,0.944783033667726
"Akwapim South",1970,0
"Akwapim South",1971,0
"Akwapim South",1972,0
"Akwapim South",1973,0
"Akwapim South",1974,0
"Akwapim South",1975,0
"Akwapim South",1976,0
"Akwapim South",1977,0
"Akwapim South",1978,0
"Akwapim South",1979,0
"Akwapim South",1980,0
"Akwapim South",1981,0
"Akwapim South",1982,0
"Akwapim South",1983,0
"Akwapim South",1984,0
"Akwapim South",1985,0
"Akwapim South",1986,0
"Akwapim South",1987,0
"Akwapim South",1988,0
"Akwapim South",1989,0
"Akwapim South",1990,0
"Akwapim South",1991,0
"Akwapim South",1992,0
"Akwapim South",1993,0
"Akwapim South",1994,0
"Akwapim South",1995,0
"Akwapim South",1996,0
"Akwapim South",1997,0
"Akwapim South",1998,0
"Akwapim South",1999,0
"Akwapim South",2000,0.0313962523019204
"Akwapim South",2001,0.0626737756171495
"Akwapim South",2002,0.094053972093408
"Akwapim South",2003,0.124085875911868
"Akwapim South",2004,0.152793009173813
"Akwapim South",2005,0.180198370614522
"Akwapim South",2006,0.206835823551156
"Akwapim South",2007,0.232244109009297
"Akwapim South",2008,0.256395718985667
"Akwapim South",2009,0.279510858314024
"Akwapim South",2010,0.30179323825515
"Akwapim South",2011,0.323466988360353
"Akwapim South",2012,0.344499458815238
"Akwapim South",2013,0.362166905277022
"Akwapim South",2014,0.381755887641202
"Akwapim South",2015,0.400377725823945
"Akwapim South",2016,0.418212368221351
"Akwapim South",2017,0.435016546449775
"Akwapim South",2018,0.450683335574102
"Akwapim South",2019,0.465648678485748
"Akwapim South",2020,0.845887714417157
"Akwapim South",2021,0.84995324075974
"Akwapim South",2022,0.853858038425215
"Akwapim South",2023,0.857602527153355
"Akwapim South",2024,0.861214718717346
"Akwapim South",2025,0.864685012794408
"Akyemansa",1970,0
"Akyemansa",1971,0
"Akyemansa",1972,0
"Akyemansa",1973,0
"Akyemansa",1974,0
"Akyemansa",1975,0
"Akyemansa",1976,0
"Akyemansa",1977,0
"Akyemansa",1978,0
"Akyemansa",1979,0
"Akyemansa",1980,0.971988664
"Akyemansa",1981,0.933644549319678
"Akyemansa",1982,0.896837655798749
"Akyemansa",1983,0.8603706117044
"Akyemansa",1984,0.825083049492181
"Akyemansa",1985,0.79207470147416
"Akyemansa",1986,0.760570086813414
"Akyemansa",1987,0.730534772268919
"Akyemansa",1988,0.701987698202423
"Akyemansa",1989,0.674995589678493
"Akyemansa",1990,0.887797469340292
"Akyemansa",1991,0.854416096506653
"Akyemansa",1992,0.822705695298226
"Akyemansa",1993,0.792667265364804
"Akyemansa",1994,0.764220251985159
"Akyemansa",1995,0.737469017055625
"Akyemansa",1996,0.712156945205599
"Akyemansa",1997,0.688279690245811
"Akyemansa",1998,0.665341403421339
"Akyemansa",1999,0.643229342370226
"Akyemansa",2000,0.655126193264455
"Akyemansa",2001,0.666747865528027
"Akyemansa",2002,0.673740410922206
"Akyemansa",2003,0.6834889450293
"Akyemansa",2004,0.693862250795299
"Akyemansa",2005,0.703765162077249
"Akyemansa",2006,0.71339059007167
"Akyemansa",2007,0.722571859118707
"Akyemansa",2008,0.73129902921751
"Akyemansa",2009,0.739651671255598
"Akyemansa",2010,0.747703396177565
"Akyemansa",2011,0.755535193065315
"Akyemansa",2012,0.761426085092871
"Akyemansa",2013,0.766179186320115
"Akyemansa",2014,0.770427287926574
"Akyemansa",2015,0.777342138889075
"Akyemansa",2016,0.783964680280389
"Akyemansa",2017,0.790204579202104
"Akyemansa",2018,0.796022131196302
"Akyemansa",2019,0.800451538913661
"Akyemansa",2020,0.942448220516407
"Akyemansa",2021,0.943966452983522
"Akyemansa",2022,0.945424662842142
"Akyemansa",2023,0.946823006840129
"Akyemansa",2024,0.948171945709973
"Akyemansa",2025,0.949467894301683
"Amansie Central",1970,0
"Amansie Central",1971,0
"Amansie Central",1972,0
"Amansie Central",1973,0
"Amansie Central",1974,0
"Amansie Central",1975,0
"Amansie Central",1976,0
"Amansie Central",1977,0
"Amansie Central",1978,0
"Amansie Central",1979,0
"Amansie Central",1980,0.26191485
"Amansie Central",1981,0.251582535008228
"Amansie Central",1982,0.24166444403397
"Amansie Central",1983,0.231837929859814
"Amansie Central",1984,0.222329242252652
"Amansie Central",1985,0.213434718231857
"Amansie Central",1986,0.20494539450948
"Amansie Central",1987,0.196851992605747
"Amansie Central",1988,0.189159616244797
"Amansie Central",1989,0.181886245353685
"Amansie Central",1990,0.337015379398074
"Amansie Central",1991,0.324343529771473
"Amansie Central",1992,0.31230599501474
"Amansie Central",1993,0.300903154603337
"Amansie Central",1994,0.290104429288196
"Amansie Central",1995,0.279949435722104
"Amansie Central",1996,0.270340760554076
"Amansie Central",1997,0.261276753934146
"Amansie Central",1998,0.252569187508398
"Amansie Central",1999,0.244175263328876
"Amansie Central",2000,0.253661032413157
"Amansie Central",2001,0.262922634294663
"Amansie Central",2002,0.277931069801144
"Amansie Central",2003,0.289404352975945
"Amansie Central",2004,0.299247096123459
"Amansie Central",2005,0.31591114970716
"Amansie Central",2006,0.336921685546101
"Amansie Central",2007,0.35439305023011
"Amansie Central",2008,0.374702171178379
"Amansie Central",2009,0.394139722580335
"Amansie Central",2010,0.412877005506085
"Amansie Central",2011,0.431102490793393
"Amansie Central",2012,0.448788723169913
"Amansie Central",2013,0.465859509919748
"Amansie Central",2014,0.482269056191779
"Amansie Central",2015,0.497863384815487
"Amansie Central",2016,0.512798498723263
"Amansie Central",2017,0.526870679727835
"Amansie Central",2018,0.539990386584137
"Amansie Central",2019,0.552522687264687
"Amansie Central",2020,0.564512441051963
"Amansie Central",2021,0.576000727894731
"Amansie Central",2022,0.5870348307055
"Amansie Central",2023,0.59761593557692
"Amansie Central",2024,0.607823197643705
"Amansie Central",2025,0.617629488496741
"Amansie South",1970,0
"Amansie South",1971,0
"Amansie South",1972,0
"Amansie South",1973,0
"Amansie South",1974,0
"Amansie South",1975,0
"Amansie South",1976,0
"Amansie South",1977,0
"Amansie South",1978,0
"Amansie South",1979,0
"Amansie South",1980,0.26191485
"Amansie South",1981,0.251582535008228
"Amansie South",1982,0.24166444403397
"Amansie South",1983,0.231837929859814
"Amansie South",1984,0.222329242252652
"Amansie South",1985,0.213434718231857
"Amansie South",1986,0.20494539450948
"Amansie South",1987,0.196851992605747
"Amansie South",1988,0.189159616244797
"Amansie South",1989,0.181886245353685
"Amansie South",1990,0.337015379398074
"Amansie South",1991,0.324343529771473
"Amansie South",1992,0.31230599501474
"Amansie South",1993,0.300903154603337
"Amansie South",1994,0.290104429288196
"Amansie South",1995,0.279949435722104
"Amansie South",1996,0.270340760554076
"Amansie South",1997,0.261276753934146
"Amansie South",1998,0.252569187508398
"Amansie South",1999,0.244175263328876
"Amansie South",2000,0.253661032413157
"Amansie South",2001,0.262922634294663
"Amansie South",2002,0.277931069801145
"Amansie South",2003,0.289404352975945
"Amansie South",2004,0.299247096123459
"Amansie South",2005,0.321914976369154
"Amansie South",2006,0.343947694110326
"Amansie South",2007,0.364963726803768
"Amansie South",2008,0.38494032167078
"Amansie South",2009,0.404059617407541
"Amansie South",2010,0.422490110330879
"Amansie South",2011,0.440417185400579
"Amansie South",2012,0.457813836876017
"Amansie South",2013,0.474605119562808
"Amansie South",2014,0.490745988419851
"Amansie South",2015,0.50473911135286
"Amansie South",2016,0.514805100445234
"Amansie South",2017,0.528819323371758
"Amansie South",2018,0.541884995036664
"Amansie South",2019,0.554365679833314
"Amansie South",2020,0.566306052285491
"Amansie South",2021,0.577747023148935
"Amansie South",2022,0.58873568059543
"Amansie South",2023,0.599273205832552
"Amansie South",2024,0.609438427984463
"Amansie South",2025,0.619204330373875
"Amansie West",1970,0
"Amansie West",1971,0
"Amansie West",1972,0
"Amansie West",1973,0
"Amansie West",1974,0
"Amansie West",1975,0
"Amansie West",1976,0
"Amansie West",1977,0
"Amansie West",1978,0
"Amansie West",1979,0
"Amansie West",1980,0.26191485
"Amansie West",1981,0.251582535008228
"Amansie West",1982,0.24166444403397
"Amansie West",1983,0.231837929859814
"Amansie West",1984,0.222329242252652
"Amansie West",1985,0.213434718231857
"Amansie West",1986,0.20494539450948
"Amansie West",1987,0.196851992605747
"Amansie West",1988,0.189159616244797
"Amansie West",1989,0.181886245353685
"Amansie West",1990,0.337015379398075
"Amansie West",1991,0.324343529771473
"Amansie West",1992,0.31230599501474
"Amansie West",1993,0.300903154603337
"Amansie West",1994,0.290104429288196
"Amansie West",1995,0.279949435722104
"Amansie West",1996,0.270340760554076
"Amansie West",1997,0.261276753934146
"Amansie West",1998,0.252569187508398
"Amansie West",1999,0.244175263328876
"Amansie West",2000,0.253661032413157
"Amansie West",2001,0.262922634294663
"Amansie West",2002,0.277931069801145
"Amansie West",2003,0.289404352975945
"Amansie West",2004,0.299247096123459
"Amansie West",2005,0.321914976369154
"Amansie West",2006,0.343947694110326
"Amansie West",2007,0.364963726803768
"Amansie West",2008,0.38494032167078
"Amansie West",2009,0.404059617407541
"Amansie West",2010,0.422490110330879
"Amansie West",2011,0.440417185400579
"Amansie West",2012,0.457813836876017
"Amansie West",2013,0.474605119562807
"Amansie West",2014,0.490745988419851
"Amansie West",2015,0.50473911135286
"Amansie West",2016,0.51295728124856
"Amansie West",2017,0.527024876026631
"Amansie West",2018,0.540140307074709
"Amansie West",2019,0.552668523386996
"Amansie West",2020,0.564654369626
"Amansie West",2021,0.576138912352235
"Amansie West",2022,0.587169419068362
"Amansie West",2023,0.597747075480474
"Amansie West",2024,0.607951010926049
"Amansie West",2025,0.617754105837321
"Anloga",1970,0
"Anloga",1971,0
"Anloga",1972,0
"Anloga",1973,0
"Anloga",1974,0
"Anloga",1975,0
"Anloga",1976,0
"Anloga",1977,0
"Anloga",1978,0
"Anloga",1979,0
"Anloga",1980,0.971988664
"Anloga",1981,0.933644549319678
"Anloga",1982,0.896837655798749
"Anloga",1983,0.8603706117044
"Anloga",1984,0.825083049492182
"Anloga",1985,0.79207470147416
"Anloga",1986,0.760570086813414
"Anloga",1987,0.730534772268919
"Anloga",1988,0.701987698202422
"Anloga",1989,0.674995589678493
"Anloga",1990,0.887797469340292
"Anloga",1991,0.854416096506653
"Anloga",1992,0.822705695298226
"Anloga",1993,0.792667265364804
"Anloga",1994,0.764220251985159
"Anloga",1995,0.737469017055625
"Anloga",1996,0.712156945205599
"Anloga",1997,0.68827969024581
"Anloga",1998,0.665341403421339
"Anloga",1999,0.643229342370226
"Anloga",2000,0.655003189716609
"Anloga",2001,0.666629006994654
"Anloga",2002,0.666578298545055
"Anloga",2003,0.666298140559235
"Anloga",2004,0.673339685122404
"Anloga",2005,0.678470144957038
"Anloga",2006,0.685355709095975
"Anloga",2007,0.693857256716297
"Anloga",2008,0.703487713766054
"Anloga",2009,0.712704878034552
"Anloga",2010,0.721589979408718
"Anloga",2011,0.730232389571004
"Anloga",2012,0.73861908940444
"Anloga",2013,0.746713948803752
"Anloga",2014,0.754089821605256
"Anloga",2015,0.761496765655374
"Anloga",2016,0.768590598020101
"Anloga",2017,0.772183330640957
"Anloga",2018,0.778500605413212
"Anloga",2019,0.781185113697555
"Anloga",2020,0.779935932506219
"Anloga",2021,0.780738003728372
"Anloga",2022,0.781871972803045
"Anloga",2023,0.782174831211019
"Anloga",2024,0.780975714144439
"Anloga",2025,0.782381515407419
"Aowin",1970,0
"Aowin",1971,0
"Aowin",1972,0
"Aowin",1973,0
"Aowin",1974,0
"Aowin",1975,0
"Aowin",1976,0
"Aowin",1977,0
"Aowin",1978,0
"Aowin",1979,0
"Aowin",1980,0.26191485
"Aowin",1981,0.251582535008228
"Aowin",1982,0.24166444403397
"Aowin",1983,0.231837929859814
"Aowin",1984,0.222329242252652
"Aowin",1985,0.213434718231857
"Aowin",1986,0.20494539450948
"Aowin",1987,0.196851992605747
"Aowin",1988,0.189159616244797
"Aowin",1989,0.181886245353685
"Aowin",1990,0.337015379398074
"Aowin",1991,0.324343529771473
"Aowin",1992,0.31230599501474
"Aowin",1993,0.300903154603337
"Aowin",1994,0.290104429288196
"Aowin",1995,0.279949435722104
"Aowin",1996,0.270340760554076
"Aowin",1997,0.261276753934146
"Aowin",1998,0.252569187508398
"Aowin",1999,0.244175263328876
"Aowin",2000,0.269378945307895
"Aowin",2001,0.293999656654083
"Aowin",2002,0.317635429248718
"Aowin",2003,0.340255658850343
"Aowin",2004,0.361878062462014
"Aowin",2005,0.382519962884036
"Aowin",2006,0.402583469515898
"Aowin",2007,0.421721159031722
"Aowin",2008,0.439912312220571
"Aowin",2009,0.457322788827105
"Aowin",2010,0.474106025527174
"Aowin",2011,0.490430838188787
"Aowin",2012,0.506272634754693
"Aowin",2013,0.521563168382978
"Aowin",2014,0.536261420008658
"Aowin",2015,0.550229470206089
"Aowin",2016,0.56360705290311
"Aowin",2017,0.57621169497538
"Aowin",2018,0.587963193123611
"Aowin",2019,0.599188543648102
"Aowin",2020,0.609927927612404
"Aowin",2021,0.620218140879958
"Aowin",2022,0.630101535392379
"Aowin",2023,0.638096085307664
"Aowin",2024,0.647276488874481
"Aowin",2025,0.656096259243404
"Asante Akim Central",1970,0
"Asante Akim Central",1971,0
"Asante Akim Central",1972,0
"Asante Akim Central",1973,0
"Asante Akim Central",1974,0
"Asante Akim Central",1975,0
"Asante Akim Central",1976,0
"Asante Akim Central",1977,0
"Asante Akim Central",1978,0
"Asante Akim Central",1979,0
"Asante Akim Central",1980,0.26191485
"Asante Akim Central",1981,0.251582535008228
"Asante Akim Central",1982,0.24166444403397
"Asante Akim Central",1983,0.231837929859814
"Asante Akim Central",1984,0.222329242252652
"Asante Akim Central",1985,0.213434718231857
"Asante Akim Central",1986,0.20494539450948
"Asante Akim Central",1987,0.196851992605747
"Asante Akim Central",1988,0.189159616244797
"Asante Akim Central",1989,0.181886245353685
"Asante Akim Central",1990,0.337015379398075
"Asante Akim Central",1991,0.324343529771473
"Asante Akim Central",1992,0.31230599501474
"Asante Akim Central",1993,0.300903154603337
"Asante Akim Central",1994,0.290104429288196
"Asante Akim Central",1995,0.279949435722104
"Asante Akim Central",1996,0.270340760554076
"Asante Akim Central",1997,0.261276753934146
"Asante Akim Central",1998,0.252569187508398
"Asante Akim Central",1999,0.244175263328876
"Asante Akim Central",2000,0.266776040476219
"Asante Akim Central",2001,0.280877232713318
"Asante Akim Central",2002,0.295578945527896
"Asante Akim Central",2003,0.310147409086613
"Asante Akim Central",2004,0.324085445201398
"Asante Akim Central",2005,0.345949857178485
"Asante Akim Central",2006,0.365784693321677
"Asante Akim Central",2007,0.384736030696136
"Asante Akim Central",2008,0.404090640141028
"Asante Akim Central",2009,0.42261464307095
"Asante Akim Central",2010,0.440471289550632
"Asante Akim Central",2011,0.457840192447906
"Asante Akim Central",2012,0.474695186864999
"Asante Akim Central",2013,0.490963661079204
"Asante Akim Central",2014,0.506601972558663
"Asante Akim Central",2015,0.51594918213334
"Asante Akim Central",2016,0.528849034924873
"Asante Akim Central",2017,0.542457617089832
"Asante Akim Central",2018,0.8799110955676
"Asante Akim Central",2019,0.883182745148071
"Asante Akim Central",2020,0.886312758858082
"Asante Akim Central",2021,0.889311860921425
"Asante Akim Central",2022,0.892192394891357
"Asante Akim Central",2023,0.894954670406118
"Asante Akim Central",2024,0.897619351497785
"Asante Akim Central",2025,0.900179356094954
"Asante Akim North",1970,0
"Asante Akim North",1971,0
"Asante Akim North",1972,0
"Asante Akim North",1973,0
"Asante Akim North",1974,0
"Asante Akim North",1975,0
"Asante Akim North",1976,0
"Asante Akim North",1977,0
"Asante Akim North",1978,0
"Asante Akim North",1979,0
"Asante Akim North",1980,0.26191485
"Asante Akim North",1981,0.251582535008228
"Asante Akim North",1982,0.24166444403397
"Asante Akim North",1983,0.231837929859814
"Asante Akim North",1984,0.222329242252652
"Asante Akim North",1985,0.213434718231857
"Asante Akim North",1986,0.20494539450948
"Asante Akim North",1987,0.196851992605747
"Asante Akim North",1988,0.189159616244797
"Asante Akim North",1989,0.181886245353685
"Asante Akim North",1990,0.337015379398074
"Asante Akim North",1991,0.324343529771473
"Asante Akim North",1992,0.31230599501474
"Asante Akim North",1993,0.300903154603337
"Asante Akim North",1994,0.290104429288196
"Asante Akim North",1995,0.279949435722104
"Asante Akim North",1996,0.270340760554076
"Asante Akim North",1997,0.261276753934146
"Asante Akim North",1998,0.252569187508398
"Asante Akim North",1999,0.244175263328876
"Asante Akim North",2000,0.266776040476219
"Asante Akim North",2001,0.280877232713318
"Asante Akim North",2002,0.295578945527896
"Asante Akim North",2003,0.310147409086613
"Asante Akim North",2004,0.324085445201398
"Asante Akim North",2005,0.345949857178485
"Asante Akim North",2006,0.365784693321677
"Asante Akim North",2007,0.384736030696136
"Asante Akim North",2008,0.404090640141028
"Asante Akim North",2009,0.42261464307095
"Asante Akim North",2010,0.440471289550632
"Asante Akim North",2011,0.457840192447906
"Asante Akim North",2012,0.474695186864999
"Asante Akim North",2013,0.490963661079204
"Asante Akim North",2014,0.503412992666777
"Asante Akim North",2015,0.518370454791132
"Asante Akim North",2016,0.530384802396481
"Asante Akim North",2017,0.543949025917666
"Asante Akim North",2018,0.871470574512981
"Asante Akim North",2019,0.874972173956828
"Asante Akim North",2020,0.878322182567662
"Asante Akim North",2021,0.88153207832781
"Asante Akim North",2022,0.884615072364613
"Asante Akim North",2023,0.887571496079419
"Asante Akim North",2024,0.890423465888261
"Asante Akim North",2025,0.893163401952076
"Asante Akim South",1970,0
"Asante Akim South",1971,0
"Asante Akim South",1972,0
"Asante Akim South",1973,0
"Asante Akim South",1974,0
"Asante Akim South",1975,0
"Asante Akim South",1976,0
"Asante Akim South",1977,0
"Asante Akim South",1978,0
"Asante Akim South",1979,0
"Asante Akim South",1980,0.26191485
"Asante Akim South",1981,0.251582535008228
"Asante Akim South",1982,0.24166444403397
"Asante Akim South",1983,0.231837929859814
"Asante Akim South",1984,0.222329242252652
"Asante Akim South",1985,0.213434718231857
"Asante Akim South",1986,0.20494539450948
"Asante Akim South",1987,0.196851992605747
"Asante Akim South",1988,0.189159616244797
"Asante Akim South",1989,0.181886245353685
"Asante Akim South",1990,0.337015379398074
"Asante Akim South",1991,0.324343529771473
"Asante Akim South",1992,0.31230599501474
"Asante Akim South",1993,0.300903154603337
"Asante Akim South",1994,0.290104429288196
"Asante Akim South",1995,0.279949435722104
"Asante Akim South",1996,0.270340760554076
"Asante Akim South",1997,0.261276753934146
"Asante Akim South",1998,0.252569187508398
"Asante Akim South",1999,0.244175263328876
"Asante Akim South",2000,0.267710328296113
"Asante Akim South",2001,0.288131758447815
"Asante Akim South",2002,0.303540390404355
"Asante Akim South",2003,0.318114951602437
"Asante Akim South",2004,0.331791980157611
"Asante Akim South",2005,0.3525420175916
"Asante Akim South",2006,0.373579584384166
"Asante Akim South",2007,0.393646386705011
"Asante Akim South",2008,0.412720699449347
"Asante Akim South",2009,0.430976434661591
"Asante Akim South",2010,0.44857447819165
"Asante Akim South",2011,0.465691841723676
"Asante Akim South",2012,0.482302739284335
"Asante Akim South",2013,0.49833561072607
"Asante Akim South",2014,0.511427756970006
"Asante Akim South",2015,0.526143810173606
"Asante Akim South",2016,0.540135428666843
"Asante Akim South",2017,0.553418018043993
"Asante Akim South",2018,0.565801576702329
"Asante Akim South",2019,0.577630688610188
"Asante Akim South",2020,0.588947695990762
"Asante Akim South",2021,0.599791373792365
"Asante Akim South",2022,0.610206351878071
"Asante Akim South",2023,0.620193749788742
"Asante Akim South",2024,0.629828281255756
"Asante Akim South",2025,0.639084340048026
"Asante Mampong",1970,0
"Asante Mampong",1971,0
"Asante Mampong",1972,0
"Asante Mampong",1973,0
"Asante Mampong",1974,0
"Asante Mampong",1975,0
"Asante Mampong",1976,0
"Asante Mampong",1977,0
"Asante Mampong",1978,0
"Asante Mampong",1979,0
"Asante Mampong",1980,0
"Asante Mampong",1981,0
"Asante Mampong",1982,0
"Asante Mampong",1983,0
"Asante Mampong",1984,0
"Asante Mampong",1985,0
"Asante Mampong",1986,0
"Asante Mampong",1987,0
"Asante Mampong",1988,0
"Asante Mampong",1989,0
"Asante Mampong",1990,0
"Asante Mampong",1991,0
"Asante Mampong",1992,0
"Asante Mampong",1993,0
"Asante Mampong",1994,0
"Asante Mampong",1995,0
"Asante Mampong",1996,0
"Asante Mampong",1997,0
"Asante Mampong",1998,0
"Asante Mampong",1999,0
"Asante Mampong",2000,0.0309785746345179
"Asante Mampong",2001,0.0631396133598829
"Asante Mampong",2002,0.0900953026316843
"Asante Mampong",2003,0.119638043995094
"Asante Mampong",2004,0.147579830547896
"Asante Mampong",2005,0.175153827335157
"Asante Mampong",2006,0.201955190392696
"Asante Mampong",2007,0.227519822448664
"Asante Mampong",2008,0.251820046232845
"Asante Mampong",2009,0.275077421580954
"Asante Mampong",2010,0.297496913264667
"Asante Mampong",2011,0.319304029987492
"Asante Mampong",2012,0.340465921028624
"Asante Mampong",2013,0.360891420450762
"Asante Mampong",2014,0.380525733901498
"Asante Mampong",2015,0.399184624962583
"Asante Mampong",2016,0.417054753912311
"Asante Mampong",2017,0.433263242532818
"Asante Mampong",2018,0.803408005345162
"Asante Mampong",2019,0.807812076354582
"Asante Mampong",2020,0.809293841730505
"Asante Mampong",2021,0.812014226171171
"Asante Mampong",2022,0.816906343898378
"Asante Mampong",2023,0.821391439549226
"Asante Mampong",2024,0.825392970749535
"Asante Mampong",2025,0.829758979405648
"Asene Manso Akroso",1970,0
"Asene Manso Akroso",1971,0
"Asene Manso Akroso",1972,0
"Asene Manso Akroso",1973,0
"Asene Manso Akroso",1974,0
"Asene Manso Akroso",1975,0
"Asene Manso Akroso",1976,0
"Asene Manso Akroso",1977,0
"Asene Manso Akroso",1978,0
"Asene Manso Akroso",1979,0
"Asene Manso Akroso",1980,0
"Asene Manso Akroso",1981,0
"Asene Manso Akroso",1982,0
"Asene Manso Akroso",1983,0
"Asene Manso Akroso",1984,0
"Asene Manso Akroso",1985,0
"Asene Manso Akroso",1986,0
"Asene Manso Akroso",1987,0
"Asene Manso Akroso",1988,0
"Asene Manso Akroso",1989,0
"Asene Manso Akroso",1990,0
"Asene Manso Akroso",1991,0
"Asene Manso Akroso",1992,0
"Asene Manso Akroso",1993,0
"Asene Manso Akroso",1994,0
"Asene Manso Akroso",1995,0
"Asene Manso Akroso",1996,0
"Asene Manso Akroso",1997,0
"Asene Manso Akroso",1998,0
"Asene Manso Akroso",1999,0
"Asene Manso Akroso",2000,0.0275968976499645
"Asene Manso Akroso",2001,0.0464093959097482
"Asene Manso Akroso",2002,0.0693724965092751
"Asene Manso Akroso",2003,0.0892523030127506
"Asene Manso Akroso",2004,0.106205315604048
"Asene Manso Akroso",2005,0.124383200283107
"Asene Manso Akroso",2006,0.139835870700706
"Asene Manso Akroso",2007,0.158197012731676
"Asene Manso Akroso",2008,0.175163848534735
"Asene Manso Akroso",2009,0.178127704791353
"Asene Manso Akroso",2010,0.181030017329203
"Asene Manso Akroso",2011,0.184507804458468
"Asene Manso Akroso",2012,0.188845547980359
"Asene Manso Akroso",2013,0.196372751548208
"Asene Manso Akroso",2014,0.203121146451805
"Asene Manso Akroso",2015,0.222306763968901
"Asene Manso Akroso",2016,0.24543779388028
"Asene Manso Akroso",2017,0.267232340727734
"Asene Manso Akroso",2018,0.287551725875753
"Asene Manso Akroso",2019,0.306961355001465
"Asene Manso Akroso",2020,0.32553070473633
"Asene Manso Akroso",2021,0.343323398399833
"Asene Manso Akroso",2022,0.360412666264623
"Asene Manso Akroso",2023,0.376800345313312
"Asene Manso Akroso",2024,0.388246027742959
"Asene Manso Akroso",2025,0.40354279528864
"Ashaiman",1970,0
"Ashaiman",1971,0
"Ashaiman",1972,0
"Ashaiman",1973,0
"Ashaiman",1974,0
"Ashaiman",1975,0
"Ashaiman",1976,0
"Ashaiman",1977,0
"Ashaiman",1978,0
"Ashaiman",1979,0
"Ashaiman",1980,0.26191485
"Ashaiman",1981,0.251582535008228
"Ashaiman",1982,0.24166444403397
"Ashaiman",1983,0.231837929859814
"Ashaiman",1984,0.222329242252652
"Ashaiman",1985,0.213434718231857
"Ashaiman",1986,0.20494539450948
"Ashaiman",1987,0.196851992605747
"Ashaiman",1988,0.189159616244797
"Ashaiman",1989,0.181886245353685
"Ashaiman",1990,0.337015379398074
"Ashaiman",1991,0.324343529771473
"Ashaiman",1992,0.31230599501474
"Ashaiman",1993,0.300903154603337
"Ashaiman",1994,0.290104429288196
"Ashaiman",1995,0.279949435722104
"Ashaiman",1996,0.270340760554076
"Ashaiman",1997,0.261276753934146
"Ashaiman",1998,0.252569187508398
"Ashaiman",1999,0.244175263328876
"Ashaiman",2000,0.261039761723292
"Ashaiman",2001,0.281588085055209
"Ashaiman",2002,0.299113458755172
"Ashaiman",2003,0.315119635918651
"Ashaiman",2004,0.333457902246638
"Ashaiman",2005,0.351964406533947
"Ashaiman",2006,0.371292007043341
"Ashaiman",2007,0.388037969557872
"Ashaiman",2008,0.406026630013522
"Ashaiman",2009,0.424490452176894
"Ashaiman",2010,0.442289085997151
"Ashaiman",2011,0.459601560815978
"Ashaiman",2012,0.476401796740102
"Ashaiman",2013,0.492617417947724
"Ashaiman",2014,0.50820492369281
"Ashaiman",2015,0.523018050331609
"Ashaiman",2016,0.537204985788672
"Ashaiman",2017,0.55057221719278
"Ashaiman",2018,0.881551433831804
"Ashaiman",2019,0.884778394754157
"Ashaiman",2020,0.887865654462203
"Ashaiman",2021,0.89082379069364
"Ashaiman",2022,0.893664978396617
"Ashaiman",2023,0.89638952297991
"Ashaiman",2024,0.899017806218027
"Ashaiman",2025,0.901542842776166
"Asikuma-Odoben-Brakwa",1970,0
"Asikuma-Odoben-Brakwa",1971,0
"Asikuma-Odoben-Brakwa",1972,0
"Asikuma-Odoben-Brakwa",1973,0
"Asikuma-Odoben-Brakwa",1974,0
"Asikuma-Odoben-Brakwa",1975,0
"Asikuma-Odoben-Brakwa",1976,0
"Asikuma-Odoben-Brakwa",1977,0
"Asikuma-Odoben-Brakwa",1978,0
"Asikuma-Odoben-Brakwa",1979,0
"Asikuma-Odoben-Brakwa",1980,0.26191485
"Asikuma-Odoben-Brakwa",1981,0.251582535008228
"Asikuma-Odoben-Brakwa",1982,0.24166444403397
"Asikuma-Odoben-Brakwa",1983,0.231837929859814
"Asikuma-Odoben-Brakwa",1984,0.222329242252652
"Asikuma-Odoben-Brakwa",1985,0.213434718231857
"Asikuma-Odoben-Brakwa",1986,0.20494539450948
"Asikuma-Odoben-Brakwa",1987,0.196851992605747
"Asikuma-Odoben-Brakwa",1988,0.189159616244797
"Asikuma-Odoben-Brakwa",1989,0.181886245353685
"Asikuma-Odoben-Brakwa",1990,0.337015379398074
"Asikuma-Odoben-Brakwa",1991,0.324343529771473
"Asikuma-Odoben-Brakwa",1992,0.31230599501474
"Asikuma-Odoben-Brakwa",1993,0.300903154603337
"Asikuma-Odoben-Brakwa",1994,0.290104429288196
"Asikuma-Odoben-Brakwa",1995,0.279949435722104
"Asikuma-Odoben-Brakwa",1996,0.270340760554076
"Asikuma-Odoben-Brakwa",1997,0.261276753934146
"Asikuma-Odoben-Brakwa",1998,0.252569187508398
"Asikuma-Odoben-Brakwa",1999,0.244175263328876
"Asikuma-Odoben-Brakwa",2000,0.269378945307895
"Asikuma-Odoben-Brakwa",2001,0.293999656654083
"Asikuma-Odoben-Brakwa",2002,0.312563757287085
"Asikuma-Odoben-Brakwa",2003,0.335352111655372
"Asikuma-Odoben-Brakwa",2004,0.357110946026688
"Asikuma-Odoben-Brakwa",2005,0.377907052623062
"Asikuma-Odoben-Brakwa",2006,0.398120444514448
"Asikuma-Odoben-Brakwa",2007,0.41740110293458
"Asikuma-Odoben-Brakwa",2008,0.435728153888798
"Asikuma-Odoben-Brakwa",2009,0.453268696183871
"Asikuma-Odoben-Brakwa",2010,0.470177312750709
"Asikuma-Odoben-Brakwa",2011,0.486624080603274
"Asikuma-Odoben-Brakwa",2012,0.502584223968328
"Asikuma-Odoben-Brakwa",2013,0.517988986163094
"Asikuma-Odoben-Brakwa",2014,0.532797041687955
"Asikuma-Odoben-Brakwa",2015,0.546869440784474
"Asikuma-Odoben-Brakwa",2016,0.560346961268599
"Asikuma-Odoben-Brakwa",2017,0.573045766842936
"Asikuma-Odoben-Brakwa",2018,0.584885055046118
"Asikuma-Odoben-Brakwa",2019,0.596194265017886
"Asikuma-Odoben-Brakwa",2020,0.80301708887072
"Asikuma-Odoben-Brakwa",2021,0.808213554624285
"Asikuma-Odoben-Brakwa",2022,0.81320458054157
"Asikuma-Odoben-Brakwa",2023,0.817990703124661
"Asikuma-Odoben-Brakwa",2024,0.822607726401817
"Asikuma-Odoben-Brakwa",2025,0.827043379453026
"Asokore Mampong",1970,0
"Asokore Mampong",1971,0
"Asokore Mampong",1972,0
"Asokore Mampong",1973,0
"Asokore Mampong",1974,0
"Asokore Mampong",1975,0
"Asokore Mampong",1976,0
"Asokore Mampong",1977,0
"Asokore Mampong",1978,0
"Asokore Mampong",1979,0
"Asokore Mampong",1980,0
"Asokore Mampong",1981,0
"Asokore Mampong",1982,0
"Asokore Mampong",1983,0
"Asokore Mampong",1984,0
"Asokore Mampong",1985,0
"Asokore Mampong",1986,0
"Asokore Mampong",1987,0
"Asokore Mampong",1988,0
"Asokore Mampong",1989,0
"Asokore Mampong",1990,0
"Asokore Mampong",1991,0
"Asokore Mampong",1992,0
"Asokore Mampong",1993,0
"Asokore Mampong",1994,0
"Asokore Mampong",1995,0
"Asokore Mampong",1996,0
"Asokore Mampong",1997,0
"Asokore Mampong",1998,0
"Asokore Mampong",1999,0
"Asokore Mampong",2000,0.0214004990247017
"Asokore Mampong",2001,0.0498241483998989
"Asokore Mampong",2002,0.0740578632747634
"Asokore Mampong",2003,0.0948961849868222
"Asokore Mampong",2004,0.115360604707703
"Asokore Mampong",2005,0.140446528461353
"Asokore Mampong",2006,0.161402762191051
"Asokore Mampong",2007,0.183845351760227
"Asokore Mampong",2008,0.209327520619732
"Asokore Mampong",2009,0.233423932696559
"Asokore Mampong",2010,0.257131630977006
"Asokore Mampong",2011,0.277161108340015
"Asokore Mampong",2012,0.295738176155444
"Asokore Mampong",2013,0.299469617765754
"Asokore Mampong",2014,0.30963638817901
"Asokore Mampong",2015,0.330430503657985
"Asokore Mampong",2016,0.350345595277754
"Asokore Mampong",2017,0.369110016876849
"Asokore Mampong",2018,0.386604370497529
"Asokore Mampong",2019,0.403315452702914
"Asokore Mampong",2020,0.884741660538146
"Asokore Mampong",2021,0.887782208626265
"Asokore Mampong",2022,0.890702550071823
"Asokore Mampong",2023,0.891053068892029
"Asokore Mampong",2024,0.893816721768753
"Asokore Mampong",2025,0.896471810248766
"Asokwa",1970,0
"Asokwa",1971,0
"Asokwa",1972,0
"Asokwa",1973,0
"Asokwa",1974,0
"Asokwa",1975,0
"Asokwa",1976,0
"Asokwa",1977,0
"Asokwa",1978,0
"Asokwa",1979,0
"Asokwa",1980,0
"Asokwa",1981,0
"Asokwa",1982,0
"Asokwa",1983,0
"Asokwa",1984,0
"Asokwa",1985,0
"Asokwa",1986,0
"Asokwa",1987,0
"Asokwa",1988,0
"Asokwa",1989,0
"Asokwa",1990,0
"Asokwa",1991,0
"Asokwa",1992,0
"Asokwa",1993,0
"Asokwa",1994,0
"Asokwa",1995,0
"Asokwa",1996,0
"Asokwa",1997,0
"Asokwa",1998,0
"Asokwa",1999,0
"Asokwa",2000,0.0214004990247016
"Asokwa",2001,0.0498241483998986
"Asokwa",2002,0.0740578632747634
"Asokwa",2003,0.094896184986822
"Asokwa",2004,0.115360604707703
"Asokwa",2005,0.140446528461353
"Asokwa",2006,0.161402762191051
"Asokwa",2007,0.183845351760227
"Asokwa",2008,0.209327520619732
"Asokwa",2009,0.233423932696559
"Asokwa",2010,0.257131630977006
"Asokwa",2011,0.277161108340015
"Asokwa",2012,0.295738176155444
"Asokwa",2013,0.316905743162873
"Asokwa",2014,0.3378913584156
"Asokwa",2015,0.357834419314214
"Asokwa",2016,0.376934432747155
"Asokwa",2017,0.394930870395892
"Asokwa",2018,0.411709220982233
"Asokwa",2019,0.42773635762292
"Asokwa",2020,0.443069649341264
"Asokwa",2021,0.457761631898163
"Asokwa",2022,0.471872773815628
"Asokwa",2023,0.485404591947544
"Asokwa",2024,0.496657512552168
"Asokwa",2025,0.509243475824212
"Assin Foso",1970,0
"Assin Foso",1971,0
"Assin Foso",1972,0
"Assin Foso",1973,0
"Assin Foso",1974,0
"Assin Foso",1975,0
"Assin Foso",1976,0
"Assin Foso",1977,0
"Assin Foso",1978,0
"Assin Foso",1979,0
"Assin Foso",1980,0
"Assin Foso",1981,0
"Assin Foso",1982,0
"Assin Foso",1983,0
"Assin Foso",1984,0
"Assin Foso",1985,0
"Assin Foso",1986,0
"Assin Foso",1987,0
"Assin Foso",1988,0
"Assin Foso",1989,0
"Assin Foso",1990,0
"Assin Foso",1991,0
"Assin Foso",1992,0
"Assin Foso",1993,0
"Assin Foso",1994,0
"Assin Foso",1995,0
"Assin Foso",1996,0
"Assin Foso",1997,0
"Assin Foso",1998,0
"Assin Foso",1999,0
"Assin Foso",2000,0.0207813237477352
"Assin Foso",2001,0.04686605455835
"Assin Foso",2002,0.0763088665676533
"Assin Foso",2003,0.102560874072756
"Assin Foso",2004,0.126967463041958
"Assin Foso",2005,0.15358622108621
"Assin Foso",2006,0.178561315202784
"Assin Foso",2007,0.203584963489542
"Assin Foso",2008,0.226410594931334
"Assin Foso",2009,0.245016394650683
"Assin Foso",2010,0.264952023966258
"Assin Foso",2011,0.284599058488747
"Assin Foso",2012,0.305901901880053
"Assin Foso",2013,0.324663908292601
"Assin Foso",2014,0.34048852047841
"Assin Foso",2015,0.360353353488231
"Assin Foso",2016,0.379378445938162
"Assin Foso",2017,0.395058209975105
"Assin Foso",2018,0.411833029480452
"Assin Foso",2019,0.427856793136572
"Assin Foso",2020,0.443150456253724
"Assin Foso",2021,0.457840307101071
"Assin Foso",2022,0.471949401585121
"Assin Foso",2023,0.485479256339675
"Assin Foso",2024,0.498531085509072
"Assin Foso",2025,0.511070200519721
"Assin North",1970,0
"Assin North",1971,0
"Assin North",1972,0
"Assin North",1973,0
"Assin North",1974,0
"Assin North",1975,0
"Assin North",1976,0
"Assin North",1977,0
"Assin North",1978,0
"Assin North",1979,0
"Assin North",1980,0.26191485
"Assin North",1981,0.251582535008228
"Assin North",1982,0.24166444403397
"Assin North",1983,0.231837929859814
"Assin North",1984,0.222329242252652
"Assin North",1985,0.213434718231857
"Assin North",1986,0.20494539450948
"Assin North",1987,0.196851992605747
"Assin North",1988,0.189159616244797
"Assin North",1989,0.181886245353685
"Assin North",1990,0.337015379398074
"Assin North",1991,0.324343529771473
"Assin North",1992,0.31230599501474
"Assin North",1993,0.300903154603337
"Assin North",1994,0.290104429288196
"Assin North",1995,0.279949435722104
"Assin North",1996,0.270340760554076
"Assin North",1997,0.261276753934146
"Assin North",1998,0.252569187508398
"Assin North",1999,0.244175263328876
"Assin North",2000,0.256814334798406
"Assin North",2001,0.274945146684936
"Assin North",2002,0.29675223215968
"Assin North",2003,0.315696592466223
"Assin North",2004,0.33311788995246
"Assin North",2005,0.353068115959306
"Assin North",2006,0.371561532806739
"Assin North",2007,0.390402596493774
"Assin North",2008,0.407351429513082
"Assin North",2009,0.420332634661995
"Assin North",2010,0.434846304306338
"Assin North",2011,0.449219476732173
"Assin North",2012,0.465404500263388
"Assin North",2013,0.479226776743877
"Assin North",2014,0.490303000464681
"Assin North",2015,0.505655342456849
"Assin North",2016,0.515058393645519
"Assin North",2017,0.521977681700062
"Assin North",2018,1
"Assin North",2019,0.996412475680802
"Assin North",2020,0.992873603235584
"Assin North",2021,0.993061599628369
"Assin North",2022,0.993242163671941
"Assin North",2023,0.993415314775733
"Assin North",2024,0.993582348248611
"Assin North",2025,0.993742820156407
"Assin South",1970,0
"Assin South",1971,0
"Assin South",1972,0
"Assin South",1973,0
"Assin South",1974,0
"Assin South",1975,0
"Assin South",1976,0
"Assin South",1977,0
"Assin South",1978,0
"Assin South",1979,0
"Assin South",1980,0.26191485
"Assin South",1981,0.251582535008228
"Assin South",1982,0.24166444403397
"Assin South",1983,0.231837929859814
"Assin South",1984,0.222329242252652
"Assin South",1985,0.213434718231857
"Assin South",1986,0.20494539450948
"Assin South",1987,0.196851992605747
"Assin South",1988,0.189159616244797
"Assin South",1989,0.181886245353685
"Assin South",1990,0.337015379398074
"Assin South",1991,0.324343529771473
"Assin South",1992,0.31230599501474
"Assin South",1993,0.300903154603337
"Assin South",1994,0.290104429288196
"Assin South",1995,0.279949435722104
"Assin South",1996,0.270340760554076
"Assin South",1997,0.261276753934146
"Assin South",1998,0.252569187508398
"Assin South",1999,0.244175263328876
"Assin South",2000,0.256814334798406
"Assin South",2001,0.274945146684936
"Assin South",2002,0.29675223215968
"Assin South",2003,0.315696592466223
"Assin South",2004,0.33311788995246
"Assin South",2005,0.34684936491188
"Assin South",2006,0.36807190055838
"Assin South",2007,0.388315136468907
"Assin South",2008,0.407557156524773
"Assin South",2009,0.425973401859371
"Assin South",2010,0.443726172881223
"Assin South",2011,0.460994037616459
"Assin South",2012,0.47775098337342
"Assin South",2013,0.493924820825391
"Assin South",2014,0.509297313697749
"Assin South",2015,0.524077536974433
"Assin South",2016,0.538232959984055
"Assin South",2017,0.551570499692001
"Assin South",2018,0.564005289373551
"Assin South",2019,0.575883338547624
"Assin South",2020,0.587247164608015
"Assin South",2021,0.598135702915754
"Assin South",2022,0.608593767968526
"Assin South",2023,0.618622483938756
"Assin South",2024,0.628296873649983
"Assin South",2025,0.637591224937645
"Asunafo North",1970,0.954342586644847
"Asunafo North",1971,0.912306798984791
"Asunafo North",1972,0.87418482189474
"Asunafo North",1973,0.837299966998718
"Asunafo North",1974,0.802007767884594
"Asunafo North",1975,0.768554067783098
"Asunafo North",1976,0.736790133389933
"Asunafo North",1977,0.706813380597595
"Asunafo North",1978,0.677157077250602
"Asunafo North",1979,0.648731947954737
"Asunafo North",1980,0.937843214544404
"Asunafo North",1981,0.900846108402585
"Asunafo North",1982,0.86533222165106
"Asunafo North",1983,0.830146245594886
"Asunafo North",1984,0.796098316843999
"Asunafo North",1985,0.764249534693982
"Asunafo North",1986,0.73385166054098
"Asunafo North",1987,0.704871470765575
"Asunafo North",1988,0.677327240364592
"Asunafo North",1989,0.651283350386248
"Asunafo North",1990,0.844004927670153
"Asunafo North",1991,0.812270163676151
"Asunafo North",1992,0.782123946996577
"Asunafo North",1993,0.753567227971322
"Asunafo North",1994,0.726523425416039
"Asunafo North",1995,0.701091753349474
"Asunafo North",1996,0.677028254512472
"Asunafo North",1997,0.654328797101006
"Asunafo North",1998,0.632521991178759
"Asunafo North",1999,0.611500655646061
"Asunafo North",2000,0.624455529241862
"Asunafo North",2001,0.62532051370604
"Asunafo North",2002,0.632753066507263
"Asunafo North",2003,0.638791494080323
"Asunafo North",2004,0.646910690538549
"Asunafo North",2005,0.65833238588741
"Asunafo North",2006,0.669434041049669
"Asunafo North",2007,0.680023417747642
"Asunafo North",2008,0.690089051508079
"Asunafo North",2009,0.699722716801133
"Asunafo North",2010,0.709009314092897
"Asunafo North",2011,0.718042253552737
"Asunafo North",2012,0.726807927761754
"Asunafo North",2013,0.735268573983914
"Asunafo North",2014,0.743401495313692
"Asunafo North",2015,0.75113037737934
"Asunafo North",2016,0.758532538563421
"Asunafo North",2017,0.765507011784759
"Asunafo North",2018,0.772009418491391
"Asunafo North",2019,0.778220694161442
"Asunafo North",2020,0.784163072012652
"Asunafo North",2021,0.815442659163227
"Asunafo North",2022,0.820245555788884
"Asunafo North",2023,0.824851272606481
"Asunafo North",2024,0.829294264064736
"Asunafo North",2025,0.833562721777699
"Asunafo South",1970,0.954342586644847
"Asunafo South",1971,0.912306798984791
"Asunafo South",1972,0.874184821894739
"Asunafo South",1973,0.837299966998717
"Asunafo South",1974,0.802007767884594
"Asunafo South",1975,0.768554067783098
"Asunafo South",1976,0.736790133389933
"Asunafo South",1977,0.706813380597594
"Asunafo South",1978,0.677157077250602
"Asunafo South",1979,0.648731947954737
"Asunafo South",1980,0.937843214544404
"Asunafo South",1981,0.900846108402585
"Asunafo South",1982,0.86533222165106
"Asunafo South",1983,0.830146245594886
"Asunafo South",1984,0.796098316843999
"Asunafo South",1985,0.764249534693982
"Asunafo South",1986,0.73385166054098
"Asunafo South",1987,0.704871470765575
"Asunafo South",1988,0.677327240364592
"Asunafo South",1989,0.651283350386249
"Asunafo South",1990,0.844004927670153
"Asunafo South",1991,0.812270163676151
"Asunafo South",1992,0.782123946996577
"Asunafo South",1993,0.753567227971322
"Asunafo South",1994,0.726523425416038
"Asunafo South",1995,0.701091753349474
"Asunafo South",1996,0.677028254512472
"Asunafo South",1997,0.654328797101005
"Asunafo South",1998,0.632521991178759
"Asunafo South",1999,0.61150065564606
"Asunafo South",2000,0.624455529241862
"Asunafo South",2001,0.62532051370604
"Asunafo South",2002,0.632753066507263
"Asunafo South",2003,0.638791494080323
"Asunafo South",2004,0.646910690538549
"Asunafo South",2005,0.658332385887409
"Asunafo South",2006,0.669434041049669
"Asunafo South",2007,0.680023417747642
"Asunafo South",2008,0.690089051508079
"Asunafo South",2009,0.699722716801133
"Asunafo South",2010,0.709009314092897
"Asunafo South",2011,0.718042253552737
"Asunafo South",2012,0.725938047085508
"Asunafo South",2013,0.733243497181166
"Asunafo South",2014,0.739893689742795
"Asunafo South",2015,0.747728228759172
"Asunafo South",2016,0.755231580487095
"Asunafo South",2017,0.762301397584461
"Asunafo South",2018,0.768892694826514
"Asunafo South",2019,0.775188881152706
"Asunafo South",2020,0.781212493717876
"Asunafo South",2021,0.786984170952134
"Asunafo South",2022,0.792527667634015
"Asunafo South",2023,0.797843579652535
"Asunafo South",2024,0.80297167428503
"Asunafo South",2025,0.807898322308674
"Asuogyaman",1970,0
"Asuogyaman",1971,0
"Asuogyaman",1972,0
"Asuogyaman",1973,0
"Asuogyaman",1974,0
"Asuogyaman",1975,0
"Asuogyaman",1976,0
"Asuogyaman",1977,0
"Asuogyaman",1978,0
"Asuogyaman",1979,0
"Asuogyaman",1980,0.971988664
"Asuogyaman",1981,0.933644549319678
"Asuogyaman",1982,0.896837655798749
"Asuogyaman",1983,0.8603706117044
"Asuogyaman",1984,0.825083049492181
"Asuogyaman",1985,0.79207470147416
"Asuogyaman",1986,0.760570086813413
"Asuogyaman",1987,0.730534772268918
"Asuogyaman",1988,0.701987698202422
"Asuogyaman",1989,0.674995589678493
"Asuogyaman",1990,0.887797469340292
"Asuogyaman",1991,0.854416096506653
"Asuogyaman",1992,0.822705695298226
"Asuogyaman",1993,0.792667265364804
"Asuogyaman",1994,0.764220251985158
"Asuogyaman",1995,0.737469017055625
"Asuogyaman",1996,0.712156945205599
"Asuogyaman",1997,0.68827969024581
"Asuogyaman",1998,0.665341403421338
"Asuogyaman",1999,0.643229342370225
"Asuogyaman",2000,0.655126193264455
"Asuogyaman",2001,0.659819258073331
"Asuogyaman",2002,0.662223659635104
"Asuogyaman",2003,0.671097383381439
"Asuogyaman",2004,0.678183450754033
"Asuogyaman",2005,0.687010035829041
"Asuogyaman",2006,0.695823399525523
"Asuogyaman",2007,0.705567417377092
"Asuogyaman",2008,0.714829503130245
"Asuogyaman",2009,0.723694104822007
"Asuogyaman",2010,0.730505812398346
"Asuogyaman",2011,0.732548465448758
"Asuogyaman",2012,0.731809226835764
"Asuogyaman",2013,0.730457142552707
"Asuogyaman",2014,0.728840447066154
"Asuogyaman",2015,0.733914597437858
"Asuogyaman",2016,0.736866587707447
"Asuogyaman",2017,0.73996875672295
"Asuogyaman",2018,0.924230964957792
"Asuogyaman",2019,0.926295183403952
"Asuogyaman",2020,0.928270037946904
"Asuogyaman",2021,0.930162294941059
"Asuogyaman",2022,0.931979742442472
"Asuogyaman",2023,0.933722575814658
"Asuogyaman",2024,0.935310351500064
"Asuogyaman",2025,0.932572401205377
"Asutifi North",1970,0.954342586644847
"Asutifi North",1971,0.912306798984791
"Asutifi North",1972,0.874184821894739
"Asutifi North",1973,0.837299966998717
"Asutifi North",1974,0.802007767884594
"Asutifi North",1975,0.768554067783098
"Asutifi North",1976,0.736790133389933
"Asutifi North",1977,0.706813380597594
"Asutifi North",1978,0.677157077250602
"Asutifi North",1979,0.648731947954737
"Asutifi North",1980,0.937843214544404
"Asutifi North",1981,0.900846108402585
"Asutifi North",1982,0.865332221651061
"Asutifi North",1983,0.830146245594887
"Asutifi North",1984,0.796098316843999
"Asutifi North",1985,0.764249534693982
"Asutifi North",1986,0.73385166054098
"Asutifi North",1987,0.704871470765575
"Asutifi North",1988,0.677327240364592
"Asutifi North",1989,0.651283350386248
"Asutifi North",1990,0.844004927670153
"Asutifi North",1991,0.812270163676151
"Asutifi North",1992,0.782123946996577
"Asutifi North",1993,0.753567227971322
"Asutifi North",1994,0.726523425416038
"Asutifi North",1995,0.701091753349474
"Asutifi North",1996,0.677028254512472
"Asutifi North",1997,0.654328797101006
"Asutifi North",1998,0.632521991178759
"Asutifi North",1999,0.61150065564606
"Asutifi North",2000,0.624455529241862
"Asutifi North",2001,0.637110751744435
"Asutifi North",2002,0.643892059178743
"Asutifi North",2003,0.652039919498903
"Asutifi North",2004,0.663443932890263
"Asutifi North",2005,0.674330812677706
"Asutifi North",2006,0.684912638011125
"Asutifi North",2007,0.69500617208059
"Asutifi North",2008,0.70460048723147
"Asutifi North",2009,0.713783060637125
"Asutifi North",2010,0.722634817338893
"Asutifi North",2011,0.731244793618495
"Asutifi North",2012,0.739600019218079
"Asutifi North",2013,0.747664499624128
"Asutifi North",2014,0.755416600703138
"Asutifi North",2015,0.762783581468251
"Asutifi North",2016,0.769839139904802
"Asutifi North",2017,0.776487036668133
"Asutifi North",2018,0.782684971211294
"Asutifi North",2019,0.788605406792975
"Asutifi North",2020,0.920387885972969
"Asutifi North",2021,0.922488076399329
"Asutifi North",2022,0.924505236782232
"Asutifi North",2023,0.926439583952999
"Asutifi North",2024,0.928305588376932
"Asutifi North",2025,0.930098290670104
"Asutifi South",1970,0.954342586644847
"Asutifi South",1971,0.912306798984791
"Asutifi South",1972,0.874184821894739
"Asutifi South",1973,0.837299966998717
"Asutifi South",1974,0.802007767884594
"Asutifi South",1975,0.768554067783098
"Asutifi South",1976,0.736790133389933
"Asutifi South",1977,0.706813380597594
"Asutifi South",1978,0.677157077250602
"Asutifi South",1979,0.648731947954736
"Asutifi South",1980,0.937843214544404
"Asutifi South",1981,0.900846108402585
"Asutifi South",1982,0.86533222165106
"Asutifi South",1983,0.830146245594886
"Asutifi South",1984,0.796098316843999
"Asutifi South",1985,0.764249534693982
"Asutifi South",1986,0.733851660540979
"Asutifi South",1987,0.704871470765575
"Asutifi South",1988,0.677327240364592
"Asutifi South",1989,0.651283350386248
"Asutifi South",1990,0.844004927670153
"Asutifi South",1991,0.812270163676151
"Asutifi South",1992,0.782123946996577
"Asutifi South",1993,0.753567227971322
"Asutifi South",1994,0.726523425416038
"Asutifi South",1995,0.701091753349474
"Asutifi South",1996,0.677028254512472
"Asutifi South",1997,0.654328797101005
"Asutifi South",1998,0.632521991178759
"Asutifi South",1999,0.61150065564606
"Asutifi South",2000,0.624455529241862
"Asutifi South",2001,0.637110751744435
"Asutifi South",2002,0.643892059178742
"Asutifi South",2003,0.652039919498903
"Asutifi South",2004,0.663443932890262
"Asutifi South",2005,0.674330812677705
"Asutifi South",2006,0.684912638011124
"Asutifi South",2007,0.69500617208059
"Asutifi South",2008,0.70460048723147
"Asutifi South",2009,0.713783060637125
"Asutifi South",2010,0.722634817338893
"Asutifi South",2011,0.731244793618495
"Asutifi South",2012,0.739600019218079
"Asutifi South",2013,0.747664499624128
"Asutifi South",2014,0.755416600703138
"Asutifi South",2015,0.76278358146825
"Asutifi South",2016,0.769839139904802
"Asutifi South",2017,0.776487036668133
"Asutifi South",2018,0.782684971211294
"Asutifi South",2019,0.788605406792975
"Asutifi South",2020,0.920387886178699
"Asutifi South",2021,0.922488076599633
"Asutifi South",2022,0.924505236977322
"Asutifi South",2023,0.926439584143091
"Asutifi South",2024,0.928305588562202
"Asutifi South",2025,0.930098290850741
"Atebubu-Amanten",1970,0.954342586644847
"Atebubu-Amanten",1971,0.912306798984791
"Atebubu-Amanten",1972,0.874184821894739
"Atebubu-Amanten",1973,0.837299966998717
"Atebubu-Amanten",1974,0.802007767884594
"Atebubu-Amanten",1975,0.768554067783098
"Atebubu-Amanten",1976,0.736790133389933
"Atebubu-Amanten",1977,0.706813380597594
"Atebubu-Amanten",1978,0.677157077250602
"Atebubu-Amanten",1979,0.648731947954736
"Atebubu-Amanten",1980,0.937843214544404
"Atebubu-Amanten",1981,0.900846108402585
"Atebubu-Amanten",1982,0.86533222165106
"Atebubu-Amanten",1983,0.830146245594886
"Atebubu-Amanten",1984,0.796098316843999
"Atebubu-Amanten",1985,0.764249534693982
"Atebubu-Amanten",1986,0.733851660540979
"Atebubu-Amanten",1987,0.704871470765575
"Atebubu-Amanten",1988,0.677327240364592
"Atebubu-Amanten",1989,0.651283350386248
"Atebubu-Amanten",1990,0.844004927670153
"Atebubu-Amanten",1991,0.812270163676151
"Atebubu-Amanten",1992,0.782123946996577
"Atebubu-Amanten",1993,0.753567227971322
"Atebubu-Amanten",1994,0.726523425416039
"Atebubu-Amanten",1995,0.701091753349474
"Atebubu-Amanten",1996,0.677028254512472
"Atebubu-Amanten",1997,0.654328797101006
"Atebubu-Amanten",1998,0.632521991178759
"Atebubu-Amanten",1999,0.611500655646061
"Atebubu-Amanten",2000,0.624455529241862
"Atebubu-Amanten",2001,0.627955604870067
"Atebubu-Amanten",2002,0.637558902423213
"Atebubu-Amanten",2003,0.649185749440793
"Atebubu-Amanten",2004,0.660683305153205
"Atebubu-Amanten",2005,0.671659485432448
"Atebubu-Amanten",2006,0.682328109024401
"Atebubu-Amanten",2007,0.687114053161698
"Atebubu-Amanten",2008,0.687352667250447
"Atebubu-Amanten",2009,0.691842972379322
"Atebubu-Amanten",2010,0.697806787842354
"Atebubu-Amanten",2011,0.703981792493614
"Atebubu-Amanten",2012,0.713184586882607
"Atebubu-Amanten",2013,0.719373251613251
"Atebubu-Amanten",2014,0.727994499577677
"Atebubu-Amanten",2015,0.736187448467
"Atebubu-Amanten",2016,0.744034059107013
"Atebubu-Amanten",2017,0.75142730202973
"Atebubu-Amanten",2018,0.758320134052852
"Atebubu-Amanten",2019,0.764904354599884
"Atebubu-Amanten",2020,0.77120353184214
"Atebubu-Amanten",2021,0.777239248364465
"Atebubu-Amanten",2022,0.783036345665001
"Atebubu-Amanten",2023,0.788595446893144
"Atebubu-Amanten",2024,0.793958138576193
"Atebubu-Amanten",2025,0.799110167989669
"Atiwa East",1970,0
"Atiwa East",1971,0
"Atiwa East",1972,0
"Atiwa East",1973,0
"Atiwa East",1974,0
"Atiwa East",1975,0
"Atiwa East",1976,0
"Atiwa East",1977,0
"Atiwa East",1978,0
"Atiwa East",1979,0
"Atiwa East",1980,0
"Atiwa East",1981,0
"Atiwa East",1982,0
"Atiwa East",1983,0
"Atiwa East",1984,0
"Atiwa East",1985,0
"Atiwa East",1986,0
"Atiwa East",1987,0
"Atiwa East",1988,0
"Atiwa East",1989,0
"Atiwa East",1990,0
"Atiwa East",1991,0
"Atiwa East",1992,0
"Atiwa East",1993,0
"Atiwa East",1994,0
"Atiwa East",1995,0
"Atiwa East",1996,0
"Atiwa East",1997,0
"Atiwa East",1998,0
"Atiwa East",1999,0
"Atiwa East",2000,0.0333459342572247
"Atiwa East",2001,0.059958176728161
"Atiwa East",2002,0.0914292871514214
"Atiwa East",2003,0.121548198675974
"Atiwa East",2004,0.146752550976354
"Atiwa East",2005,0.173234191413504
"Atiwa East",2006,0.199399663551012
"Atiwa East",2007,0.225046159560772
"Atiwa East",2008,0.249424198366605
"Atiwa East",2009,0.272756049290839
"Atiwa East",2010,0.295247333450469
"Atiwa East",2011,0.317124281680816
"Atiwa East",2012,0.338353938065354
"Atiwa East",2013,0.358844844732048
"Atiwa East",2014,0.378542031864107
"Atiwa East",2015,0.397260673075019
"Atiwa East",2016,0.415188026373112
"Atiwa East",2017,0.432079558777984
"Atiwa East",2018,0.447827789520159
"Atiwa East",2019,0.462870927679364
"Atiwa East",2020,0.845086583198209
"Atiwa East",2021,0.849173243612369
"Atiwa East",2022,0.853098339823814
"Atiwa East",2023,0.856862293754277
"Atiwa East",2024,0.860493262792236
"Atiwa East",2025,0.863981596708974
"Atiwa West",1970,0
"Atiwa West",1971,0
"Atiwa West",1972,0
"Atiwa West",1973,0
"Atiwa West",1974,0
"Atiwa West",1975,0
"Atiwa West",1976,0
"Atiwa West",1977,0
"Atiwa West",1978,0
"Atiwa West",1979,0
"Atiwa West",1980,0
"Atiwa West",1981,0
"Atiwa West",1982,0
"Atiwa West",1983,0
"Atiwa West",1984,0
"Atiwa West",1985,0
"Atiwa West",1986,0
"Atiwa West",1987,0
"Atiwa West",1988,0
"Atiwa West",1989,0
"Atiwa West",1990,0
"Atiwa West",1991,0
"Atiwa West",1992,0
"Atiwa West",1993,0
"Atiwa West",1994,0
"Atiwa West",1995,0
"Atiwa West",1996,0
"Atiwa West",1997,0
"Atiwa West",1998,0
"Atiwa West",1999,0
"Atiwa West",2000,0.0333459342572245
"Atiwa West",2001,0.0599581767281608
"Atiwa West",2002,0.0914292871514213
"Atiwa West",2003,0.121548198675974
"Atiwa West",2004,0.146752550976354
"Atiwa West",2005,0.173234191413504
"Atiwa West",2006,0.199399663551012
"Atiwa West",2007,0.225046159560772
"Atiwa West",2008,0.249424198366605
"Atiwa West",2009,0.272756049290839
"Atiwa West",2010,0.295247333450469
"Atiwa West",2011,0.317124281680816
"Atiwa West",2012,0.338353938065354
"Atiwa West",2013,0.358844844732048
"Atiwa West",2014,0.378542031864107
"Atiwa West",2015,0.397260673075019
"Atiwa West",2016,0.415188026373112
"Atiwa West",2017,0.432079558777984
"Atiwa West",2018,0.447827789520159
"Atiwa West",2019,0.462870927679364
"Atiwa West",2020,0.845086583198209
"Atiwa West",2021,0.849173243612369
"Atiwa West",2022,0.853098339823814
"Atiwa West",2023,0.856862293754277
"Atiwa West",2024,0.860493262792236
"Atiwa West",2025,0.863981596708974
"Atwima Kwanwoma",1970,0
"Atwima Kwanwoma",1971,0
"Atwima Kwanwoma",1972,0
"Atwima Kwanwoma",1973,0
"Atwima Kwanwoma",1974,0
"Atwima Kwanwoma",1975,0
"Atwima Kwanwoma",1976,0
"Atwima Kwanwoma",1977,0
"Atwima Kwanwoma",1978,0
"Atwima Kwanwoma",1979,0
"Atwima Kwanwoma",1980,0
"Atwima Kwanwoma",1981,0
"Atwima Kwanwoma",1982,0
"Atwima Kwanwoma",1983,0
"Atwima Kwanwoma",1984,0
"Atwima Kwanwoma",1985,0
"Atwima Kwanwoma",1986,0
"Atwima Kwanwoma",1987,0
"Atwima Kwanwoma",1988,0
"Atwima Kwanwoma",1989,0
"Atwima Kwanwoma",1990,0
"Atwima Kwanwoma",1991,0
"Atwima Kwanwoma",1992,0
"Atwima Kwanwoma",1993,0
"Atwima Kwanwoma",1994,0
"Atwima Kwanwoma",1995,0
"Atwima Kwanwoma",1996,0
"Atwima Kwanwoma",1997,0
"Atwima Kwanwoma",1998,0
"Atwima Kwanwoma",1999,0
"Atwima Kwanwoma",2000,0.012124356910984
"Atwima Kwanwoma",2001,0.0285710195056741
"Atwima Kwanwoma",2002,0.0463179715543148
"Atwima Kwanwoma",2003,0.0649739920854707
"Atwima Kwanwoma",2004,0.0815243335643854
"Atwima Kwanwoma",2005,0.0920532091010422
"Atwima Kwanwoma",2006,0.101719684814698
"Atwima Kwanwoma",2007,0.11245474034754
"Atwima Kwanwoma",2008,0.121504226623241
"Atwima Kwanwoma",2009,0.148812504318034
"Atwima Kwanwoma",2010,0.175136958196047
"Atwima Kwanwoma",2011,0.200742375414292
"Atwima Kwanwoma",2012,0.225590183408463
"Atwima Kwanwoma",2013,0.249573337222074
"Atwima Kwanwoma",2014,0.272627498580952
"Atwima Kwanwoma",2015,0.289649865120393
"Atwima Kwanwoma",2016,0.307013088855268
"Atwima Kwanwoma",2017,0.327029113481367
"Atwima Kwanwoma",2018,0.607444117216523
"Atwima Kwanwoma",2019,0.618138737966794
"Atwima Kwanwoma",2020,0.628370368448102
"Atwima Kwanwoma",2021,0.638174064831194
"Atwima Kwanwoma",2022,0.64759017667599
"Atwima Kwanwoma",2023,0.65418992691861
"Atwima Kwanwoma",2024,0.662962078585045
"Atwima Kwanwoma",2025,0.67138963438651
"Atwima Mponua",1970,0
"Atwima Mponua",1971,0
"Atwima Mponua",1972,0
"Atwima Mponua",1973,0
"Atwima Mponua",1974,0
"Atwima Mponua",1975,0
"Atwima Mponua",1976,0
"Atwima Mponua",1977,0
"Atwima Mponua",1978,0
"Atwima Mponua",1979,0
"Atwima Mponua",1980,0.26191485
"Atwima Mponua",1981,0.251582535008228
"Atwima Mponua",1982,0.24166444403397
"Atwima Mponua",1983,0.231837929859814
"Atwima Mponua",1984,0.222329242252652
"Atwima Mponua",1985,0.213434718231857
"Atwima Mponua",1986,0.20494539450948
"Atwima Mponua",1987,0.196851992605747
"Atwima Mponua",1988,0.189159616244797
"Atwima Mponua",1989,0.181886245353685
"Atwima Mponua",1990,0.337015379398074
"Atwima Mponua",1991,0.324343529771473
"Atwima Mponua",1992,0.31230599501474
"Atwima Mponua",1993,0.300903154603337
"Atwima Mponua",1994,0.290104429288196
"Atwima Mponua",1995,0.279949435722104
"Atwima Mponua",1996,0.270340760554076
"Atwima Mponua",1997,0.261276753934146
"Atwima Mponua",1998,0.252569187508398
"Atwima Mponua",1999,0.244175263328876
"Atwima Mponua",2000,0.252248385295191
"Atwima Mponua",2001,0.269911164156671
"Atwima Mponua",2002,0.288439645479999
"Atwima Mponua",2003,0.310114947666139
"Atwima Mponua",2004,0.332725180322667
"Atwima Mponua",2005,0.354310115068907
"Atwima Mponua",2006,0.374457354272372
"Atwima Mponua",2007,0.393343154179259
"Atwima Mponua",2008,0.411190352792628
"Atwima Mponua",2009,0.42891403911493
"Atwima Mponua",2010,0.444297443655149
"Atwima Mponua",2011,0.460493122522995
"Atwima Mponua",2012,0.477265641033572
"Atwima Mponua",2013,0.49345450933838
"Atwima Mponua",2014,0.509016298459912
"Atwima Mponua",2015,0.52380498606352
"Atwima Mponua",2016,0.536980126234942
"Atwima Mponua",2017,0.550353852414482
"Atwima Mponua",2018,0.562822379289954
"Atwima Mponua",2019,0.574732655148891
"Atwima Mponua",2020,0.586127312740279
"Atwima Mponua",2021,0.597045393061822
"Atwima Mponua",2022,0.607531832198738
"Atwima Mponua",2023,0.617587757373478
"Atwima Mponua",2024,0.627288394956212
"Atwima Mponua",2025,0.636607963021946
"Atwima Nwabiagya",1970,0
"Atwima Nwabiagya",1971,0
"Atwima Nwabiagya",1972,0
"Atwima Nwabiagya",1973,0
"Atwima Nwabiagya",1974,0
"Atwima Nwabiagya",1975,0
"Atwima Nwabiagya",1976,0
"Atwima Nwabiagya",1977,0
"Atwima Nwabiagya",1978,0
"Atwima Nwabiagya",1979,0
"Atwima Nwabiagya",1980,0.26191485
"Atwima Nwabiagya",1981,0.251582535008228
"Atwima Nwabiagya",1982,0.24166444403397
"Atwima Nwabiagya",1983,0.231837929859814
"Atwima Nwabiagya",1984,0.222329242252652
"Atwima Nwabiagya",1985,0.213434718231857
"Atwima Nwabiagya",1986,0.20494539450948
"Atwima Nwabiagya",1987,0.196851992605747
"Atwima Nwabiagya",1988,0.189159616244797
"Atwima Nwabiagya",1989,0.181886245353685
"Atwima Nwabiagya",1990,0.337015379398074
"Atwima Nwabiagya",1991,0.324343529771473
"Atwima Nwabiagya",1992,0.31230599501474
"Atwima Nwabiagya",1993,0.300903154603337
"Atwima Nwabiagya",1994,0.290104429288196
"Atwima Nwabiagya",1995,0.279949435722104
"Atwima Nwabiagya",1996,0.270340760554076
"Atwima Nwabiagya",1997,0.261276753934146
"Atwima Nwabiagya",1998,0.252569187508398
"Atwima Nwabiagya",1999,0.244175263328876
"Atwima Nwabiagya",2000,0.252248385295191
"Atwima Nwabiagya",2001,0.269911164156672
"Atwima Nwabiagya",2002,0.288439645479999
"Atwima Nwabiagya",2003,0.310114947666139
"Atwima Nwabiagya",2004,0.332725180322667
"Atwima Nwabiagya",2005,0.354310115068908
"Atwima Nwabiagya",2006,0.375290231849604
"Atwima Nwabiagya",2007,0.395302235151014
"Atwima Nwabiagya",2008,0.414324459195911
"Atwima Nwabiagya",2009,0.43253034110454
"Atwima Nwabiagya",2010,0.450080327374952
"Atwima Nwabiagya",2011,0.467150946302538
"Atwima Nwabiagya",2012,0.483716482331066
"Atwima Nwabiagya",2013,0.499705570731552
"Atwima Nwabiagya",2014,0.515075318464937
"Atwima Nwabiagya",2015,0.523861482964824
"Atwima Nwabiagya",2016,0.523764224838989
"Atwima Nwabiagya",2017,0.53070909939624
"Atwima Nwabiagya",2018,0.836221525341585
"Atwima Nwabiagya",2019,0.837966693326426
"Atwima Nwabiagya",2020,0.838257390352265
"Atwima Nwabiagya",2021,0.840686694846714
"Atwima Nwabiagya",2022,0.843231555949197
"Atwima Nwabiagya",2023,0.846233936392199
"Atwima Nwabiagya",2024,0.850134514588488
"Atwima Nwabiagya",2025,0.853881866624475
"Atwima Nwabiagya North",1970,0
"Atwima Nwabiagya North",1971,0
"Atwima Nwabiagya North",1972,0
"Atwima Nwabiagya North",1973,0
"Atwima Nwabiagya North",1974,0
"Atwima Nwabiagya North",1975,0
"Atwima Nwabiagya North",1976,0
"Atwima Nwabiagya North",1977,0
"Atwima Nwabiagya North",1978,0
"Atwima Nwabiagya North",1979,0
"Atwima Nwabiagya North",1980,0
"Atwima Nwabiagya North",1981,0
"Atwima Nwabiagya North",1982,0
"Atwima Nwabiagya North",1983,0
"Atwima Nwabiagya North",1984,0
"Atwima Nwabiagya North",1985,0
"Atwima Nwabiagya North",1986,0
"Atwima Nwabiagya North",1987,0
"Atwima Nwabiagya North",1988,0
"Atwima Nwabiagya North",1989,0
"Atwima Nwabiagya North",1990,0
"Atwima Nwabiagya North",1991,0
"Atwima Nwabiagya North",1992,0
"Atwima Nwabiagya North",1993,0
"Atwima Nwabiagya North",1994,0
"Atwima Nwabiagya North",1995,0
"Atwima Nwabiagya North",1996,0
"Atwima Nwabiagya North",1997,0
"Atwima Nwabiagya North",1998,0
"Atwima Nwabiagya North",1999,0
"Atwima Nwabiagya North",2000,0.01621537424452
"Atwima Nwabiagya North",2001,0.0418320720300855
"Atwima Nwabiagya North",2002,0.0679962798879731
"Atwima Nwabiagya North",2003,0.0969792292726719
"Atwima Nwabiagya North",2004,0.126574753412165
"Atwima Nwabiagya North",2005,0.154828220195811
"Atwima Nwabiagya North",2006,0.182290014245649
"Atwima Nwabiagya North",2007,0.208484602146781
"Atwima Nwabiagya North",2008,0.233383624614163
"Atwima Nwabiagya North",2009,0.257214101093227
"Atwima Nwabiagya North",2010,0.280186047034871
"Atwima Nwabiagya North",2011,0.302530528059113
"Atwima Nwabiagya North",2012,0.32421388394773
"Atwima Nwabiagya North",2013,0.345142702280276
"Atwima Nwabiagya North",2014,0.365260838478665
"Atwima Nwabiagya North",2015,0.378559493996206
"Atwima Nwabiagya North",2016,0.395129455765614
"Atwima Nwabiagya North",2017,0.412600353865259
"Atwima Nwabiagya North",2018,0.428888735993744
"Atwima Nwabiagya North",2019,0.444447841442492
"Atwima Nwabiagya North",2020,0.459333363920442
"Atwima Nwabiagya North",2021,0.473596305017085
"Atwima Nwabiagya North",2022,0.487295367427193
"Atwima Nwabiagya North",2023,0.500432023708844
"Atwima Nwabiagya North",2024,0.513104546567044
"Atwima Nwabiagya North",2025,0.525279255531719
"Awutu Senya",1970,0
"Awutu Senya",1971,0
"Awutu Senya",1972,0
"Awutu Senya",1973,0
"Awutu Senya",1974,0
"Awutu Senya",1975,0
"Awutu Senya",1976,0
"Awutu Senya",1977,0
"Awutu Senya",1978,0
"Awutu Senya",1979,0
"Awutu Senya",1980,0.26191485
"Awutu Senya",1981,0.251582535008228
"Awutu Senya",1982,0.24166444403397
"Awutu Senya",1983,0.231837929859814
"Awutu Senya",1984,0.222329242252652
"Awutu Senya",1985,0.213434718231857
"Awutu Senya",1986,0.20494539450948
"Awutu Senya",1987,0.196851992605747
"Awutu Senya",1988,0.189159616244797
"Awutu Senya",1989,0.181886245353685
"Awutu Senya",1990,0.337015379398074
"Awutu Senya",1991,0.324343529771473
"Awutu Senya",1992,0.31230599501474
"Awutu Senya",1993,0.300903154603337
"Awutu Senya",1994,0.290104429288196
"Awutu Senya",1995,0.279949435722104
"Awutu Senya",1996,0.270340760554076
"Awutu Senya",1997,0.261276753934146
"Awutu Senya",1998,0.252569187508398
"Awutu Senya",1999,0.244175263328876
"Awutu Senya",2000,0.260414622959481
"Awutu Senya",2001,0.279514117540774
"Awutu Senya",2002,0.302047870267036
"Awutu Senya",2003,0.320781518655285
"Awutu Senya",2004,0.339342999001916
"Awutu Senya",2005,0.359388497834333
"Awutu Senya",2006,0.378375632233736
"Awutu Senya",2007,0.398288797569388
"Awutu Senya",2008,0.417217072103061
"Awutu Senya",2009,0.435333036360488
"Awutu Senya",2010,0.452796344405041
"Awutu Senya",2011,0.46978265267049
"Awutu Senya",2012,0.48626637260804
"Awutu Senya",2013,0.498266110035521
"Awutu Senya",2014,0.511824998894325
"Awutu Senya",2015,0.520990441623521
"Awutu Senya",2016,0.528975244604405
"Awutu Senya",2017,0.53657424400116
"Awutu Senya",2018,0.546587258062938
"Awutu Senya",2019,0.557508656111935
"Awutu Senya",2020,0.783425364274706
"Awutu Senya",2021,0.789138665348313
"Awutu Senya",2022,0.794626093743673
"Awutu Senya",2023,0.799888239322837
"Awutu Senya",2024,0.804964467147132
"Awutu Senya",2025,0.809841285843039
"Awutu Senya East",1970,0
"Awutu Senya East",1971,0
"Awutu Senya East",1972,0
"Awutu Senya East",1973,0
"Awutu Senya East",1974,0
"Awutu Senya East",1975,0
"Awutu Senya East",1976,0
"Awutu Senya East",1977,0
"Awutu Senya East",1978,0
"Awutu Senya East",1979,0
"Awutu Senya East",1980,0.26191485
"Awutu Senya East",1981,0.251582535008228
"Awutu Senya East",1982,0.24166444403397
"Awutu Senya East",1983,0.231837929859814
"Awutu Senya East",1984,0.222329242252652
"Awutu Senya East",1985,0.213434718231857
"Awutu Senya East",1986,0.20494539450948
"Awutu Senya East",1987,0.196851992605747
"Awutu Senya East",1988,0.189159616244797
"Awutu Senya East",1989,0.181886245353685
"Awutu Senya East",1990,0.337015379398074
"Awutu Senya East",1991,0.324343529771473
"Awutu Senya East",1992,0.31230599501474
"Awutu Senya East",1993,0.300903154603337
"Awutu Senya East",1994,0.290104429288196
"Awutu Senya East",1995,0.279949435722104
"Awutu Senya East",1996,0.270340760554076
"Awutu Senya East",1997,0.261276753934146
"Awutu Senya East",1998,0.252569187508398
"Awutu Senya East",1999,0.244175263328876
"Awutu Senya East",2000,0.260414622959481
"Awutu Senya East",2001,0.279514117540774
"Awutu Senya East",2002,0.302047870267036
"Awutu Senya East",2003,0.320781518655285
"Awutu Senya East",2004,0.339342999001915
"Awutu Senya East",2005,0.359388497834333
"Awutu Senya East",2006,0.378375632233736
"Awutu Senya East",2007,0.398288797569387
"Awutu Senya East",2008,0.41721707210306
"Awutu Senya East",2009,0.435333036360488
"Awutu Senya East",2010,0.45279634440504
"Awutu Senya East",2011,0.469782652670489
"Awutu Senya East",2012,0.486266372608039
"Awutu Senya East",2013,0.502176491954402
"Awutu Senya East",2014,0.51747032951641
"Awutu Senya East",2015,0.532004377253371
"Awutu Senya East",2016,0.545924031233381
"Awutu Senya East",2017,0.559039424362436
"Awutu Senya East",2018,0.571267103433822
"Awutu Senya East",2019,0.582947314922256
"Awutu Senya East",2020,0.79655501424581
"Awutu Senya East",2021,0.801921951383378
"Awutu Senya East",2022,0.807076709178456
"Awutu Senya East",2023,0.812019841733218
"Awutu Senya East",2024,0.816788327636197
"Awutu Senya East",2025,0.821369493416722
"Ayawaso Central",1970,0
"Ayawaso Central",1971,0
"Ayawaso Central",1972,0
"Ayawaso Central",1973,0
"Ayawaso Central",1974,0
"Ayawaso Central",1975,0
"Ayawaso Central",1976,0
"Ayawaso Central",1977,0
"Ayawaso Central",1978,0
"Ayawaso Central",1979,0
"Ayawaso Central",1980,0.26191485
"Ayawaso Central",1981,0.251582535008228
"Ayawaso Central",1982,0.24166444403397
"Ayawaso Central",1983,0.231837929859814
"Ayawaso Central",1984,0.222329242252652
"Ayawaso Central",1985,0.213434718231857
"Ayawaso Central",1986,0.20494539450948
"Ayawaso Central",1987,0.196851992605747
"Ayawaso Central",1988,0.189159616244797
"Ayawaso Central",1989,0.181886245353685
"Ayawaso Central",1990,0.337015379398074
"Ayawaso Central",1991,0.324343529771473
"Ayawaso Central",1992,0.31230599501474
"Ayawaso Central",1993,0.300903154603337
"Ayawaso Central",1994,0.290104429288196
"Ayawaso Central",1995,0.279949435722104
"Ayawaso Central",1996,0.270340760554076
"Ayawaso Central",1997,0.261276753934146
"Ayawaso Central",1998,0.252569187508398
"Ayawaso Central",1999,0.244175263328876
"Ayawaso Central",2000,0.259559614398019
"Ayawaso Central",2001,0.27124203238358
"Ayawaso Central",2002,0.292709571110993
"Ayawaso Central",2003,0.310566241768927
"Ayawaso Central",2004,0.329178236052267
"Ayawaso Central",2005,0.348986758971029
"Ayawaso Central",2006,0.366946494956834
"Ayawaso Central",2007,0.386256701150613
"Ayawaso Central",2008,0.403467058830313
"Ayawaso Central",2009,0.420467569737289
"Ayawaso Central",2010,0.435247699619931
"Ayawaso Central",2011,0.446350113054589
"Ayawaso Central",2012,0.457098327229145
"Ayawaso Central",2013,0.469179152405436
"Ayawaso Central",2014,0.479019192793194
"Ayawaso Central",2015,0.494711409013589
"Ayawaso Central",2016,0.509740272542907
"Ayawaso Central",2017,0.523900786428741
"Ayawaso Central",2018,0.537102847364169
"Ayawaso Central",2019,0.549713814900098
"Ayawaso Central",2020,0.561778829906463
"Ayawaso Central",2021,0.573339230196127
"Ayawaso Central",2022,0.584442595482493
"Ayawaso Central",2023,0.595090119303465
"Ayawaso Central",2024,0.605361453660669
"Ayawaso Central",2025,0.615229299856495
"Ayawaso East",1970,0
"Ayawaso East",1971,0
"Ayawaso East",1972,0
"Ayawaso East",1973,0
"Ayawaso East",1974,0
"Ayawaso East",1975,0
"Ayawaso East",1976,0
"Ayawaso East",1977,0
"Ayawaso East",1978,0
"Ayawaso East",1979,0
"Ayawaso East",1980,0.26191485
"Ayawaso East",1981,0.251582535008228
"Ayawaso East",1982,0.24166444403397
"Ayawaso East",1983,0.231837929859814
"Ayawaso East",1984,0.222329242252652
"Ayawaso East",1985,0.213434718231857
"Ayawaso East",1986,0.20494539450948
"Ayawaso East",1987,0.196851992605747
"Ayawaso East",1988,0.189159616244797
"Ayawaso East",1989,0.181886245353685
"Ayawaso East",1990,0.337015379398074
"Ayawaso East",1991,0.324343529771473
"Ayawaso East",1992,0.31230599501474
"Ayawaso East",1993,0.300903154603337
"Ayawaso East",1994,0.290104429288196
"Ayawaso East",1995,0.279949435722103
"Ayawaso East",1996,0.270340760554076
"Ayawaso East",1997,0.261276753934146
"Ayawaso East",1998,0.252569187508398
"Ayawaso East",1999,0.244175263328876
"Ayawaso East",2000,0.259559614398019
"Ayawaso East",2001,0.27124203238358
"Ayawaso East",2002,0.292709571110993
"Ayawaso East",2003,0.310566241768927
"Ayawaso East",2004,0.329178236052267
"Ayawaso East",2005,0.348986758971029
"Ayawaso East",2006,0.366946494956834
"Ayawaso East",2007,0.386256701150613
"Ayawaso East",2008,0.403467058830312
"Ayawaso East",2009,0.420467569737289
"Ayawaso East",2010,0.435247699619931
"Ayawaso East",2011,0.446350113054589
"Ayawaso East",2012,0.457098327229144
"Ayawaso East",2013,0.469179152405436
"Ayawaso East",2014,0.479019192793194
"Ayawaso East",2015,0.494711409013588
"Ayawaso East",2016,0.509740272542907
"Ayawaso East",2017,0.52390078642874
"Ayawaso East",2018,0.537102847364169
"Ayawaso East",2019,0.549713814900097
"Ayawaso East",2020,0.561778829906463
"Ayawaso East",2021,0.573339230196127
"Ayawaso East",2022,0.584442595482493
"Ayawaso East",2023,0.595090119303465
"Ayawaso East",2024,0.605361453660668
"Ayawaso East",2025,0.615229299856495
"Ayawaso North",1970,0
"Ayawaso North",1971,0
"Ayawaso North",1972,0
"Ayawaso North",1973,0
"Ayawaso North",1974,0
"Ayawaso North",1975,0
"Ayawaso North",1976,0
"Ayawaso North",1977,0
"Ayawaso North",1978,0
"Ayawaso North",1979,0
"Ayawaso North",1980,0.26191485
"Ayawaso North",1981,0.251582535008228
"Ayawaso North",1982,0.24166444403397
"Ayawaso North",1983,0.231837929859814
"Ayawaso North",1984,0.222329242252652
"Ayawaso North",1985,0.213434718231857
"Ayawaso North",1986,0.20494539450948
"Ayawaso North",1987,0.196851992605747
"Ayawaso North",1988,0.189159616244797
"Ayawaso North",1989,0.181886245353684
"Ayawaso North",1990,0.337015379398074
"Ayawaso North",1991,0.324343529771473
"Ayawaso North",1992,0.31230599501474
"Ayawaso North",1993,0.300903154603337
"Ayawaso North",1994,0.290104429288196
"Ayawaso North",1995,0.279949435722103
"Ayawaso North",1996,0.270340760554076
"Ayawaso North",1997,0.261276753934146
"Ayawaso North",1998,0.252569187508398
"Ayawaso North",1999,0.244175263328876
"Ayawaso North",2000,0.259559614398019
"Ayawaso North",2001,0.27124203238358
"Ayawaso North",2002,0.292709571110993
"Ayawaso North",2003,0.310566241768927
"Ayawaso North",2004,0.329178236052268
"Ayawaso North",2005,0.348986758971029
"Ayawaso North",2006,0.366946494956834
"Ayawaso North",2007,0.386256701150613
"Ayawaso North",2008,0.403467058830313
"Ayawaso North",2009,0.420467569737289
"Ayawaso North",2010,0.435247699619931
"Ayawaso North",2011,0.446350113054589
"Ayawaso North",2012,0.457098327229145
"Ayawaso North",2013,0.469179152405436
"Ayawaso North",2014,0.479019192793194
"Ayawaso North",2015,0.494711409013588
"Ayawaso North",2016,0.508601472424661
"Ayawaso North",2017,0.519766819825407
"Ayawaso North",2018,0.533083514176406
"Ayawaso North",2019,0.545803982667478
"Ayawaso North",2020,0.557973758126462
"Ayawaso North",2021,0.5696345373022
"Ayawaso North",2022,0.580834313042458
"Ayawaso North",2023,0.591574289248625
"Ayawaso North",2024,0.601934809540176
"Ayawaso North",2025,0.611888338185075
"Ayawaso West",1970,0
"Ayawaso West",1971,0
"Ayawaso West",1972,0
"Ayawaso West",1973,0
"Ayawaso West",1974,0
"Ayawaso West",1975,0
"Ayawaso West",1976,0
"Ayawaso West",1977,0
"Ayawaso West",1978,0
"Ayawaso West",1979,0
"Ayawaso West",1980,0.26191485
"Ayawaso West",1981,0.251582535008228
"Ayawaso West",1982,0.24166444403397
"Ayawaso West",1983,0.231837929859814
"Ayawaso West",1984,0.222329242252652
"Ayawaso West",1985,0.213434718231857
"Ayawaso West",1986,0.20494539450948
"Ayawaso West",1987,0.196851992605747
"Ayawaso West",1988,0.189159616244797
"Ayawaso West",1989,0.181886245353685
"Ayawaso West",1990,0.337015379398074
"Ayawaso West",1991,0.324343529771473
"Ayawaso West",1992,0.31230599501474
"Ayawaso West",1993,0.300903154603337
"Ayawaso West",1994,0.290104429288196
"Ayawaso West",1995,0.279949435722104
"Ayawaso West",1996,0.270340760554076
"Ayawaso West",1997,0.261276753934146
"Ayawaso West",1998,0.252569187508398
"Ayawaso West",1999,0.244175263328876
"Ayawaso West",2000,0.259559614398019
"Ayawaso West",2001,0.27124203238358
"Ayawaso West",2002,0.292709571110993
"Ayawaso West",2003,0.310566241768927
"Ayawaso West",2004,0.329178236052268
"Ayawaso West",2005,0.34898675897103
"Ayawaso West",2006,0.366946494956834
"Ayawaso West",2007,0.386256701150613
"Ayawaso West",2008,0.403467058830313
"Ayawaso West",2009,0.420467569737289
"Ayawaso West",2010,0.435247699619931
"Ayawaso West",2011,0.446350113054589
"Ayawaso West",2012,0.457098327229145
"Ayawaso West",2013,0.469179152405436
"Ayawaso West",2014,0.479019192793194
"Ayawaso West",2015,0.494711409013588
"Ayawaso West",2016,0.509089188795934
"Ayawaso West",2017,0.523268508388056
"Ayawaso West",2018,0.536488102167445
"Ayawaso West",2019,0.549115817552598
"Ayawaso West",2020,0.561196855362261
"Ayawaso West",2021,0.572772608307499
"Ayawaso West",2022,0.5838907192894
"Ayawaso West",2023,0.594552383430935
"Ayawaso West",2024,0.604837358514646
"Ayawaso West",2025,0.614718309589204
"Ayensuano",1970,0
"Ayensuano",1971,0
"Ayensuano",1972,0
"Ayensuano",1973,0
"Ayensuano",1974,0
"Ayensuano",1975,0
"Ayensuano",1976,0
"Ayensuano",1977,0
"Ayensuano",1978,0
"Ayensuano",1979,0
"Ayensuano",1980,0.971988664
"Ayensuano",1981,0.933644549319678
"Ayensuano",1982,0.896837655798749
"Ayensuano",1983,0.8603706117044
"Ayensuano",1984,0.825083049492182
"Ayensuano",1985,0.79207470147416
"Ayensuano",1986,0.760570086813414
"Ayensuano",1987,0.730534772268918
"Ayensuano",1988,0.701987698202422
"Ayensuano",1989,0.674995589678493
"Ayensuano",1990,0.887797469340292
"Ayensuano",1991,0.854416096506653
"Ayensuano",1992,0.822705695298226
"Ayensuano",1993,0.792667265364804
"Ayensuano",1994,0.764220251985159
"Ayensuano",1995,0.737469017055625
"Ayensuano",1996,0.712156945205599
"Ayensuano",1997,0.688279690245811
"Ayensuano",1998,0.665341403421339
"Ayensuano",1999,0.643229342370226
"Ayensuano",2000,0.652416510583045
"Ayensuano",2001,0.657588860566053
"Ayensuano",2002,0.666209174244052
"Ayensuano",2003,0.677274263847404
"Ayensuano",2004,0.687851249033522
"Ayensuano",2005,0.697948603559787
"Ayensuano",2006,0.707763026425904
"Ayensuano",2007,0.717124569302485
"Ayensuano",2008,0.726023097017183
"Ayensuano",2009,0.734539742828529
"Ayensuano",2010,0.742749563028903
"Ayensuano",2011,0.750735136917406
"Ayensuano",2012,0.758484434849697
"Ayensuano",2013,0.765964072663271
"Ayensuano",2014,0.773153985149353
"Ayensuano",2015,0.77998670655584
"Ayensuano",2016,0.786530590231015
"Ayensuano",2017,0.792696376184745
"Ayensuano",2018,0.798444831539701
"Ayensuano",2019,0.803935912380614
"Ayensuano",2020,0.943453148804588
"Ayensuano",2021,0.944944870974923
"Ayensuano",2022,0.946377618608915
"Ayensuano",2023,0.945812108252794
"Ayensuano",2024,0.941549951720123
"Ayensuano",2025,0.943011481750361
"Banda",1970,0
"Banda",1971,0
"Banda",1972,0
"Banda",1973,0
"Banda",1974,0
"Banda",1975,0
"Banda",1976,0
"Banda",1977,0
"Banda",1978,0
"Banda",1979,0
"Banda",1980,0
"Banda",1981,0
"Banda",1982,0
"Banda",1983,0
"Banda",1984,0
"Banda",1985,0
"Banda",1986,0
"Banda",1987,0
"Banda",1988,0
"Banda",1989,0
"Banda",1990,0
"Banda",1991,0
"Banda",1992,0
"Banda",1993,0
"Banda",1994,0
"Banda",1995,0
"Banda",1996,0
"Banda",1997,0
"Banda",1998,0
"Banda",1999,0
"Banda",2000,0.0276529001791395
"Banda",2001,0.0417201757957948
"Banda",2002,0.0568573669936562
"Banda",2003,0.0728938482780468
"Banda",2004,0.103278744597829
"Banda",2005,0.119340515358848
"Banda",2006,0.135533167904421
"Banda",2007,0.152527482804883
"Banda",2008,0.169111225042877
"Banda",2009,0.18441730225344
"Banda",2010,0.20014139958576
"Banda",2011,0.217646801084735
"Banda",2012,0.230040766366295
"Banda",2013,0.249989030232252
"Banda",2014,0.269871224782867
"Banda",2015,0.291863087920526
"Banda",2016,0.31292529514539
"Banda",2017,0.332770553390777
"Banda",2018,0.351272587338641
"Banda",2019,0.368946233188814
"Banda",2020,0.750595227310479
"Banda",2021,0.780014407005893
"Banda",2022,0.82931708405401
"Banda",2023,0.83369036772941
"Banda",2024,0.8379091381801
"Banda",2025,0.841962182944795
"Bawku Municipal",1970,0.91546131354412
"Bawku Municipal",1971,0.875138123606189
"Bawku Municipal",1972,0.838569290034116
"Bawku Municipal",1973,0.803187176539937
"Bawku Municipal",1974,0.769332831767938
"Bawku Municipal",1975,0.737242082946284
"Bawku Municipal",1976,0.706772256376848
"Bawku Municipal",1977,0.678016799090234
"Bawku Municipal",1978,0.649568735683206
"Bawku Municipal",1979,0.622301686546963
"Bawku Municipal",1980,0.928503899425421
"Bawku Municipal",1981,0.891875221212056
"Bawku Municipal",1982,0.856714992059508
"Bawku Municipal",1983,0.821879408172367
"Bawku Municipal",1984,0.788170538584911
"Bawku Municipal",1985,0.756638915857751
"Bawku Municipal",1986,0.726543752564367
"Bawku Municipal",1987,0.697852155935795
"Bawku Municipal",1988,0.670582218981131
"Bawku Municipal",1989,0.644797681623417
"Bawku Municipal",1990,0.847785126483749
"Bawku Municipal",1991,0.815908226213919
"Bawku Municipal",1992,0.78562698817512
"Bawku Municipal",1993,0.756942366963704
"Bawku Municipal",1994,0.729777438397205
"Bawku Municipal",1995,0.704231860862293
"Bawku Municipal",1996,0.680060584443938
"Bawku Municipal",1997,0.657259458832248
"Bawku Municipal",1998,0.635354982790819
"Bawku Municipal",1999,0.61423949516844
"Bawku Municipal",2000,0.627103039601587
"Bawku Municipal",2001,0.614031835955931
"Bawku Municipal",2002,0.6269534383887
"Bawku Municipal",2003,0.635423918377718
"Bawku Municipal",2004,0.647372503143541
"Bawku Municipal",2005,0.658779259827477
"Bawku Municipal",2006,0.668215378187218
"Bawku Municipal",2007,0.678843793630013
"Bawku Municipal",2008,0.686319050243799
"Bawku Municipal",2009,0.696069907041416
"Bawku Municipal",2010,0.705469473828776
"Bawku Municipal",2011,0.714612297090235
"Bawku Municipal",2012,0.723484603875516
"Bawku Municipal",2013,0.732048172072874
"Bawku Municipal",2014,0.740280028673719
"Bawku Municipal",2015,0.74810293095808
"Bawku Municipal",2016,0.755248291469729
"Bawku Municipal",2017,0.761395350439928
"Bawku Municipal",2018,0.768011772045289
"Bawku Municipal",2019,0.77433195784638
"Bawku Municipal",2020,0.906248961952377
"Bawku Municipal",2021,0.911912951037623
"Bawku Municipal",2022,0.914205317129956
"Bawku Municipal",2023,0.912850690387013
"Bawku Municipal",2024,0.907444780974964
"Bawku Municipal",2025,0.90975910296513
"Bawku West",1970,0.915461313544121
"Bawku West",1971,0.87513812360619
"Bawku West",1972,0.838569290034116
"Bawku West",1973,0.803187176539936
"Bawku West",1974,0.769332831767937
"Bawku West",1975,0.737242082946284
"Bawku West",1976,0.706772256376848
"Bawku West",1977,0.678016799090234
"Bawku West",1978,0.649568735683206
"Bawku West",1979,0.622301686546963
"Bawku West",1980,0.928503899425421
"Bawku West",1981,0.891875221212056
"Bawku West",1982,0.856714992059508
"Bawku West",1983,0.821879408172368
"Bawku West",1984,0.788170538584911
"Bawku West",1985,0.756638915857751
"Bawku West",1986,0.726543752564367
"Bawku West",1987,0.697852155935795
"Bawku West",1988,0.670582218981131
"Bawku West",1989,0.644797681623417
"Bawku West",1990,0.847785126483748
"Bawku West",1991,0.815908226213918
"Bawku West",1992,0.78562698817512
"Bawku West",1993,0.756942366963704
"Bawku West",1994,0.729777438397205
"Bawku West",1995,0.704231860862293
"Bawku West",1996,0.680060584443938
"Bawku West",1997,0.657259458832248
"Bawku West",1998,0.635354982790819
"Bawku West",1999,0.61423949516844
"Bawku West",2000,0.627103039601587
"Bawku West",2001,0.639669045419349
"Bawku West",2002,0.646689931634732
"Bawku West",2003,0.656677279622439
"Bawku West",2004,0.664023272957938
"Bawku West",2005,0.67489141231462
"Bawku West",2006,0.685455022331175
"Bawku West",2007,0.69553118161741
"Bawku West",2008,0.705108981329313
"Bawku West",2009,0.714275748058999
"Bawku West",2010,0.723112267545254
"Bawku West",2011,0.731707422804741
"Bawku West",2012,0.740048265906319
"Bawku West",2013,0.748098864296618
"Bawku West",2014,0.755837621082648
"Bawku West",2015,0.762614957348906
"Bawku West",2016,0.764932229406061
"Bawku West",2017,0.770646364493672
"Bawku West",2018,0.777006258787561
"Bawku West",2019,0.783081402726408
"Bawku West",2020,0.909883812204167
"Bawku West",2021,0.91226110311249
"Bawku West",2022,0.91454440893977
"Bawku West",2023,0.916733975126193
"Bawku West",2024,0.918580831470543
"Bawku West",2025,0.920616699076213
"Bekwai",1970,0
"Bekwai",1971,0
"Bekwai",1972,0
"Bekwai",1973,0
"Bekwai",1974,0
"Bekwai",1975,0
"Bekwai",1976,0
"Bekwai",1977,0
"Bekwai",1978,0
"Bekwai",1979,0
"Bekwai",1980,0.26191485
"Bekwai",1981,0.251582535008228
"Bekwai",1982,0.24166444403397
"Bekwai",1983,0.231837929859814
"Bekwai",1984,0.222329242252652
"Bekwai",1985,0.213434718231857
"Bekwai",1986,0.20494539450948
"Bekwai",1987,0.196851992605747
"Bekwai",1988,0.189159616244797
"Bekwai",1989,0.181886245353685
"Bekwai",1990,0.337015379398074
"Bekwai",1991,0.324343529771473
"Bekwai",1992,0.31230599501474
"Bekwai",1993,0.300903154603337
"Bekwai",1994,0.290104429288196
"Bekwai",1995,0.279949435722104
"Bekwai",1996,0.270340760554076
"Bekwai",1997,0.261276753934146
"Bekwai",1998,0.252569187508398
"Bekwai",1999,0.244175263328876
"Bekwai",2000,0.269378945307895
"Bekwai",2001,0.293999656654083
"Bekwai",2002,0.317635429248718
"Bekwai",2003,0.340255658850343
"Bekwai",2004,0.361878062462014
"Bekwai",2005,0.382519962884036
"Bekwai",2006,0.402583469515898
"Bekwai",2007,0.421721159031722
"Bekwai",2008,0.439912312220571
"Bekwai",2009,0.447168866276361
"Bekwai",2010,0.464266130693266
"Bekwai",2011,0.475630207019588
"Bekwai",2012,0.486074668881378
"Bekwai",2013,0.494830212265576
"Bekwai",2014,0.502570604598714
"Bekwai",2015,0.51623123329914
"Bekwai",2016,0.523919361401423
"Bekwai",2017,0.536019756915103
"Bekwai",2018,0.54427270621615
"Bekwai",2019,0.55288050273949
"Bekwai",2020,0.561441488483584
"Bekwai",2021,0.570077617284676
"Bekwai",2022,0.581063794496488
"Bekwai",2023,0.591797890866989
"Bekwai",2024,0.599324684060241
"Bekwai",2025,0.608545317574145
"Berekum",1970,0.954342586644847
"Berekum",1971,0.912306798984791
"Berekum",1972,0.874184821894739
"Berekum",1973,0.837299966998717
"Berekum",1974,0.802007767884594
"Berekum",1975,0.768554067783098
"Berekum",1976,0.736790133389933
"Berekum",1977,0.706813380597595
"Berekum",1978,0.677157077250602
"Berekum",1979,0.648731947954737
"Berekum",1980,0.937843214544404
"Berekum",1981,0.900846108402585
"Berekum",1982,0.86533222165106
"Berekum",1983,0.830146245594886
"Berekum",1984,0.796098316843999
"Berekum",1985,0.764249534693982
"Berekum",1986,0.73385166054098
"Berekum",1987,0.704871470765575
"Berekum",1988,0.677327240364592
"Berekum",1989,0.651283350386249
"Berekum",1990,0.844004927670153
"Berekum",1991,0.812270163676151
"Berekum",1992,0.782123946996577
"Berekum",1993,0.753567227971322
"Berekum",1994,0.726523425416039
"Berekum",1995,0.701091753349474
"Berekum",1996,0.677028254512472
"Berekum",1997,0.654328797101006
"Berekum",1998,0.632521991178759
"Berekum",1999,0.611500655646061
"Berekum",2000,0.624455529241862
"Berekum",2001,0.637110751744435
"Berekum",2002,0.644670064972464
"Berekum",2003,0.656449171126531
"Berekum",2004,0.667708676088834
"Berekum",2005,0.678457600417843
"Berekum",2006,0.688905335856503
"Berekum",2007,0.698870967519864
"Berekum",2008,0.70834370622544
"Berekum",2009,0.717409920660617
"Berekum",2010,0.726149510407519
"Berekum",2011,0.734650383505313
"Berekum",2012,0.741563766261161
"Berekum",2013,0.749500353102256
"Berekum",2014,0.757196054183217
"Berekum",2015,0.76450943687259
"Berekum",2016,0.771513662969948
"Berekum",2017,0.778113193314852
"Berekum",2018,0.784266035115727
"Berekum",2019,0.790143396884018
"Berekum",2020,0.91706057209354
"Berekum",2021,0.919248538015382
"Berekum",2022,0.921350003730722
"Berekum",2023,0.923365195133144
"Berekum",2024,0.925309187467518
"Berekum",2025,0.927176814077105
"Berekum West",1970,0.954342586644847
"Berekum West",1971,0.912306798984791
"Berekum West",1972,0.874184821894739
"Berekum West",1973,0.837299966998717
"Berekum West",1974,0.802007767884594
"Berekum West",1975,0.768554067783098
"Berekum West",1976,0.736790133389933
"Berekum West",1977,0.706813380597594
"Berekum West",1978,0.677157077250602
"Berekum West",1979,0.648731947954737
"Berekum West",1980,0.937843214544404
"Berekum West",1981,0.900846108402585
"Berekum West",1982,0.86533222165106
"Berekum West",1983,0.830146245594886
"Berekum West",1984,0.796098316843999
"Berekum West",1985,0.764249534693982
"Berekum West",1986,0.73385166054098
"Berekum West",1987,0.704871470765575
"Berekum West",1988,0.677327240364592
"Berekum West",1989,0.651283350386249
"Berekum West",1990,0.844004927670153
"Berekum West",1991,0.812270163676151
"Berekum West",1992,0.782123946996577
"Berekum West",1993,0.753567227971322
"Berekum West",1994,0.726523425416039
"Berekum West",1995,0.701091753349474
"Berekum West",1996,0.677028254512473
"Berekum West",1997,0.654328797101006
"Berekum West",1998,0.632521991178759
"Berekum West",1999,0.611500655646061
"Berekum West",2000,0.624455529241862
"Berekum West",2001,0.637110751744435
"Berekum West",2002,0.644670064972465
"Berekum West",2003,0.656449171126531
"Berekum West",2004,0.667708676088835
"Berekum West",2005,0.678457600417843
"Berekum West",2006,0.688905335856503
"Berekum West",2007,0.698870967519864
"Berekum West",2008,0.70834370622544
"Berekum West",2009,0.717409920660617
"Berekum West",2010,0.726149510407519
"Berekum West",2011,0.734650383505314
"Berekum West",2012,0.741563766261161
"Berekum West",2013,0.749500353102256
"Berekum West",2014,0.757196054183217
"Berekum West",2015,0.76450943687259
"Berekum West",2016,0.771513662969948
"Berekum West",2017,0.778113193314852
"Berekum West",2018,0.784266035115727
"Berekum West",2019,0.790143396884018
"Berekum West",2020,0.91706057209354
"Berekum West",2021,0.919248538015382
"Berekum West",2022,0.921350003730722
"Berekum West",2023,0.923365195133144
"Berekum West",2024,0.925309187467518
"Berekum West",2025,0.927176814077105
"Bia East",1970,0
"Bia East",1971,0
"Bia East",1972,0
"Bia East",1973,0
"Bia East",1974,0
"Bia East",1975,0
"Bia East",1976,0
"Bia East",1977,0
"Bia East",1978,0
"Bia East",1979,0
"Bia East",1980,0
"Bia East",1981,0
"Bia East",1982,0
"Bia East",1983,0
"Bia East",1984,0
"Bia East",1985,0
"Bia East",1986,0
"Bia East",1987,0
"Bia East",1988,0
"Bia East",1989,0
"Bia East",1990,0
"Bia East",1991,0
"Bia East",1992,0
"Bia East",1993,0
"Bia East",1994,0
"Bia East",1995,0
"Bia East",1996,0
"Bia East",1997,0
"Bia East",1998,0
"Bia East",1999,0
"Bia East",2000,0.0333459342572246
"Bia East",2001,0.0659205645274973
"Bia East",2002,0.097192063656692
"Bia East",2003,0.127119940456876
"Bia East",2004,0.155727635551512
"Bia East",2005,0.18303806801094
"Bia East",2006,0.209583251911943
"Bia East",2007,0.23490352602749
"Bia East",2008,0.258971477638823
"Bia East",2009,0.282006548815794
"Bia East",2010,0.304211745187094
"Bia East",2011,0.325810419945362
"Bia East",2012,0.346770036371357
"Bia East",2013,0.367000299931702
"Bia East",2014,0.386446940022386
"Bia East",2015,0.404927481237471
"Bia East",2016,0.422626799674626
"Bia East",2017,0.439303472798325
"Bia East",2018,0.454851386988046
"Bia East",2019,0.469703177330249
"Bia East",2020,0.483912005704406
"Bia East",2021,0.497526555173739
"Bia East",2022,0.510602859815408
"Bia East",2023,0.523142325245175
"Bia East",2024,0.535238756702416
"Bia East",2025,0.546860004827271
"Bia West",1970,0
"Bia West",1971,0
"Bia West",1972,0
"Bia West",1973,0
"Bia West",1974,0
"Bia West",1975,0
"Bia West",1976,0
"Bia West",1977,0
"Bia West",1978,0
"Bia West",1979,0
"Bia West",1980,0
"Bia West",1981,0
"Bia West",1982,0
"Bia West",1983,0
"Bia West",1984,0
"Bia West",1985,0
"Bia West",1986,0
"Bia West",1987,0
"Bia West",1988,0
"Bia West",1989,0
"Bia West",1990,0
"Bia West",1991,0
"Bia West",1992,0
"Bia West",1993,0
"Bia West",1994,0
"Bia West",1995,0
"Bia West",1996,0
"Bia West",1997,0
"Bia West",1998,0
"Bia West",1999,0
"Bia West",2000,0.0333459342572246
"Bia West",2001,0.0659205645274972
"Bia West",2002,0.0971920636566919
"Bia West",2003,0.127119940456876
"Bia West",2004,0.155727635551512
"Bia West",2005,0.183038068010939
"Bia West",2006,0.209583251911943
"Bia West",2007,0.23490352602749
"Bia West",2008,0.258971477638823
"Bia West",2009,0.282006548815793
"Bia West",2010,0.304211745187094
"Bia West",2011,0.325810419945362
"Bia West",2012,0.346770036371357
"Bia West",2013,0.367000299931702
"Bia West",2014,0.386446940022386
"Bia West",2015,0.404927481237471
"Bia West",2016,0.422626799674627
"Bia West",2017,0.439303472798325
"Bia West",2018,0.454851386988046
"Bia West",2019,0.46970317733025
"Bia West",2020,0.483912005704407
"Bia West",2021,0.497526555173739
"Bia West",2022,0.510602859815408
"Bia West",2023,0.523142325245175
"Bia West",2024,0.535238756702416
"Bia West",2025,0.546860004827271
"Biakoye",1970,0
"Biakoye",1971,0
"Biakoye",1972,0
"Biakoye",1973,0
"Biakoye",1974,0
"Biakoye",1975,0
"Biakoye",1976,0
"Biakoye",1977,0
"Biakoye",1978,0
"Biakoye",1979,0
"Biakoye",1980,0.971988664
"Biakoye",1981,0.933644549319678
"Biakoye",1982,0.896837655798749
"Biakoye",1983,0.8603706117044
"Biakoye",1984,0.825083049492182
"Biakoye",1985,0.79207470147416
"Biakoye",1986,0.760570086813414
"Biakoye",1987,0.730534772268919
"Biakoye",1988,0.701987698202423
"Biakoye",1989,0.674995589678493
"Biakoye",1990,0.887797469340293
"Biakoye",1991,0.854416096506654
"Biakoye",1992,0.822705695298226
"Biakoye",1993,0.792667265364804
"Biakoye",1994,0.764220251985159
"Biakoye",1995,0.737469017055625
"Biakoye",1996,0.712156945205599
"Biakoye",1997,0.68827969024581
"Biakoye",1998,0.665341403421339
"Biakoye",1999,0.643229342370226
"Biakoye",2000,0.651996637719445
"Biakoye",2001,0.663723770786836
"Biakoye",2002,0.670073351860102
"Biakoye",2003,0.676545425372791
"Biakoye",2004,0.684715606690221
"Biakoye",2005,0.694914392640799
"Biakoye",2006,0.703905691673429
"Biakoye",2007,0.710207352805502
"Biakoye",2008,0.719323478218789
"Biakoye",2009,0.724363752512648
"Biakoye",2010,0.728674489338666
"Biakoye",2011,0.733117638112461
"Biakoye",2012,0.737194260705902
"Biakoye",2013,0.741128400210897
"Biakoye",2014,0.744453037556309
"Biakoye",2015,0.75215024661595
"Biakoye",2016,0.759522073698197
"Biakoye",2017,0.766467965485589
"Biakoye",2018,0.772943725289742
"Biakoye",2019,0.779129547114083
"Biakoye",2020,0.939569465527796
"Biakoye",2021,0.946177474077712
"Biakoye",2022,0.947578144606255
"Biakoye",2023,0.948921311514068
"Biakoye",2024,0.950217022764838
"Biakoye",2025,0.951461834674581
"Bibiani-Anhwiaso-Bekwai",1970,0
"Bibiani-Anhwiaso-Bekwai",1971,0
"Bibiani-Anhwiaso-Bekwai",1972,0
"Bibiani-Anhwiaso-Bekwai",1973,0
"Bibiani-Anhwiaso-Bekwai",1974,0
"Bibiani-Anhwiaso-Bekwai",1975,0
"Bibiani-Anhwiaso-Bekwai",1976,0
"Bibiani-Anhwiaso-Bekwai",1977,0
"Bibiani-Anhwiaso-Bekwai",1978,0
"Bibiani-Anhwiaso-Bekwai",1979,0
"Bibiani-Anhwiaso-Bekwai",1980,0.26191485
"Bibiani-Anhwiaso-Bekwai",1981,0.251582535008228
"Bibiani-Anhwiaso-Bekwai",1982,0.24166444403397
"Bibiani-Anhwiaso-Bekwai",1983,0.231837929859814
"Bibiani-Anhwiaso-Bekwai",1984,0.222329242252652
"Bibiani-Anhwiaso-Bekwai",1985,0.213434718231857
"Bibiani-Anhwiaso-Bekwai",1986,0.20494539450948
"Bibiani-Anhwiaso-Bekwai",1987,0.196851992605747
"Bibiani-Anhwiaso-Bekwai",1988,0.189159616244797
"Bibiani-Anhwiaso-Bekwai",1989,0.181886245353685
"Bibiani-Anhwiaso-Bekwai",1990,0.337015379398074
"Bibiani-Anhwiaso-Bekwai",1991,0.324343529771473
"Bibiani-Anhwiaso-Bekwai",1992,0.31230599501474
"Bibiani-Anhwiaso-Bekwai",1993,0.300903154603337
"Bibiani-Anhwiaso-Bekwai",1994,0.290104429288196
"Bibiani-Anhwiaso-Bekwai",1995,0.279949435722104
"Bibiani-Anhwiaso-Bekwai",1996,0.270340760554076
"Bibiani-Anhwiaso-Bekwai",1997,0.261276753934146
"Bibiani-Anhwiaso-Bekwai",1998,0.252569187508398
"Bibiani-Anhwiaso-Bekwai",1999,0.244175263328876
"Bibiani-Anhwiaso-Bekwai",2000,0.266945545362884
"Bibiani-Anhwiaso-Bekwai",2001,0.283744373513506
"Bibiani-Anhwiaso-Bekwai",2002,0.307723476734661
"Bibiani-Anhwiaso-Bekwai",2003,0.330672285297268
"Bibiani-Anhwiaso-Bekwai",2004,0.352608773559616
"Bibiani-Anhwiaso-Bekwai",2005,0.373550515951096
"Bibiani-Anhwiaso-Bekwai",2006,0.393905462867998
"Bibiani-Anhwiaso-Bekwai",2007,0.413321144351519
"Bibiani-Anhwiaso-Bekwai",2008,0.431776540225748
"Bibiani-Anhwiaso-Bekwai",2009,0.449439919495709
"Bibiani-Anhwiaso-Bekwai",2010,0.466466947641486
"Bibiani-Anhwiaso-Bekwai",2011,0.483028892731772
"Bibiani-Anhwiaso-Bekwai",2012,0.499100805487804
"Bibiani-Anhwiaso-Bekwai",2013,0.514613447721569
"Bibiani-Anhwiaso-Bekwai",2014,0.529525204529666
"Bibiani-Anhwiaso-Bekwai",2015,0.543696153084083
"Bibiani-Anhwiaso-Bekwai",2016,0.551398853332975
"Bibiani-Anhwiaso-Bekwai",2017,0.562829689260927
"Bibiani-Anhwiaso-Bekwai",2018,0.574364141334257
"Bibiani-Anhwiaso-Bekwai",2019,0.585959978476906
"Bibiani-Anhwiaso-Bekwai",2020,0.596535031658711
"Bibiani-Anhwiaso-Bekwai",2021,0.606604529214209
"Bibiani-Anhwiaso-Bekwai",2022,0.615361661489919
"Bibiani-Anhwiaso-Bekwai",2023,0.622013516313452
"Bibiani-Anhwiaso-Bekwai",2024,0.628420613810931
"Bibiani-Anhwiaso-Bekwai",2025,0.637711871004293
"Binduri",1970,0
"Binduri",1971,0
"Binduri",1972,0
"Binduri",1973,0
"Binduri",1974,0
"Binduri",1975,0
"Binduri",1976,0
"Binduri",1977,0
"Binduri",1978,0
"Binduri",1979,0
"Binduri",1980,0
"Binduri",1981,0
"Binduri",1982,0
"Binduri",1983,0
"Binduri",1984,0
"Binduri",1985,0
"Binduri",1986,0
"Binduri",1987,0
"Binduri",1988,0
"Binduri",1989,0
"Binduri",1990,0
"Binduri",1991,0
"Binduri",1992,0
"Binduri",1993,0
"Binduri",1994,0
"Binduri",1995,0
"Binduri",1996,0
"Binduri",1997,0
"Binduri",1998,0
"Binduri",1999,0
"Binduri",2000,0.0333459342572246
"Binduri",2001,0.0402833550640793
"Binduri",2002,0.0724131473351253
"Binduri",2003,0.0992665112613517
"Binduri",2004,0.128787072220036
"Binduri",2005,0.156968975150683
"Binduri",2006,0.182710193868929
"Binduri",2007,0.208891321701984
"Binduri",2008,0.231150064763254
"Binduri",2009,0.255049972051783
"Binduri",2010,0.278088847448366
"Binduri",2011,0.300498429789652
"Binduri",2012,0.32224496078736
"Binduri",2013,0.334995808113312
"Binduri",2014,0.354980118251938
"Binduri",2015,0.374408456706691
"Binduri",2016,0.393015506414456
"Binduri",2017,0.409174760562138
"Binduri",2018,0.425558133167899
"Binduri",2019,0.44120797610309
"Binduri",2020,0.767856663295701
"Binduri",2021,0.773980671171238
"Binduri",2022,0.779862569267748
"Binduri",2023,0.785502989850148
"Binduri",2024,0.790458111183625
"Binduri",2025,0.795697657978035
"Birim Central",1970,0
"Birim Central",1971,0
"Birim Central",1972,0
"Birim Central",1973,0
"Birim Central",1974,0
"Birim Central",1975,0
"Birim Central",1976,0
"Birim Central",1977,0
"Birim Central",1978,0
"Birim Central",1979,0
"Birim Central",1980,0.971988664
"Birim Central",1981,0.933644549319678
"Birim Central",1982,0.896837655798749
"Birim Central",1983,0.8603706117044
"Birim Central",1984,0.825083049492182
"Birim Central",1985,0.79207470147416
"Birim Central",1986,0.760570086813414
"Birim Central",1987,0.730534772268919
"Birim Central",1988,0.701987698202422
"Birim Central",1989,0.674995589678493
"Birim Central",1990,0.887797469340292
"Birim Central",1991,0.854416096506653
"Birim Central",1992,0.822705695298226
"Birim Central",1993,0.792667265364804
"Birim Central",1994,0.764220251985159
"Birim Central",1995,0.737469017055625
"Birim Central",1996,0.712156945205599
"Birim Central",1997,0.688279690245811
"Birim Central",1998,0.665341403421339
"Birim Central",1999,0.643229342370226
"Birim Central",2000,0.649377156657195
"Birim Central",2001,0.647236696910278
"Birim Central",2002,0.650085051690002
"Birim Central",2003,0.650714369680758
"Birim Central",2004,0.649266073369604
"Birim Central",2005,0.649877086537939
"Birim Central",2006,0.648255115771799
"Birim Central",2007,0.650329514534792
"Birim Central",2008,0.651815137650695
"Birim Central",2009,0.662638557863191
"Birim Central",2010,0.673072047275104
"Birim Central",2011,0.683220552185107
"Birim Central",2012,0.693068784661943
"Birim Central",2013,0.702574318282437
"Birim Central",2014,0.711711653079695
"Birim Central",2015,0.720395049878798
"Birim Central",2016,0.728711375860531
"Birim Central",2017,0.736547194537952
"Birim Central",2018,0.743852646620575
"Birim Central",2019,0.75083101306653
"Birim Central",2020,0.757507272889616
"Birim Central",2021,0.763904300655596
"Birim Central",2022,0.770048424929233
"Birim Central",2023,0.775940306163015
"Birim Central",2024,0.781624020345079
"Birim Central",2025,0.787084461551561
"Birim North",1970,0
"Birim North",1971,0
"Birim North",1972,0
"Birim North",1973,0
"Birim North",1974,0
"Birim North",1975,0
"Birim North",1976,0
"Birim North",1977,0
"Birim North",1978,0
"Birim North",1979,0
"Birim North",1980,0.971988664
"Birim North",1981,0.933644549319678
"Birim North",1982,0.896837655798749
"Birim North",1983,0.8603706117044
"Birim North",1984,0.825083049492182
"Birim North",1985,0.79207470147416
"Birim North",1986,0.760570086813414
"Birim North",1987,0.730534772268919
"Birim North",1988,0.701987698202423
"Birim North",1989,0.674995589678493
"Birim North",1990,0.887797469340293
"Birim North",1991,0.854416096506653
"Birim North",1992,0.822705695298226
"Birim North",1993,0.792667265364804
"Birim North",1994,0.764220251985159
"Birim North",1995,0.737469017055625
"Birim North",1996,0.712156945205599
"Birim North",1997,0.688279690245811
"Birim North",1998,0.665341403421339
"Birim North",1999,0.643229342370226
"Birim North",2000,0.655126193264455
"Birim North",2001,0.666747865528027
"Birim North",2002,0.673740410922206
"Birim North",2003,0.683488945029301
"Birim North",2004,0.693862250795299
"Birim North",2005,0.70376516207725
"Birim North",2006,0.71339059007167
"Birim North",2007,0.722571859118707
"Birim North",2008,0.73129902921751
"Birim North",2009,0.739651671255598
"Birim North",2010,0.747703396177565
"Birim North",2011,0.755535193065315
"Birim North",2012,0.763135263927565
"Birim North",2013,0.77047086747563
"Birim North",2014,0.777522324893457
"Birim North",2015,0.784223469606829
"Birim North",2016,0.790641338693836
"Birim North",2017,0.79668839103061
"Birim North",2018,0.95566932440428
"Birim North",2019,0.956877049938127
"Birim North",2020,0.958032490759613
"Birim North",2021,0.959139605703137
"Birim North",2022,0.960202951376636
"Birim North",2023,0.961222642082698
"Birim North",2024,0.962206305924075
"Birim North",2025,0.96315132856257
"Birim south",1970,0
"Birim south",1971,0
"Birim south",1972,0
"Birim south",1973,0
"Birim south",1974,0
"Birim south",1975,0
"Birim south",1976,0
"Birim south",1977,0
"Birim south",1978,0
"Birim south",1979,0
"Birim south",1980,0
"Birim south",1981,0
"Birim south",1982,0
"Birim south",1983,0
"Birim south",1984,0
"Birim south",1985,0
"Birim south",1986,0
"Birim south",1987,0
"Birim south",1988,0
"Birim south",1989,0
"Birim south",1990,0
"Birim south",1991,0
"Birim south",1992,0
"Birim south",1993,0
"Birim south",1994,0
"Birim south",1995,0
"Birim south",1996,0
"Birim south",1997,0
"Birim south",1998,0
"Birim south",1999,0
"Birim south",2000,0.0275968976499644
"Birim south",2001,0.0464093959097483
"Birim south",2002,0.0693724965092751
"Birim south",2003,0.0892523030127506
"Birim south",2004,0.106205315604048
"Birim south",2005,0.124383200283107
"Birim south",2006,0.139835870700706
"Birim south",2007,0.158197012731676
"Birim south",2008,0.175163848534735
"Birim south",2009,0.178127704791353
"Birim south",2010,0.181030017329203
"Birim south",2011,0.184507804458469
"Birim south",2012,0.188845547980359
"Birim south",2013,0.196372751548208
"Birim south",2014,0.203121146451805
"Birim south",2015,0.222306763968901
"Birim south",2016,0.24543779388028
"Birim south",2017,0.267232340727734
"Birim south",2018,0.287551725875753
"Birim south",2019,0.306961355001465
"Birim south",2020,0.32553070473633
"Birim south",2021,0.343323398399833
"Birim south",2022,0.360412666264623
"Birim south",2023,0.374020892196268
"Birim south",2024,0.388896827304479
"Birim south",2025,0.404177321756624
"Bodi",1970,0
"Bodi",1971,0
"Bodi",1972,0
"Bodi",1973,0
"Bodi",1974,0
"Bodi",1975,0
"Bodi",1976,0
"Bodi",1977,0
"Bodi",1978,0
"Bodi",1979,0
"Bodi",1980,0
"Bodi",1981,0
"Bodi",1982,0
"Bodi",1983,0
"Bodi",1984,0
"Bodi",1985,0
"Bodi",1986,0
"Bodi",1987,0
"Bodi",1988,0
"Bodi",1989,0
"Bodi",1990,0
"Bodi",1991,0
"Bodi",1992,0
"Bodi",1993,0
"Bodi",1994,0
"Bodi",1995,0
"Bodi",1996,0
"Bodi",1997,0
"Bodi",1998,0
"Bodi",1999,0
"Bodi",2000,0.0333459342572246
"Bodi",2001,0.0659205645274973
"Bodi",2002,0.097192063656692
"Bodi",2003,0.127119940456876
"Bodi",2004,0.155727635551512
"Bodi",2005,0.18303806801094
"Bodi",2006,0.209583251911943
"Bodi",2007,0.23490352602749
"Bodi",2008,0.258971477638823
"Bodi",2009,0.282006548815793
"Bodi",2010,0.304211745187094
"Bodi",2011,0.325810419945362
"Bodi",2012,0.346770036371357
"Bodi",2013,0.367000299931702
"Bodi",2014,0.386446940022386
"Bodi",2015,0.404927481237471
"Bodi",2016,0.422626799674626
"Bodi",2017,0.439303472798325
"Bodi",2018,0.839675856996094
"Bodi",2019,0.844043657815639
"Bodi",2020,0.848222368313663
"Bodi",2021,0.852226305816128
"Bodi",2022,0.856071949527392
"Bodi",2023,0.85908468670752
"Bodi",2024,0.860226716489151
"Bodi",2025,0.863721715334967
"Bole",1970,0
"Bole",1971,0
"Bole",1972,0
"Bole",1973,0
"Bole",1974,0
"Bole",1975,0
"Bole",1976,0
"Bole",1977,0
"Bole",1978,0
"Bole",1979,0
"Bole",1980,0.26191485
"Bole",1981,0.251582535008228
"Bole",1982,0.24166444403397
"Bole",1983,0.231837929859814
"Bole",1984,0.222329242252652
"Bole",1985,0.213434718231857
"Bole",1986,0.20494539450948
"Bole",1987,0.196851992605747
"Bole",1988,0.189159616244797
"Bole",1989,0.181886245353685
"Bole",1990,0.432546899325734
"Bole",1991,0.416283044321556
"Bole",1992,0.400833309226825
"Bole",1993,0.3861981810844
"Bole",1994,0.372338412547792
"Bole",1995,0.35930485014025
"Bole",1996,0.346972467392669
"Bole",1997,0.335339146783024
"Bole",1998,0.324163304111224
"Bole",1999,0.313390009778151
"Bole",2000,0.330592627294357
"Bole",2001,0.334451339212092
"Bole",2002,0.339788354992078
"Bole",2003,0.346445738673419
"Bole",2004,0.367865269147763
"Bole",2005,0.375368223213277
"Bole",2006,0.383241880316551
"Bole",2007,0.392301074264357
"Bole",2008,0.401342160911535
"Bole",2009,0.409429276940707
"Bole",2010,0.4181944875651
"Bole",2011,0.428931080170386
"Bole",2012,0.434756511055256
"Bole",2013,0.452261869648424
"Bole",2014,0.469089154532986
"Bole",2015,0.485080468734151
"Bole",2016,0.494182523409228
"Bole",2017,0.507393938827325
"Bole",2018,0.521053728743759
"Bole",2019,0.53410193144683
"Bole",2020,0.546585252886691
"Bole",2021,0.697666743258493
"Bole",2022,0.729336810081318
"Bole",2023,0.736271815283465
"Bole",2024,0.742961798644656
"Bole",2025,0.749388979823368
"Bolgatanga East",1970,0.915461313544121
"Bolgatanga East",1971,0.87513812360619
"Bolgatanga East",1972,0.838569290034116
"Bolgatanga East",1973,0.803187176539937
"Bolgatanga East",1974,0.769332831767938
"Bolgatanga East",1975,0.737242082946285
"Bolgatanga East",1976,0.706772256376848
"Bolgatanga East",1977,0.678016799090235
"Bolgatanga East",1978,0.649568735683206
"Bolgatanga East",1979,0.622301686546963
"Bolgatanga East",1980,0.928503899425421
"Bolgatanga East",1981,0.891875221212056
"Bolgatanga East",1982,0.856714992059508
"Bolgatanga East",1983,0.821879408172368
"Bolgatanga East",1984,0.788170538584911
"Bolgatanga East",1985,0.756638915857751
"Bolgatanga East",1986,0.726543752564367
"Bolgatanga East",1987,0.697852155935795
"Bolgatanga East",1988,0.670582218981131
"Bolgatanga East",1989,0.644797681623417
"Bolgatanga East",1990,0.847785126483749
"Bolgatanga East",1991,0.815908226213919
"Bolgatanga East",1992,0.78562698817512
"Bolgatanga East",1993,0.756942366963704
"Bolgatanga East",1994,0.729777438397206
"Bolgatanga East",1995,0.704231860862294
"Bolgatanga East",1996,0.680060584443939
"Bolgatanga East",1997,0.657259458832249
"Bolgatanga East",1998,0.63535498279082
"Bolgatanga East",1999,0.614239495168441
"Bolgatanga East",2000,0.627103039601588
"Bolgatanga East",2001,0.613622527111137
"Bolgatanga East",2002,0.626557832555339
"Bolgatanga East",2003,0.634084511726
"Bolgatanga East",2004,0.646076994088842
"Bolgatanga East",2005,0.657525657761599
"Bolgatanga East",2006,0.668653525585207
"Bolgatanga East",2007,0.679267905378774
"Bolgatanga East",2008,0.689357305599722
"Bolgatanga East",2009,0.699013717411397
"Bolgatanga East",2010,0.708322241742537
"Bolgatanga East",2011,0.717376509317832
"Bolgatanga East",2012,0.726162880589239
"Bolgatanga East",2013,0.734643503657282
"Bolgatanga East",2014,0.742795628025658
"Bolgatanga East",2015,0.750542759133024
"Bolgatanga East",2016,0.748412013091493
"Bolgatanga East",2017,0.745545756161793
"Bolgatanga East",2018,0.742332134264445
"Bolgatanga East",2019,0.743186228334463
"Bolgatanga East",2020,0.89330984817877
"Bolgatanga East",2021,0.898292331476796
"Bolgatanga East",2022,0.900939158829957
"Bolgatanga East",2023,0.903477322401626
"Bolgatanga East",2024,0.905925809687142
"Bolgatanga East",2025,0.908278113205425
"Bolgatanga Municipal",1970,0.91546131354412
"Bolgatanga Municipal",1971,0.875138123606189
"Bolgatanga Municipal",1972,0.838569290034115
"Bolgatanga Municipal",1973,0.803187176539937
"Bolgatanga Municipal",1974,0.769332831767938
"Bolgatanga Municipal",1975,0.737242082946284
"Bolgatanga Municipal",1976,0.706772256376848
"Bolgatanga Municipal",1977,0.678016799090234
"Bolgatanga Municipal",1978,0.649568735683206
"Bolgatanga Municipal",1979,0.622301686546963
"Bolgatanga Municipal",1980,0.928503899425421
"Bolgatanga Municipal",1981,0.891875221212056
"Bolgatanga Municipal",1982,0.856714992059508
"Bolgatanga Municipal",1983,0.821879408172368
"Bolgatanga Municipal",1984,0.788170538584911
"Bolgatanga Municipal",1985,0.756638915857751
"Bolgatanga Municipal",1986,0.726543752564367
"Bolgatanga Municipal",1987,0.697852155935795
"Bolgatanga Municipal",1988,0.670582218981131
"Bolgatanga Municipal",1989,0.644797681623417
"Bolgatanga Municipal",1990,0.847785126483749
"Bolgatanga Municipal",1991,0.815908226213919
"Bolgatanga Municipal",1992,0.78562698817512
"Bolgatanga Municipal",1993,0.756942366963704
"Bolgatanga Municipal",1994,0.729777438397205
"Bolgatanga Municipal",1995,0.704231860862293
"Bolgatanga Municipal",1996,0.680060584443938
"Bolgatanga Municipal",1997,0.657259458832248
"Bolgatanga Municipal",1998,0.63535498279082
"Bolgatanga Municipal",1999,0.614239495168441
"Bolgatanga Municipal",2000,0.627103039601588
"Bolgatanga Municipal",2001,0.613622527111137
"Bolgatanga Municipal",2002,0.626557832555339
"Bolgatanga Municipal",2003,0.634084511725999
"Bolgatanga Municipal",2004,0.646076994088841
"Bolgatanga Municipal",2005,0.657525657761599
"Bolgatanga Municipal",2006,0.668653525585207
"Bolgatanga Municipal",2007,0.679267905378773
"Bolgatanga Municipal",2008,0.689357305599722
"Bolgatanga Municipal",2009,0.699013717411396
"Bolgatanga Municipal",2010,0.708322241742537
"Bolgatanga Municipal",2011,0.717376509317832
"Bolgatanga Municipal",2012,0.726162880589239
"Bolgatanga Municipal",2013,0.734643503657281
"Bolgatanga Municipal",2014,0.742795628025658
"Bolgatanga Municipal",2015,0.750542759133023
"Bolgatanga Municipal",2016,0.757962397922158
"Bolgatanga Municipal",2017,0.764953338913568
"Bolgatanga Municipal",2018,0.77147109877092
"Bolgatanga Municipal",2019,0.777697040187952
"Bolgatanga Municipal",2020,0.907646944403181
"Bolgatanga Municipal",2021,0.910083244526347
"Bolgatanga Municipal",2022,0.912423226666837
"Bolgatanga Municipal",2023,0.914667142357165
"Bolgatanga Municipal",2024,0.91683177788297
"Bolgatanga Municipal",2025,0.918911380171808
"Bongo",1970,0.91546131354412
"Bongo",1971,0.87513812360619
"Bongo",1972,0.838569290034116
"Bongo",1973,0.803187176539937
"Bongo",1974,0.769332831767938
"Bongo",1975,0.737242082946284
"Bongo",1976,0.706772256376848
"Bongo",1977,0.678016799090235
"Bongo",1978,0.649568735683206
"Bongo",1979,0.622301686546963
"Bongo",1980,0.928503899425421
"Bongo",1981,0.891875221212056
"Bongo",1982,0.856714992059508
"Bongo",1983,0.821879408172368
"Bongo",1984,0.788170538584911
"Bongo",1985,0.756638915857751
"Bongo",1986,0.726543752564367
"Bongo",1987,0.697852155935795
"Bongo",1988,0.670582218981131
"Bongo",1989,0.644797681623417
"Bongo",1990,0.847785126483748
"Bongo",1991,0.815908226213919
"Bongo",1992,0.78562698817512
"Bongo",1993,0.756942366963704
"Bongo",1994,0.729777438397205
"Bongo",1995,0.704231860862293
"Bongo",1996,0.680060584443938
"Bongo",1997,0.657259458832248
"Bongo",1998,0.63535498279082
"Bongo",1999,0.614239495168441
"Bongo",2000,0.627103039601588
"Bongo",2001,0.622495449472262
"Bongo",2002,0.635133703538014
"Bongo",2003,0.645641164979591
"Bongo",2004,0.657254890594609
"Bongo",2005,0.66834197286258
"Bongo",2006,0.679118390927951
"Bongo",2007,0.689397538377692
"Bongo",2008,0.699168286604869
"Bongo",2009,0.708519721429897
"Bongo",2010,0.717534256051815
"Bongo",2011,0.726302564070365
"Bongo",2012,0.733258051075923
"Bongo",2013,0.739066364990909
"Bongo",2014,0.741685392009245
"Bongo",2015,0.741987153871386
"Bongo",2016,0.741224455320368
"Bongo",2017,0.744078839882966
"Bongo",2018,0.901704340190999
"Bongo",2019,0.904382264148222
"Bongo",2020,0.906944255735129
"Bongo",2021,0.909399092987115
"Bongo",2022,0.911756879399732
"Bongo",2023,0.914017868419333
"Bongo",2024,0.91619897405373
"Bongo",2025,0.918294399456952
"Bosome Freho",1970,0
"Bosome Freho",1971,0
"Bosome Freho",1972,0
"Bosome Freho",1973,0
"Bosome Freho",1974,0
"Bosome Freho",1975,0
"Bosome Freho",1976,0
"Bosome Freho",1977,0
"Bosome Freho",1978,0
"Bosome Freho",1979,0
"Bosome Freho",1980,0.26191485
"Bosome Freho",1981,0.251582535008228
"Bosome Freho",1982,0.24166444403397
"Bosome Freho",1983,0.231837929859814
"Bosome Freho",1984,0.222329242252652
"Bosome Freho",1985,0.213434718231857
"Bosome Freho",1986,0.20494539450948
"Bosome Freho",1987,0.196851992605747
"Bosome Freho",1988,0.189159616244797
"Bosome Freho",1989,0.181886245353685
"Bosome Freho",1990,0.337015379398074
"Bosome Freho",1991,0.324343529771473
"Bosome Freho",1992,0.31230599501474
"Bosome Freho",1993,0.300903154603337
"Bosome Freho",1994,0.290104429288196
"Bosome Freho",1995,0.279949435722104
"Bosome Freho",1996,0.270340760554076
"Bosome Freho",1997,0.261276753934146
"Bosome Freho",1998,0.252569187508398
"Bosome Freho",1999,0.244175263328876
"Bosome Freho",2000,0.248157367961655
"Bosome Freho",2001,0.25665011163226
"Bosome Freho",2002,0.266761337146341
"Bosome Freho",2003,0.278109710478938
"Bosome Freho",2004,0.287674760474888
"Bosome Freho",2005,0.291535103974138
"Bosome Freho",2006,0.294719902418653
"Bosome Freho",2007,0.299272373351772
"Bosome Freho",2008,0.302445061204989
"Bosome Freho",2009,0.324128744329347
"Bosome Freho",2010,0.345031238536127
"Bosome Freho",2011,0.365362793657717
"Bosome Freho",2012,0.385092781791799
"Bosome Freho",2013,0.40413620567335
"Bosome Freho",2014,0.422441978567223
"Bosome Freho",2015,0.439838330269194
"Bosome Freho",2016,0.456499290834928
"Bosome Freho",2017,0.472197601155075
"Bosome Freho",2018,0.902458870132159
"Bosome Freho",2019,0.905116238005728
"Bosome Freho",2020,0.907658563420547
"Bosome Freho",2021,0.910094557030699
"Bosome Freho",2022,0.928305232305883
"Bosome Freho",2023,0.930142214967156
"Bosome Freho",2024,0.931914294883536
"Bosome Freho",2025,0.933616762299493
"Bosomtwe",1970,0
"Bosomtwe",1971,0
"Bosomtwe",1972,0
"Bosomtwe",1973,0
"Bosomtwe",1974,0
"Bosomtwe",1975,0
"Bosomtwe",1976,0
"Bosomtwe",1977,0
"Bosomtwe",1978,0
"Bosomtwe",1979,0
"Bosomtwe",1980,0
"Bosomtwe",1981,0
"Bosomtwe",1982,0
"Bosomtwe",1983,0
"Bosomtwe",1984,0
"Bosomtwe",1985,0
"Bosomtwe",1986,0
"Bosomtwe",1987,0
"Bosomtwe",1988,0
"Bosomtwe",1989,0
"Bosomtwe",1990,0
"Bosomtwe",1991,0
"Bosomtwe",1992,0
"Bosomtwe",1993,0
"Bosomtwe",1994,0
"Bosomtwe",1995,0
"Bosomtwe",1996,0
"Bosomtwe",1997,0
"Bosomtwe",1998,0
"Bosomtwe",1999,0
"Bosomtwe",2000,0.012124356910984
"Bosomtwe",2001,0.0285710195056742
"Bosomtwe",2002,0.0463179715543148
"Bosomtwe",2003,0.0649739920854707
"Bosomtwe",2004,0.0815243335643855
"Bosomtwe",2005,0.0920532091010422
"Bosomtwe",2006,0.101719684814698
"Bosomtwe",2007,0.11245474034754
"Bosomtwe",2008,0.121504226623241
"Bosomtwe",2009,0.148812504318034
"Bosomtwe",2010,0.175136958196047
"Bosomtwe",2011,0.200742375414292
"Bosomtwe",2012,0.225590183408463
"Bosomtwe",2013,0.249573337222074
"Bosomtwe",2014,0.272627498580952
"Bosomtwe",2015,0.294536341300577
"Bosomtwe",2016,0.310136898804402
"Bosomtwe",2017,0.330062696247471
"Bosomtwe",2018,0.744665359420978
"Bosomtwe",2019,0.751034871970305
"Bosomtwe",2020,0.757705669576662
"Bosomtwe",2021,0.764097463581073
"Bosomtwe",2022,0.770236561007452
"Bosomtwe",2023,0.776123621767931
"Bosomtwe",2024,0.781802685789648
"Bosomtwe",2025,0.787258659507731
"Builsa North",1970,0.91546131354412
"Builsa North",1971,0.875138123606189
"Builsa North",1972,0.838569290034115
"Builsa North",1973,0.803187176539937
"Builsa North",1974,0.769332831767937
"Builsa North",1975,0.737242082946284
"Builsa North",1976,0.706772256376848
"Builsa North",1977,0.678016799090234
"Builsa North",1978,0.649568735683206
"Builsa North",1979,0.622301686546963
"Builsa North",1980,0.928503899425421
"Builsa North",1981,0.891875221212056
"Builsa North",1982,0.856714992059508
"Builsa North",1983,0.821879408172368
"Builsa North",1984,0.788170538584911
"Builsa North",1985,0.756638915857751
"Builsa North",1986,0.726543752564367
"Builsa North",1987,0.697852155935795
"Builsa North",1988,0.670582218981131
"Builsa North",1989,0.644797681623417
"Builsa North",1990,0.847785126483748
"Builsa North",1991,0.815908226213919
"Builsa North",1992,0.78562698817512
"Builsa North",1993,0.756942366963704
"Builsa North",1994,0.729777438397205
"Builsa North",1995,0.704231860862293
"Builsa North",1996,0.680060584443938
"Builsa North",1997,0.657259458832248
"Builsa North",1998,0.635354982790819
"Builsa North",1999,0.61423949516844
"Builsa North",2000,0.627103039601587
"Builsa North",2001,0.63130580488051
"Builsa North",2002,0.637514111558268
"Builsa North",2003,0.646472701208428
"Builsa North",2004,0.655947982220242
"Builsa North",2005,0.666144018453342
"Builsa North",2006,0.675716437587152
"Builsa North",2007,0.6861045634857
"Builsa North",2008,0.695978900166169
"Builsa North",2009,0.705429477927547
"Builsa North",2010,0.712824041192222
"Builsa North",2011,0.717933036047996
"Builsa North",2012,0.720385514927244
"Builsa North",2013,0.727314937325012
"Builsa North",2014,0.735535356615557
"Builsa North",2015,0.738437524237033
"Builsa North",2016,0.741907062290048
"Builsa North",2017,0.745094463268731
"Builsa North",2018,0.748654896186683
"Builsa North",2019,0.75248527313186
"Builsa North",2020,0.896991733849773
"Builsa North",2021,0.899223265687874
"Builsa North",2022,0.900869739583402
"Builsa North",2023,0.900290624545864
"Builsa North",2024,0.900557499350748
"Builsa North",2025,0.901030918583485
"Builsa South",1970,0.915461313544121
"Builsa South",1971,0.87513812360619
"Builsa South",1972,0.838569290034116
"Builsa South",1973,0.803187176539937
"Builsa South",1974,0.769332831767938
"Builsa South",1975,0.737242082946284
"Builsa South",1976,0.706772256376848
"Builsa South",1977,0.678016799090235
"Builsa South",1978,0.649568735683206
"Builsa South",1979,0.622301686546963
"Builsa South",1980,0.928503899425421
"Builsa South",1981,0.891875221212056
"Builsa South",1982,0.856714992059508
"Builsa South",1983,0.821879408172368
"Builsa South",1984,0.788170538584911
"Builsa South",1985,0.756638915857751
"Builsa South",1986,0.726543752564367
"Builsa South",1987,0.697852155935795
"Builsa South",1988,0.670582218981131
"Builsa South",1989,0.644797681623417
"Builsa South",1990,0.847785126483749
"Builsa South",1991,0.815908226213919
"Builsa South",1992,0.78562698817512
"Builsa South",1993,0.756942366963704
"Builsa South",1994,0.729777438397205
"Builsa South",1995,0.704231860862293
"Builsa South",1996,0.680060584443938
"Builsa South",1997,0.657259458832248
"Builsa South",1998,0.63535498279082
"Builsa South",1999,0.614239495168441
"Builsa South",2000,0.627103039601588
"Builsa South",2001,0.63130580488051
"Builsa South",2002,0.637514111558268
"Builsa South",2003,0.646472701208428
"Builsa South",2004,0.655947982220242
"Builsa South",2005,0.666144018453342
"Builsa South",2006,0.675716437587152
"Builsa South",2007,0.6861045634857
"Builsa South",2008,0.695978900166169
"Builsa South",2009,0.705429477927547
"Builsa South",2010,0.712824041192222
"Builsa South",2011,0.717933036047996
"Builsa South",2012,0.720385514927244
"Builsa South",2013,0.719005215208784
"Builsa South",2014,0.716214176426929
"Builsa South",2015,0.72476195485214
"Builsa South",2016,0.732341524563741
"Builsa South",2017,0.738422755532849
"Builsa South",2018,0.745676198979799
"Builsa South",2019,0.752604885362977
"Builsa South",2020,0.897222714462409
"Builsa South",2021,0.89993400876443
"Builsa South",2022,0.902538113317895
"Builsa South",2023,0.905035308046718
"Builsa South",2024,0.9074442739665
"Builsa South",2025,0.909758608634296
"Bunkpurugu -Nakpanduri",1970,0
"Bunkpurugu -Nakpanduri",1971,0
"Bunkpurugu -Nakpanduri",1972,0
"Bunkpurugu -Nakpanduri",1973,0
"Bunkpurugu -Nakpanduri",1974,0
"Bunkpurugu -Nakpanduri",1975,0
"Bunkpurugu -Nakpanduri",1976,0
"Bunkpurugu -Nakpanduri",1977,0
"Bunkpurugu -Nakpanduri",1978,0
"Bunkpurugu -Nakpanduri",1979,0
"Bunkpurugu -Nakpanduri",1980,0
"Bunkpurugu -Nakpanduri",1981,0
"Bunkpurugu -Nakpanduri",1982,0
"Bunkpurugu -Nakpanduri",1983,0
"Bunkpurugu -Nakpanduri",1984,0
"Bunkpurugu -Nakpanduri",1985,0
"Bunkpurugu -Nakpanduri",1986,0
"Bunkpurugu -Nakpanduri",1987,0
"Bunkpurugu -Nakpanduri",1988,0
"Bunkpurugu -Nakpanduri",1989,0
"Bunkpurugu -Nakpanduri",1990,0
"Bunkpurugu -Nakpanduri",1991,0
"Bunkpurugu -Nakpanduri",1992,0
"Bunkpurugu -Nakpanduri",1993,0
"Bunkpurugu -Nakpanduri",1994,0
"Bunkpurugu -Nakpanduri",1995,0
"Bunkpurugu -Nakpanduri",1996,0
"Bunkpurugu -Nakpanduri",1997,0
"Bunkpurugu -Nakpanduri",1998,0
"Bunkpurugu -Nakpanduri",1999,0
"Bunkpurugu -Nakpanduri",2000,0.0333459342572246
"Bunkpurugu -Nakpanduri",2001,0.0476724447079864
"Bunkpurugu -Nakpanduri",2002,0.0795548619683106
"Bunkpurugu -Nakpanduri",2003,0.110067407974403
"Bunkpurugu -Nakpanduri",2004,0.139233981284341
"Bunkpurugu -Nakpanduri",2005,0.167077948714047
"Bunkpurugu -Nakpanduri",2006,0.193163884580718
"Bunkpurugu -Nakpanduri",2007,0.21901013803898
"Bunkpurugu -Nakpanduri",2008,0.243578054433919
"Bunkpurugu -Nakpanduri",2009,0.265939586228566
"Bunkpurugu -Nakpanduri",2010,0.286663570123305
"Bunkpurugu -Nakpanduri",2011,0.30690296788715
"Bunkpurugu -Nakpanduri",2012,0.328450390702411
"Bunkpurugu -Nakpanduri",2013,0.349188507665703
"Bunkpurugu -Nakpanduri",2014,0.368671032915365
"Bunkpurugu -Nakpanduri",2015,0.387686993811901
"Bunkpurugu -Nakpanduri",2016,0.405899098283255
"Bunkpurugu -Nakpanduri",2017,0.423058929281371
"Bunkpurugu -Nakpanduri",2018,0.439057298853637
"Bunkpurugu -Nakpanduri",2019,0.454339376423983
"Bunkpurugu -Nakpanduri",2020,0.468959864081997
"Bunkpurugu -Nakpanduri",2021,0.482968855340406
"Bunkpurugu -Nakpanduri",2022,0.496424007700024
"Bunkpurugu -Nakpanduri",2023,0.509326767500224
"Bunkpurugu -Nakpanduri",2024,0.521773657713091
"Bunkpurugu -Nakpanduri",2025,0.533731597545005
"Cape Coast",1970,0
"Cape Coast",1971,0
"Cape Coast",1972,0
"Cape Coast",1973,0
"Cape Coast",1974,0
"Cape Coast",1975,0
"Cape Coast",1976,0
"Cape Coast",1977,0
"Cape Coast",1978,0
"Cape Coast",1979,0
"Cape Coast",1980,0.26191485
"Cape Coast",1981,0.251582535008228
"Cape Coast",1982,0.24166444403397
"Cape Coast",1983,0.231837929859814
"Cape Coast",1984,0.222329242252652
"Cape Coast",1985,0.213434718231857
"Cape Coast",1986,0.20494539450948
"Cape Coast",1987,0.196851992605747
"Cape Coast",1988,0.189159616244797
"Cape Coast",1989,0.181886245353685
"Cape Coast",1990,0.337015379398074
"Cape Coast",1991,0.324343529771473
"Cape Coast",1992,0.31230599501474
"Cape Coast",1993,0.300903154603337
"Cape Coast",1994,0.290104429288196
"Cape Coast",1995,0.279949435722104
"Cape Coast",1996,0.270340760554076
"Cape Coast",1997,0.261276753934146
"Cape Coast",1998,0.252569187508398
"Cape Coast",1999,0.244175263328876
"Cape Coast",2000,0.263824250406091
"Cape Coast",2001,0.28863214570888
"Cape Coast",2002,0.304771312530761
"Cape Coast",2003,0.317735514212836
"Cape Coast",2004,0.340095991084669
"Cape Coast",2005,0.359078880733292
"Cape Coast",2006,0.379114464629404
"Cape Coast",2007,0.397642052960461
"Cape Coast",2008,0.412199783784621
"Cape Coast",2009,0.427078528480013
"Cape Coast",2010,0.439697196129476
"Cape Coast",2011,0.454900242486299
"Cape Coast",2012,0.469419597626627
"Cape Coast",2013,0.481728652155473
"Cape Coast",2014,0.495658700527262
"Cape Coast",2015,0.510849726013657
"Cape Coast",2016,0.525019984597214
"Cape Coast",2017,0.538084479383136
"Cape Coast",2018,0.954540918883603
"Cape Coast",2019,0.955779386203844
"Cape Coast",2020,0.956964237941906
"Cape Coast",2021,0.95809953370148
"Cape Coast",2022,0.959189946075683
"Cape Coast",2023,0.960235592276595
"Cape Coast",2024,0.961244294574846
"Cape Coast",2025,0.962213372086138
"Central Gonja",1970,0
"Central Gonja",1971,0
"Central Gonja",1972,0
"Central Gonja",1973,0
"Central Gonja",1974,0
"Central Gonja",1975,0
"Central Gonja",1976,0
"Central Gonja",1977,0
"Central Gonja",1978,0
"Central Gonja",1979,0
"Central Gonja",1980,0.26191485
"Central Gonja",1981,0.251582535008228
"Central Gonja",1982,0.24166444403397
"Central Gonja",1983,0.231837929859814
"Central Gonja",1984,0.222329242252652
"Central Gonja",1985,0.213434718231857
"Central Gonja",1986,0.20494539450948
"Central Gonja",1987,0.196851992605747
"Central Gonja",1988,0.189159616244797
"Central Gonja",1989,0.181886245353685
"Central Gonja",1990,0.432546899325734
"Central Gonja",1991,0.416283044321556
"Central Gonja",1992,0.400833309226825
"Central Gonja",1993,0.3861981810844
"Central Gonja",1994,0.372338412547792
"Central Gonja",1995,0.35930485014025
"Central Gonja",1996,0.346972467392669
"Central Gonja",1997,0.335339146783024
"Central Gonja",1998,0.324163304111224
"Central Gonja",1999,0.313390009778151
"Central Gonja",2000,0.322220624107723
"Central Gonja",2001,0.325349720558658
"Central Gonja",2002,0.335839338139033
"Central Gonja",2003,0.344763052552832
"Central Gonja",2004,0.35428736647344
"Central Gonja",2005,0.375174809920254
"Central Gonja",2006,0.395476979369281
"Central Gonja",2007,0.41484231876594
"Central Gonja",2008,0.433249862436631
"Central Gonja",2009,0.450867443088901
"Central Gonja",2010,0.467850322584492
"Central Gonja",2011,0.484369324918479
"Central Gonja",2012,0.50039956550201
"Central Gonja",2013,0.515871985671797
"Central Gonja",2014,0.530745078425936
"Central Gonja",2015,0.544879283736309
"Central Gonja",2016,0.554980846610319
"Central Gonja",2017,0.558789916523184
"Central Gonja",2018,0.735079948106249
"Central Gonja",2019,0.742297314112984
"Central Gonja",2020,0.749202226755858
"Central Gonja",2021,0.788276507103516
"Central Gonja",2022,0.833598228202941
"Central Gonja",2023,0.837861819249088
"Central Gonja",2024,0.84197477263935
"Central Gonja",2025,0.84592615714834
"Central Tongu",1970,0
"Central Tongu",1971,0
"Central Tongu",1972,0
"Central Tongu",1973,0
"Central Tongu",1974,0
"Central Tongu",1975,0
"Central Tongu",1976,0
"Central Tongu",1977,0
"Central Tongu",1978,0
"Central Tongu",1979,0
"Central Tongu",1980,0.971988664
"Central Tongu",1981,0.933644549319678
"Central Tongu",1982,0.896837655798749
"Central Tongu",1983,0.8603706117044
"Central Tongu",1984,0.825083049492182
"Central Tongu",1985,0.79207470147416
"Central Tongu",1986,0.760570086813414
"Central Tongu",1987,0.730534772268919
"Central Tongu",1988,0.701987698202423
"Central Tongu",1989,0.674995589678494
"Central Tongu",1990,0.887797469340293
"Central Tongu",1991,0.854416096506654
"Central Tongu",1992,0.822705695298226
"Central Tongu",1993,0.792667265364804
"Central Tongu",1994,0.764220251985159
"Central Tongu",1995,0.737469017055626
"Central Tongu",1996,0.712156945205599
"Central Tongu",1997,0.688279690245811
"Central Tongu",1998,0.665341403421339
"Central Tongu",1999,0.643229342370226
"Central Tongu",2000,0.640040103592818
"Central Tongu",2001,0.652170151924617
"Central Tongu",2002,0.64994940484668
"Central Tongu",2003,0.651057417367203
"Central Tongu",2004,0.65581229391112
"Central Tongu",2005,0.663029981390184
"Central Tongu",2006,0.672383881209811
"Central Tongu",2007,0.682878762489218
"Central Tongu",2008,0.69285457450637
"Central Tongu",2009,0.702402272772265
"Central Tongu",2010,0.711606000134744
"Central Tongu",2011,0.720558333207685
"Central Tongu",2012,0.729245785999425
"Central Tongu",2013,0.737630932753685
"Central Tongu",2014,0.745691279103165
"Central Tongu",2015,0.753351191675455
"Central Tongu",2016,0.760687298894385
"Central Tongu",2017,0.767599534669164
"Central Tongu",2018,0.774043916464515
"Central Tongu",2019,0.78019976516176
"Central Tongu",2020,0.785185315902694
"Central Tongu",2021,0.790852188947035
"Central Tongu",2022,0.796295024823491
"Central Tongu",2023,0.801514408600711
"Central Tongu",2024,0.806549385447515
"Central Tongu",2025,0.811386573625404
"Chereponi",1970,0
"Chereponi",1971,0
"Chereponi",1972,0
"Chereponi",1973,0
"Chereponi",1974,0
"Chereponi",1975,0
"Chereponi",1976,0
"Chereponi",1977,0
"Chereponi",1978,0
"Chereponi",1979,0
"Chereponi",1980,0.26191485
"Chereponi",1981,0.251582535008228
"Chereponi",1982,0.24166444403397
"Chereponi",1983,0.231837929859814
"Chereponi",1984,0.222329242252652
"Chereponi",1985,0.213434718231857
"Chereponi",1986,0.20494539450948
"Chereponi",1987,0.196851992605747
"Chereponi",1988,0.189159616244797
"Chereponi",1989,0.181886245353685
"Chereponi",1990,0.432546899325734
"Chereponi",1991,0.416283044321556
"Chereponi",1992,0.400833309226825
"Chereponi",1993,0.3861981810844
"Chereponi",1994,0.372338412547792
"Chereponi",1995,0.35930485014025
"Chereponi",1996,0.346972467392669
"Chereponi",1997,0.335339146783024
"Chereponi",1998,0.324163304111224
"Chereponi",1999,0.313390009778151
"Chereponi",2000,0.336285661372442
"Chereponi",2001,0.347907564432256
"Chereponi",2002,0.369738585710115
"Chereponi",2003,0.3906316075805
"Chereponi",2004,0.410602994233289
"Chereponi",2005,0.429668745755661
"Chereponi",2006,0.44820026777107
"Chereponi",2007,0.465876665077577
"Chereponi",2008,0.482678800516328
"Chereponi",2009,0.498759869317151
"Chereponi",2010,0.514261592226505
"Chereponi",2011,0.529339894877532
"Chereponi",2012,0.543972062983105
"Chereponi",2013,0.558095060809912
"Chereponi",2014,0.57167100137639
"Chereponi",2015,0.584572496339137
"Chereponi",2016,0.591535489791163
"Chereponi",2017,0.599642932932404
"Chereponi",2018,0.610744691231286
"Chereponi",2019,0.619733579779387
"Chereponi",2020,0.629627168022047
"Chereponi",2021,0.639397709671525
"Chereponi",2022,0.648781977539549
"Chereponi",2023,0.656522416107705
"Chereponi",2024,0.665235399604906
"Chereponi",2025,0.67360611153649
"Daffiama-Bussie-Issa",1970,0.91546131354412
"Daffiama-Bussie-Issa",1971,0.875138123606189
"Daffiama-Bussie-Issa",1972,0.838569290034115
"Daffiama-Bussie-Issa",1973,0.803187176539936
"Daffiama-Bussie-Issa",1974,0.769332831767937
"Daffiama-Bussie-Issa",1975,0.737242082946284
"Daffiama-Bussie-Issa",1976,0.706772256376847
"Daffiama-Bussie-Issa",1977,0.678016799090234
"Daffiama-Bussie-Issa",1978,0.649568735683205
"Daffiama-Bussie-Issa",1979,0.622301686546962
"Daffiama-Bussie-Issa",1980,0.928503899425421
"Daffiama-Bussie-Issa",1981,0.891875221212056
"Daffiama-Bussie-Issa",1982,0.856714992059508
"Daffiama-Bussie-Issa",1983,0.821879408172367
"Daffiama-Bussie-Issa",1984,0.788170538584911
"Daffiama-Bussie-Issa",1985,0.756638915857751
"Daffiama-Bussie-Issa",1986,0.726543752564367
"Daffiama-Bussie-Issa",1987,0.697852155935795
"Daffiama-Bussie-Issa",1988,0.670582218981131
"Daffiama-Bussie-Issa",1989,0.644797681623417
"Daffiama-Bussie-Issa",1990,0.837860166451137
"Daffiama-Bussie-Issa",1991,0.806356446780092
"Daffiama-Bussie-Issa",1992,0.776429709036102
"Daffiama-Bussie-Issa",1993,0.748080896640128
"Daffiama-Bussie-Issa",1994,0.721233985955624
"Daffiama-Bussie-Issa",1995,0.695987468675632
"Daffiama-Bussie-Issa",1996,0.672099163667008
"Daffiama-Bussie-Issa",1997,0.649564969207239
"Daffiama-Bussie-Issa",1998,0.62791692730514
"Daffiama-Bussie-Issa",1999,0.607048637190921
"Daffiama-Bussie-Issa",2000,0.619311929330394
"Daffiama-Bussie-Issa",2001,0.628668264102244
"Daffiama-Bussie-Issa",2002,0.641099862117133
"Daffiama-Bussie-Issa",2003,0.65299731968007
"Daffiama-Bussie-Issa",2004,0.664369955321226
"Daffiama-Bussie-Issa",2005,0.675226880233771
"Daffiama-Bussie-Issa",2006,0.685779590039119
"Daffiama-Bussie-Issa",2007,0.695845352097115
"Daffiama-Bussie-Issa",2008,0.705413268820192
"Daffiama-Bussie-Issa",2009,0.714243102922375
"Daffiama-Bussie-Issa",2010,0.718017381049917
"Daffiama-Bussie-Issa",2011,0.72400441072664
"Daffiama-Bussie-Issa",2012,0.72897095046155
"Daffiama-Bussie-Issa",2013,0.725875845562837
"Daffiama-Bussie-Issa",2014,0.723785780475903
"Daffiama-Bussie-Issa",2015,0.728602788406375
"Daffiama-Bussie-Issa",2016,0.733356679360927
"Daffiama-Bussie-Issa",2017,0.737633483884842
"Daffiama-Bussie-Issa",2018,0.744908813552342
"Daffiama-Bussie-Issa",2019,0.751858406248419
"Daffiama-Bussie-Issa",2020,0.925149334511554
"Daffiama-Bussie-Issa",2021,0.927123916558354
"Daffiama-Bussie-Issa",2022,0.929020434430068
"Daffiama-Bussie-Issa",2023,0.930839091989751
"Daffiama-Bussie-Issa",2024,0.932593494251802
"Daffiama-Bussie-Issa",2025,0.934278978443581
"Denkyembour",1970,0
"Denkyembour",1971,0
"Denkyembour",1972,0
"Denkyembour",1973,0
"Denkyembour",1974,0
"Denkyembour",1975,0
"Denkyembour",1976,0
"Denkyembour",1977,0
"Denkyembour",1978,0
"Denkyembour",1979,0
"Denkyembour",1980,0.971988664
"Denkyembour",1981,0.933644549319678
"Denkyembour",1982,0.896837655798749
"Denkyembour",1983,0.8603706117044
"Denkyembour",1984,0.825083049492182
"Denkyembour",1985,0.79207470147416
"Denkyembour",1986,0.760570086813414
"Denkyembour",1987,0.730534772268919
"Denkyembour",1988,0.701987698202423
"Denkyembour",1989,0.674995589678493
"Denkyembour",1990,0.887797469340293
"Denkyembour",1991,0.854416096506653
"Denkyembour",1992,0.822705695298226
"Denkyembour",1993,0.792667265364804
"Denkyembour",1994,0.764220251985159
"Denkyembour",1995,0.737469017055625
"Denkyembour",1996,0.712156945205599
"Denkyembour",1997,0.688279690245811
"Denkyembour",1998,0.665341403421339
"Denkyembour",1999,0.643229342370226
"Denkyembour",2000,0.649377156657195
"Denkyembour",2001,0.647236696910278
"Denkyembour",2002,0.650085051690002
"Denkyembour",2003,0.650714369680758
"Denkyembour",2004,0.649266073369604
"Denkyembour",2005,0.649877086537939
"Denkyembour",2006,0.648255115771799
"Denkyembour",2007,0.650329514534792
"Denkyembour",2008,0.651815137650695
"Denkyembour",2009,0.639962160222699
"Denkyembour",2010,0.628581438901435
"Denkyembour",2011,0.618166324669872
"Denkyembour",2012,0.609022227901738
"Denkyembour",2013,0.619958372633732
"Denkyembour",2014,0.631633785348891
"Denkyembour",2015,0.642729169686723
"Denkyembour",2016,0.65335552192892
"Denkyembour",2017,0.663367896330206
"Denkyembour",2018,0.672702584182625
"Denkyembour",2019,0.681619331805641
"Denkyembour",2020,0.908175819006529
"Denkyembour",2021,0.910598167265807
"Denkyembour",2022,0.912924749122805
"Denkyembour",2023,0.915155814669594
"Denkyembour",2024,0.917308054062453
"Denkyembour",2025,0.919375747174833
"Dormaa East",1970,0.954342586644847
"Dormaa East",1971,0.912306798984791
"Dormaa East",1972,0.874184821894739
"Dormaa East",1973,0.837299966998717
"Dormaa East",1974,0.802007767884594
"Dormaa East",1975,0.768554067783098
"Dormaa East",1976,0.736790133389933
"Dormaa East",1977,0.706813380597594
"Dormaa East",1978,0.677157077250602
"Dormaa East",1979,0.648731947954737
"Dormaa East",1980,0.937843214544404
"Dormaa East",1981,0.900846108402585
"Dormaa East",1982,0.86533222165106
"Dormaa East",1983,0.830146245594887
"Dormaa East",1984,0.796098316843999
"Dormaa East",1985,0.764249534693982
"Dormaa East",1986,0.73385166054098
"Dormaa East",1987,0.704871470765575
"Dormaa East",1988,0.677327240364592
"Dormaa East",1989,0.651283350386249
"Dormaa East",1990,0.844004927670153
"Dormaa East",1991,0.812270163676151
"Dormaa East",1992,0.782123946996577
"Dormaa East",1993,0.753567227971322
"Dormaa East",1994,0.726523425416039
"Dormaa East",1995,0.701091753349474
"Dormaa East",1996,0.677028254512472
"Dormaa East",1997,0.654328797101006
"Dormaa East",1998,0.632521991178759
"Dormaa East",1999,0.611500655646061
"Dormaa East",2000,0.624455529241862
"Dormaa East",2001,0.637110751744435
"Dormaa East",2002,0.644112879055527
"Dormaa East",2003,0.652099015003971
"Dormaa East",2004,0.661272371101573
"Dormaa East",2005,0.672229496338303
"Dormaa East",2006,0.68287959881718
"Dormaa East",2007,0.693038259428818
"Dormaa East",2008,0.702694480010045
"Dormaa East",2009,0.711936302163467
"Dormaa East",2010,0.720845173083324
"Dormaa East",2011,0.729510703540425
"Dormaa East",2012,0.737919839588879
"Dormaa East",2013,0.746036354467656
"Dormaa East",2014,0.752039284038424
"Dormaa East",2015,0.759507991359706
"Dormaa East",2016,0.766660976094016
"Dormaa East",2017,0.773400669980899
"Dormaa East",2018,0.779684188368588
"Dormaa East",2019,0.785686375965368
"Dormaa East",2020,0.791428717559687
"Dormaa East",2021,0.796930887875703
"Dormaa East",2022,0.802215532468949
"Dormaa East",2023,0.807283219403562
"Dormaa East",2024,0.812171859034545
"Dormaa East",2025,0.816868458551971
"Dormaa Municipal",1970,0
"Dormaa Municipal",1971,0
"Dormaa Municipal",1972,0
"Dormaa Municipal",1973,0
"Dormaa Municipal",1974,0
"Dormaa Municipal",1975,0
"Dormaa Municipal",1976,0
"Dormaa Municipal",1977,0
"Dormaa Municipal",1978,0
"Dormaa Municipal",1979,0
"Dormaa Municipal",1980,0
"Dormaa Municipal",1981,0
"Dormaa Municipal",1982,0
"Dormaa Municipal",1983,0
"Dormaa Municipal",1984,0
"Dormaa Municipal",1985,0
"Dormaa Municipal",1986,0
"Dormaa Municipal",1987,0
"Dormaa Municipal",1988,0
"Dormaa Municipal",1989,0
"Dormaa Municipal",1990,0
"Dormaa Municipal",1991,0
"Dormaa Municipal",1992,0
"Dormaa Municipal",1993,0
"Dormaa Municipal",1994,0
"Dormaa Municipal",1995,0
"Dormaa Municipal",1996,0
"Dormaa Municipal",1997,0
"Dormaa Municipal",1998,0
"Dormaa Municipal",1999,0
"Dormaa Municipal",2000,0.0333459342572246
"Dormaa Municipal",2001,0.0659205645274971
"Dormaa Municipal",2002,0.0920452340591275
"Dormaa Municipal",2003,0.118332286292978
"Dormaa Municipal",2004,0.144999266697473
"Dormaa Municipal",2005,0.172656739289121
"Dormaa Municipal",2006,0.199539239127706
"Dormaa Municipal",2007,0.225181263962139
"Dormaa Municipal",2008,0.249555052733754
"Dormaa Municipal",2009,0.272882836014747
"Dormaa Municipal",2010,0.295370199074404
"Dormaa Municipal",2011,0.317243333307271
"Dormaa Municipal",2012,0.338469288542312
"Dormaa Municipal",2013,0.35817568966738
"Dormaa Municipal",2014,0.377893434183125
"Dormaa Municipal",2015,0.396631611497689
"Dormaa Municipal",2016,0.414577675055158
"Dormaa Municipal",2017,0.431486836663142
"Dormaa Municipal",2018,0.4472515033776
"Dormaa Municipal",2019,0.462310341624381
"Dormaa Municipal",2020,0.47671725440948
"Dormaa Municipal",2021,0.490521603483738
"Dormaa Municipal",2022,0.503780204091974
"Dormaa Municipal",2023,0.516494481445552
"Dormaa Municipal",2024,0.528399111507399
"Dormaa Municipal",2025,0.540191383389169
"Dormaa West",1970,0.954342586644847
"Dormaa West",1971,0.912306798984791
"Dormaa West",1972,0.874184821894739
"Dormaa West",1973,0.837299966998718
"Dormaa West",1974,0.802007767884594
"Dormaa West",1975,0.768554067783098
"Dormaa West",1976,0.736790133389933
"Dormaa West",1977,0.706813380597595
"Dormaa West",1978,0.677157077250602
"Dormaa West",1979,0.648731947954737
"Dormaa West",1980,0.937843214544404
"Dormaa West",1981,0.900846108402585
"Dormaa West",1982,0.86533222165106
"Dormaa West",1983,0.830146245594886
"Dormaa West",1984,0.796098316843999
"Dormaa West",1985,0.764249534693982
"Dormaa West",1986,0.73385166054098
"Dormaa West",1987,0.704871470765575
"Dormaa West",1988,0.677327240364592
"Dormaa West",1989,0.651283350386248
"Dormaa West",1990,0.844004927670153
"Dormaa West",1991,0.812270163676151
"Dormaa West",1992,0.782123946996577
"Dormaa West",1993,0.753567227971322
"Dormaa West",1994,0.726523425416039
"Dormaa West",1995,0.701091753349474
"Dormaa West",1996,0.677028254512473
"Dormaa West",1997,0.654328797101006
"Dormaa West",1998,0.632521991178759
"Dormaa West",1999,0.611500655646061
"Dormaa West",2000,0.624455529241862
"Dormaa West",2001,0.637110751744435
"Dormaa West",2002,0.644112879055528
"Dormaa West",2003,0.652099015003971
"Dormaa West",2004,0.661272371101573
"Dormaa West",2005,0.672229496338304
"Dormaa West",2006,0.68287959881718
"Dormaa West",2007,0.693038259428818
"Dormaa West",2008,0.702694480010045
"Dormaa West",2009,0.711936302163467
"Dormaa West",2010,0.720845173083324
"Dormaa West",2011,0.729510703540425
"Dormaa West",2012,0.737919839588879
"Dormaa West",2013,0.746036354467656
"Dormaa West",2014,0.753838474453262
"Dormaa West",2015,0.761252989211938
"Dormaa West",2016,0.768354072250765
"Dormaa West",2017,0.775044863259653
"Dormaa West",2018,0.781282788755699
"Dormaa West",2019,0.787241424782827
"Dormaa West",2020,0.792942100236946
"Dormaa West",2021,0.798404347083413
"Dormaa West",2022,0.803650646562751
"Dormaa West",2023,0.808681562617256
"Dormaa West",2024,0.813534730526312
"Dormaa West",2025,0.818197251755162
"East Akim - Abuakwa South",1970,0
"East Akim - Abuakwa South",1971,0
"East Akim - Abuakwa South",1972,0
"East Akim - Abuakwa South",1973,0
"East Akim - Abuakwa South",1974,0
"East Akim - Abuakwa South",1975,0
"East Akim - Abuakwa South",1976,0
"East Akim - Abuakwa South",1977,0
"East Akim - Abuakwa South",1978,0
"East Akim - Abuakwa South",1979,0
"East Akim - Abuakwa South",1980,0.971988664
"East Akim - Abuakwa South",1981,0.933644549319678
"East Akim - Abuakwa South",1982,0.896837655798749
"East Akim - Abuakwa South",1983,0.8603706117044
"East Akim - Abuakwa South",1984,0.825083049492182
"East Akim - Abuakwa South",1985,0.79207470147416
"East Akim - Abuakwa South",1986,0.760570086813414
"East Akim - Abuakwa South",1987,0.730534772268919
"East Akim - Abuakwa South",1988,0.701987698202423
"East Akim - Abuakwa South",1989,0.674995589678493
"East Akim - Abuakwa South",1990,0.887797469340292
"East Akim - Abuakwa South",1991,0.854416096506653
"East Akim - Abuakwa South",1992,0.822705695298227
"East Akim - Abuakwa South",1993,0.792667265364804
"East Akim - Abuakwa South",1994,0.764220251985159
"East Akim - Abuakwa South",1995,0.737469017055625
"East Akim - Abuakwa South",1996,0.712156945205599
"East Akim - Abuakwa South",1997,0.688279690245811
"East Akim - Abuakwa South",1998,0.665341403421339
"East Akim - Abuakwa South",1999,0.643229342370226
"East Akim - Abuakwa South",2000,0.655126193264455
"East Akim - Abuakwa South",2001,0.660785477728691
"East Akim - Abuakwa South",2002,0.672141842332148
"East Akim - Abuakwa South",2003,0.683010265343981
"East Akim - Abuakwa South",2004,0.68981330874191
"East Akim - Abuakwa South",2005,0.699847194769852
"East Akim - Abuakwa South",2006,0.709599927548769
"East Akim - Abuakwa South",2007,0.718902626986029
"East Akim - Abuakwa South",2008,0.727745221615495
"East Akim - Abuakwa South",2009,0.736208334719934
"East Akim - Abuakwa South",2010,0.742077184083151
"East Akim - Abuakwa South",2011,0.747780354421823
"East Akim - Abuakwa South",2012,0.755621512432587
"East Akim - Abuakwa South",2013,0.758891741131993
"East Akim - Abuakwa South",2014,0.766298925578671
"East Akim - Abuakwa South",2015,0.77333812498876
"East Akim - Abuakwa South",2016,0.780079758280328
"East Akim - Abuakwa South",2017,0.78643186811566
"East Akim - Abuakwa South",2018,0.792354036039133
"East Akim - Abuakwa South",2019,0.798011051848295
"East Akim - Abuakwa South",2020,0.941744359546226
"East Akim - Abuakwa South",2021,0.943281160067827
"East Akim - Abuakwa South",2022,0.944757203901609
"East Akim - Abuakwa South",2023,0.946172649712466
"East Akim - Abuakwa South",2024,0.947538086168139
"East Akim - Abuakwa South",2025,0.948849884272084
"East Gonja",1970,0
"East Gonja",1971,0
"East Gonja",1972,0
"East Gonja",1973,0
"East Gonja",1974,0
"East Gonja",1975,0
"East Gonja",1976,0
"East Gonja",1977,0
"East Gonja",1978,0
"East Gonja",1979,0
"East Gonja",1980,0.26191485
"East Gonja",1981,0.251582535008228
"East Gonja",1982,0.24166444403397
"East Gonja",1983,0.231837929859814
"East Gonja",1984,0.222329242252652
"East Gonja",1985,0.213434718231857
"East Gonja",1986,0.20494539450948
"East Gonja",1987,0.196851992605747
"East Gonja",1988,0.189159616244797
"East Gonja",1989,0.181886245353685
"East Gonja",1990,0.432546899325734
"East Gonja",1991,0.416283044321556
"East Gonja",1992,0.400833309226825
"East Gonja",1993,0.3861981810844
"East Gonja",1994,0.372338412547792
"East Gonja",1995,0.35930485014025
"East Gonja",1996,0.346972467392669
"East Gonja",1997,0.335339146783024
"East Gonja",1998,0.324163304111224
"East Gonja",1999,0.313390009778151
"East Gonja",2000,0.319821766215631
"East Gonja",2001,0.341080617998843
"East Gonja",2002,0.358807728345184
"East Gonja",2003,0.374240638435122
"East Gonja",2004,0.394749221283987
"East Gonja",2005,0.414327808963968
"East Gonja",2006,0.433357797275545
"East Gonja",2007,0.451509659483837
"East Gonja",2008,0.468763743673095
"East Gonja",2009,0.485277365763222
"East Gonja",2010,0.497943942201525
"East Gonja",2011,0.511988717192856
"East Gonja",2012,0.527160309281785
"East Gonja",2013,0.541803960212745
"East Gonja",2014,0.55588038627702
"East Gonja",2015,0.569257502880651
"East Gonja",2016,0.575518128545271
"East Gonja",2017,0.575951111683295
"East Gonja",2018,0.583615540675896
"East Gonja",2019,0.589249995365224
"East Gonja",2020,0.600255673828763
"East Gonja",2021,0.663388126359827
"East Gonja",2022,0.801822720885335
"East Gonja",2023,0.806900472544216
"East Gonja",2024,0.808349108942422
"East Gonja",2025,0.813141295447749
"East Mamprusi",1970,0
"East Mamprusi",1971,0
"East Mamprusi",1972,0
"East Mamprusi",1973,0
"East Mamprusi",1974,0
"East Mamprusi",1975,0
"East Mamprusi",1976,0
"East Mamprusi",1977,0
"East Mamprusi",1978,0
"East Mamprusi",1979,0
"East Mamprusi",1980,0.26191485
"East Mamprusi",1981,0.251582535008228
"East Mamprusi",1982,0.24166444403397
"East Mamprusi",1983,0.231837929859814
"East Mamprusi",1984,0.222329242252652
"East Mamprusi",1985,0.213434718231857
"East Mamprusi",1986,0.20494539450948
"East Mamprusi",1987,0.196851992605747
"East Mamprusi",1988,0.189159616244797
"East Mamprusi",1989,0.181886245353685
"East Mamprusi",1990,0.432546899325734
"East Mamprusi",1991,0.416283044321556
"East Mamprusi",1992,0.400833309226825
"East Mamprusi",1993,0.3861981810844
"East Mamprusi",1994,0.372338412547792
"East Mamprusi",1995,0.35930485014025
"East Mamprusi",1996,0.346972467392669
"East Mamprusi",1997,0.335339146783024
"East Mamprusi",1998,0.324163304111224
"East Mamprusi",1999,0.313390009778151
"East Mamprusi",2000,0.336285661372442
"East Mamprusi",2001,0.358651727943795
"East Mamprusi",2002,0.380123051655114
"East Mamprusi",2003,0.400671830852249
"East Mamprusi",2004,0.420314160101447
"East Mamprusi",2005,0.439065775865368
"East Mamprusi",2006,0.457291964324074
"East Mamprusi",2007,0.474677117486964
"East Mamprusi",2008,0.491202413507481
"East Mamprusi",2009,0.50701852350306
"East Mamprusi",2010,0.522264833166433
"East Mamprusi",2011,0.537094699031012
"East Mamprusi",2012,0.551485781060319
"East Mamprusi",2013,0.565376082125673
"East Mamprusi",2014,0.578728339488185
"East Mamprusi",2015,0.591417263711169
"East Mamprusi",2016,0.601341568157916
"East Mamprusi",2017,0.612856297889206
"East Mamprusi",2018,0.623591654303041
"East Mamprusi",2019,0.633846358616531
"East Mamprusi",2020,0.643657117471917
"East Mamprusi",2021,0.653057545026611
"East Mamprusi",2022,0.662086331086995
"East Mamprusi",2023,0.670744446187509
"East Mamprusi",2024,0.679096659960007
"East Mamprusi",2025,0.687120774260587
"Effia-Kwesimintsim",1970,0
"Effia-Kwesimintsim",1971,0
"Effia-Kwesimintsim",1972,0
"Effia-Kwesimintsim",1973,0
"Effia-Kwesimintsim",1974,0
"Effia-Kwesimintsim",1975,0
"Effia-Kwesimintsim",1976,0
"Effia-Kwesimintsim",1977,0
"Effia-Kwesimintsim",1978,0
"Effia-Kwesimintsim",1979,0
"Effia-Kwesimintsim",1980,0
"Effia-Kwesimintsim",1981,0
"Effia-Kwesimintsim",1982,0
"Effia-Kwesimintsim",1983,0
"Effia-Kwesimintsim",1984,0
"Effia-Kwesimintsim",1985,0
"Effia-Kwesimintsim",1986,0
"Effia-Kwesimintsim",1987,0
"Effia-Kwesimintsim",1988,0
"Effia-Kwesimintsim",1989,0
"Effia-Kwesimintsim",1990,0
"Effia-Kwesimintsim",1991,0
"Effia-Kwesimintsim",1992,0
"Effia-Kwesimintsim",1993,0
"Effia-Kwesimintsim",1994,0
"Effia-Kwesimintsim",1995,0
"Effia-Kwesimintsim",1996,0
"Effia-Kwesimintsim",1997,0
"Effia-Kwesimintsim",1998,0
"Effia-Kwesimintsim",1999,0
"Effia-Kwesimintsim",2000,0.024799801869801
"Effia-Kwesimintsim",2001,0.0489309817982543
"Effia-Kwesimintsim",2002,0.0676457272263323
"Effia-Kwesimintsim",2003,0.0903847295428119
"Effia-Kwesimintsim",2004,0.108052577537404
"Effia-Kwesimintsim",2005,0.126952665945126
"Effia-Kwesimintsim",2006,0.147421554779344
"Effia-Kwesimintsim",2007,0.167158878684275
"Effia-Kwesimintsim",2008,0.185528665698473
"Effia-Kwesimintsim",2009,0.20249810321482
"Effia-Kwesimintsim",2010,0.221071189412108
"Effia-Kwesimintsim",2011,0.236220793689813
"Effia-Kwesimintsim",2012,0.248307513087331
"Effia-Kwesimintsim",2013,0.257687621252434
"Effia-Kwesimintsim",2014,0.267562434619397
"Effia-Kwesimintsim",2015,0.289623839732407
"Effia-Kwesimintsim",2016,0.302230731166447
"Effia-Kwesimintsim",2017,0.311819072165328
"Effia-Kwesimintsim",2018,0.330308876127045
"Effia-Kwesimintsim",2019,0.348553648155068
"Effia-Kwesimintsim",2020,0.366008569649289
"Effia-Kwesimintsim",2021,0.382733445614334
"Effia-Kwesimintsim",2022,0.398797111452538
"Effia-Kwesimintsim",2023,0.414201293901118
"Effia-Kwesimintsim",2024,0.429061228575985
"Effia-Kwesimintsim",2025,0.443337421400803
"Efutu",1970,0
"Efutu",1971,0
"Efutu",1972,0
"Efutu",1973,0
"Efutu",1974,0
"Efutu",1975,0
"Efutu",1976,0
"Efutu",1977,0
"Efutu",1978,0
"Efutu",1979,0
"Efutu",1980,0
"Efutu",1981,0
"Efutu",1982,0
"Efutu",1983,0
"Efutu",1984,0
"Efutu",1985,0
"Efutu",1986,0
"Efutu",1987,0
"Efutu",1988,0
"Efutu",1989,0
"Efutu",1990,0
"Efutu",1991,0
"Efutu",1992,0
"Efutu",1993,0
"Efutu",1994,0
"Efutu",1995,0
"Efutu",1996,0
"Efutu",1997,0
"Efutu",1998,0
"Efutu",1999,0
"Efutu",2000,0.0243816119088104
"Efutu",2001,0.051435025414188
"Efutu",2002,0.0816045046750095
"Efutu",2003,0.107645800261817
"Efutu",2004,0.133192572091413
"Efutu",2005,0.159906602961237
"Efutu",2006,0.185375414629781
"Efutu",2007,0.211471164565155
"Efutu",2008,0.236276237521312
"Efutu",2009,0.257514236799565
"Efutu",2010,0.280476900522428
"Efutu",2011,0.302812352866124
"Efutu",2012,0.324486947213434
"Efutu",2013,0.345407308888844
"Efutu",2014,0.365517316000471
"Efutu",2015,0.384628268510982
"Efutu",2016,0.402931349042237
"Efutu",2017,0.420176899613028
"Efutu",2018,0.845694037686505
"Efutu",2019,0.849897881823924
"Efutu",2020,0.853919733633301
"Efutu",2021,0.857773373002799
"Efutu",2022,0.861474660547289
"Efutu",2023,0.86502399413056
"Efutu",2024,0.86844792560909
"Efutu",2025,0.871737355009419
"Ejisu",1970,0
"Ejisu",1971,0
"Ejisu",1972,0
"Ejisu",1973,0
"Ejisu",1974,0
"Ejisu",1975,0
"Ejisu",1976,0
"Ejisu",1977,0
"Ejisu",1978,0
"Ejisu",1979,0
"Ejisu",1980,0.26191485
"Ejisu",1981,0.251582535008228
"Ejisu",1982,0.24166444403397
"Ejisu",1983,0.231837929859814
"Ejisu",1984,0.222329242252652
"Ejisu",1985,0.213434718231857
"Ejisu",1986,0.20494539450948
"Ejisu",1987,0.196851992605747
"Ejisu",1988,0.189159616244797
"Ejisu",1989,0.181886245353685
"Ejisu",1990,0.337015379398074
"Ejisu",1991,0.324343529771473
"Ejisu",1992,0.31230599501474
"Ejisu",1993,0.300903154603337
"Ejisu",1994,0.290104429288196
"Ejisu",1995,0.279949435722104
"Ejisu",1996,0.270340760554076
"Ejisu",1997,0.261276753934146
"Ejisu",1998,0.252569187508398
"Ejisu",1999,0.244175263328876
"Ejisu",2000,0.269378945307895
"Ejisu",2001,0.287961732896356
"Ejisu",2002,0.305348071948718
"Ejisu",2003,0.3230780079858
"Ejisu",2004,0.341720700799727
"Ejisu",2005,0.363014649408351
"Ejisu",2006,0.382486750343504
"Ejisu",2007,0.402268219788712
"Ejisu",2008,0.421071312015742
"Ejisu",2009,0.439067466187535
"Ejisu",2010,0.456415280493938
"Ejisu",2011,0.473289249663384
"Ejisu",2012,0.489663954377166
"Ejisu",2013,0.505468852012211
"Ejisu",2014,0.520661543647789
"Ejisu",2015,0.531796245534828
"Ejisu",2016,0.538275783818562
"Ejisu",2017,0.546202144051863
"Ejisu",2018,0.558346559528758
"Ejisu",2019,0.570378772663358
"Ejisu",2020,0.91701238202884
"Ejisu",2021,0.919201619218426
"Ejisu",2022,0.921304305942535
"Ejisu",2023,0.91860346917534
"Ejisu",2024,0.916421841651309
"Ejisu",2025,0.91851169430145
"Ejura-Sekyedumase",1970,0
"Ejura-Sekyedumase",1971,0
"Ejura-Sekyedumase",1972,0
"Ejura-Sekyedumase",1973,0
"Ejura-Sekyedumase",1974,0
"Ejura-Sekyedumase",1975,0
"Ejura-Sekyedumase",1976,0
"Ejura-Sekyedumase",1977,0
"Ejura-Sekyedumase",1978,0
"Ejura-Sekyedumase",1979,0
"Ejura-Sekyedumase",1980,0
"Ejura-Sekyedumase",1981,0
"Ejura-Sekyedumase",1982,0
"Ejura-Sekyedumase",1983,0
"Ejura-Sekyedumase",1984,0
"Ejura-Sekyedumase",1985,0
"Ejura-Sekyedumase",1986,0
"Ejura-Sekyedumase",1987,0
"Ejura-Sekyedumase",1988,0
"Ejura-Sekyedumase",1989,0
"Ejura-Sekyedumase",1990,0
"Ejura-Sekyedumase",1991,0
"Ejura-Sekyedumase",1992,0
"Ejura-Sekyedumase",1993,0
"Ejura-Sekyedumase",1994,0
"Ejura-Sekyedumase",1995,0
"Ejura-Sekyedumase",1996,0
"Ejura-Sekyedumase",1997,0
"Ejura-Sekyedumase",1998,0
"Ejura-Sekyedumase",1999,0
"Ejura-Sekyedumase",2000,0.0298326465056207
"Ejura-Sekyedumase",2001,0.0587819218845019
"Ejura-Sekyedumase",2002,0.0862600965444541
"Ejura-Sekyedumase",2003,0.11140456524512
"Ejura-Sekyedumase",2004,0.137375773373632
"Ejura-Sekyedumase",2005,0.165279849914778
"Ejura-Sekyedumase",2006,0.192402043767725
"Ejura-Sekyedumase",2007,0.218272702096284
"Ejura-Sekyedumase",2008,0.242863816314229
"Ejura-Sekyedumase",2009,0.266399598481276
"Ejura-Sekyedumase",2010,0.28908746693874
"Ejura-Sekyedumase",2011,0.311155629884801
"Ejura-Sekyedumase",2012,0.332570843352874
"Ejura-Sekyedumase",2013,0.353240850086531
"Ejura-Sekyedumase",2014,0.373110199807182
"Ejura-Sekyedumase",2015,0.391992450659622
"Ejura-Sekyedumase",2016,0.410076497374379
"Ejura-Sekyedumase",2017,0.427115669638923
"Ejura-Sekyedumase",2018,0.761717154745283
"Ejura-Sekyedumase",2019,0.768208828346568
"Ejura-Sekyedumase",2020,0.774419465174614
"Ejura-Sekyedumase",2021,0.780370344452266
"Ejura-Sekyedumase",2022,0.786085958508806
"Ejura-Sekyedumase",2023,0.791566921734722
"Ejura-Sekyedumase",2024,0.79685423612251
"Ejura-Sekyedumase",2025,0.801933849282125
"Ekumfi",1970,0
"Ekumfi",1971,0
"Ekumfi",1972,0
"Ekumfi",1973,0
"Ekumfi",1974,0
"Ekumfi",1975,0
"Ekumfi",1976,0
"Ekumfi",1977,0
"Ekumfi",1978,0
"Ekumfi",1979,0
"Ekumfi",1980,0.26191485
"Ekumfi",1981,0.251582535008228
"Ekumfi",1982,0.24166444403397
"Ekumfi",1983,0.231837929859814
"Ekumfi",1984,0.222329242252652
"Ekumfi",1985,0.213434718231857
"Ekumfi",1986,0.20494539450948
"Ekumfi",1987,0.196851992605747
"Ekumfi",1988,0.189159616244797
"Ekumfi",1989,0.181886245353685
"Ekumfi",1990,0.337015379398074
"Ekumfi",1991,0.324343529771473
"Ekumfi",1992,0.31230599501474
"Ekumfi",1993,0.300903154603337
"Ekumfi",1994,0.290104429288196
"Ekumfi",1995,0.279949435722104
"Ekumfi",1996,0.270340760554076
"Ekumfi",1997,0.261276753934146
"Ekumfi",1998,0.252569187508398
"Ekumfi",1999,0.244175263328876
"Ekumfi",2000,0.25595937055369
"Ekumfi",2001,0.273310260790155
"Ekumfi",2002,0.288555787637473
"Ekumfi",2003,0.298238376847257
"Ekumfi",2004,0.316168047035731
"Ekumfi",2005,0.33630403259696
"Ekumfi",2006,0.357869213077492
"Ekumfi",2007,0.378439282704987
"Ekumfi",2008,0.397991971517796
"Ekumfi",2009,0.416705553204246
"Ekumfi",2010,0.434744948566455
"Ekumfi",2011,0.452219628272895
"Ekumfi",2012,0.469249358213483
"Ekumfi",2013,0.483005670337886
"Ekumfi",2014,0.49744268317421
"Ekumfi",2015,0.512579974163975
"Ekumfi",2016,0.52707737066257
"Ekumfi",2017,0.533901596401084
"Ekumfi",2018,0.54540967783018
"Ekumfi",2019,0.557794337710646
"Ekumfi",2020,0.784284988722445
"Ekumfi",2021,0.789975612656304
"Ekumfi",2022,0.795441260442001
"Ekumfi",2023,0.799623787438238
"Ekumfi",2024,0.804706723603964
"Ekumfi",2025,0.809589987117959
"Ellembelle",1970,0
"Ellembelle",1971,0
"Ellembelle",1972,0
"Ellembelle",1973,0
"Ellembelle",1974,0
"Ellembelle",1975,0
"Ellembelle",1976,0
"Ellembelle",1977,0
"Ellembelle",1978,0
"Ellembelle",1979,0
"Ellembelle",1980,0.26191485
"Ellembelle",1981,0.251582535008228
"Ellembelle",1982,0.24166444403397
"Ellembelle",1983,0.231837929859814
"Ellembelle",1984,0.222329242252652
"Ellembelle",1985,0.213434718231857
"Ellembelle",1986,0.20494539450948
"Ellembelle",1987,0.196851992605747
"Ellembelle",1988,0.189159616244797
"Ellembelle",1989,0.181886245353685
"Ellembelle",1990,0.337015379398074
"Ellembelle",1991,0.324343529771473
"Ellembelle",1992,0.31230599501474
"Ellembelle",1993,0.300903154603337
"Ellembelle",1994,0.290104429288196
"Ellembelle",1995,0.279949435722104
"Ellembelle",1996,0.270340760554076
"Ellembelle",1997,0.261276753934146
"Ellembelle",1998,0.252569187508398
"Ellembelle",1999,0.244175263328876
"Ellembelle",2000,0.258861894073401
"Ellembelle",2001,0.276182681571791
"Ellembelle",2002,0.30041493825505
"Ellembelle",2003,0.321645992769448
"Ellembelle",2004,0.34387830795744
"Ellembelle",2005,0.365102462519693
"Ellembelle",2006,0.385731908312444
"Ellembelle",2007,0.405409422104485
"Ellembelle",2008,0.424113700250012
"Ellembelle",2009,0.442015280964225
"Ellembelle",2010,0.459271928971166
"Ellembelle",2011,0.476057221993909
"Ellembelle",2012,0.492345874297446
"Ellembelle",2013,0.508067713974564
"Ellembelle",2014,0.523180564919505
"Ellembelle",2015,0.537542617359566
"Ellembelle",2016,0.548989989623085
"Ellembelle",2017,0.555149439897461
"Ellembelle",2018,0.567484986846971
"Ellembelle",2019,0.579268236665243
"Ellembelle",2020,0.590541367412441
"Ellembelle",2021,0.601343003704363
"Ellembelle",2022,0.611717602371755
"Ellembelle",2023,0.621666278614959
"Ellembelle",2024,0.631263456496285
"Ellembelle",2025,0.64048362906135
"Fanteakwa North",1970,0
"Fanteakwa North",1971,0
"Fanteakwa North",1972,0
"Fanteakwa North",1973,0
"Fanteakwa North",1974,0
"Fanteakwa North",1975,0
"Fanteakwa North",1976,0
"Fanteakwa North",1977,0
"Fanteakwa North",1978,0
"Fanteakwa North",1979,0
"Fanteakwa North",1980,0.971988664
"Fanteakwa North",1981,0.933644549319678
"Fanteakwa North",1982,0.896837655798749
"Fanteakwa North",1983,0.8603706117044
"Fanteakwa North",1984,0.825083049492182
"Fanteakwa North",1985,0.79207470147416
"Fanteakwa North",1986,0.760570086813414
"Fanteakwa North",1987,0.730534772268919
"Fanteakwa North",1988,0.701987698202423
"Fanteakwa North",1989,0.674995589678493
"Fanteakwa North",1990,0.887797469340293
"Fanteakwa North",1991,0.854416096506653
"Fanteakwa North",1992,0.822705695298226
"Fanteakwa North",1993,0.792667265364804
"Fanteakwa North",1994,0.764220251985159
"Fanteakwa North",1995,0.737469017055626
"Fanteakwa North",1996,0.712156945205599
"Fanteakwa North",1997,0.688279690245811
"Fanteakwa North",1998,0.665341403421339
"Fanteakwa North",1999,0.643229342370226
"Fanteakwa North",2000,0.655126193264455
"Fanteakwa North",2001,0.666747865528027
"Fanteakwa North",2002,0.677904618837419
"Fanteakwa North",2003,0.688582007124883
"Fanteakwa North",2004,0.698788393317069
"Fanteakwa North",2005,0.708531954265772
"Fanteakwa North",2006,0.718002496983037
"Fanteakwa North",2007,0.727036027830606
"Fanteakwa North",2008,0.735622766754783
"Fanteakwa North",2009,0.74384100424714
"Fanteakwa North",2010,0.751763166759327
"Fanteakwa North",2011,0.759468940156766
"Fanteakwa North",2012,0.766946716292736
"Fanteakwa North",2013,0.774164280727184
"Fanteakwa North",2014,0.780804842818193
"Fanteakwa North",2015,0.787407116363359
"Fanteakwa North",2016,0.793730293835547
"Fanteakwa North",2017,0.799688125725021
"Fanteakwa North",2018,0.805242702365531
"Fanteakwa North",2019,0.810548584987336
"Fanteakwa North",2020,0.945360309970289
"Fanteakwa North",2021,0.946801720681487
"Fanteakwa North",2022,0.94818614589628
"Fanteakwa North",2023,0.949513734431169
"Fanteakwa North",2024,0.950794417711143
"Fanteakwa North",2025,0.952024791992891
"Fanteakwa South",1970,0
"Fanteakwa South",1971,0
"Fanteakwa South",1972,0
"Fanteakwa South",1973,0
"Fanteakwa South",1974,0
"Fanteakwa South",1975,0
"Fanteakwa South",1976,0
"Fanteakwa South",1977,0
"Fanteakwa South",1978,0
"Fanteakwa South",1979,0
"Fanteakwa South",1980,0.971988664
"Fanteakwa South",1981,0.933644549319678
"Fanteakwa South",1982,0.896837655798749
"Fanteakwa South",1983,0.8603706117044
"Fanteakwa South",1984,0.825083049492182
"Fanteakwa South",1985,0.79207470147416
"Fanteakwa South",1986,0.760570086813414
"Fanteakwa South",1987,0.730534772268919
"Fanteakwa South",1988,0.701987698202423
"Fanteakwa South",1989,0.674995589678494
"Fanteakwa South",1990,0.887797469340293
"Fanteakwa South",1991,0.854416096506653
"Fanteakwa South",1992,0.822705695298226
"Fanteakwa South",1993,0.792667265364804
"Fanteakwa South",1994,0.764220251985159
"Fanteakwa South",1995,0.737469017055625
"Fanteakwa South",1996,0.712156945205599
"Fanteakwa South",1997,0.688279690245811
"Fanteakwa South",1998,0.665341403421339
"Fanteakwa South",1999,0.643229342370226
"Fanteakwa South",2000,0.655126193264455
"Fanteakwa South",2001,0.666747865528027
"Fanteakwa South",2002,0.677904618837419
"Fanteakwa South",2003,0.688582007124883
"Fanteakwa South",2004,0.698788393317069
"Fanteakwa South",2005,0.708531954265772
"Fanteakwa South",2006,0.718002496983037
"Fanteakwa South",2007,0.727036027830606
"Fanteakwa South",2008,0.735622766754783
"Fanteakwa South",2009,0.74384100424714
"Fanteakwa South",2010,0.751763166759327
"Fanteakwa South",2011,0.759468940156765
"Fanteakwa South",2012,0.766946716292735
"Fanteakwa South",2013,0.774164280727184
"Fanteakwa South",2014,0.780804842818193
"Fanteakwa South",2015,0.787407116363358
"Fanteakwa South",2016,0.793730293835547
"Fanteakwa South",2017,0.799688125725021
"Fanteakwa South",2018,0.805242702365531
"Fanteakwa South",2019,0.810548584987336
"Fanteakwa South",2020,0.945360309970289
"Fanteakwa South",2021,0.946801720681487
"Fanteakwa South",2022,0.94818614589628
"Fanteakwa South",2023,0.949513734431169
"Fanteakwa South",2024,0.950794417711142
"Fanteakwa South",2025,0.952024791992891
"Ga Central",1970,0
"Ga Central",1971,0
"Ga Central",1972,0
"Ga Central",1973,0
"Ga Central",1974,0
"Ga Central",1975,0
"Ga Central",1976,0
"Ga Central",1977,0
"Ga Central",1978,0
"Ga Central",1979,0
"Ga Central",1980,0.26191485
"Ga Central",1981,0.251582535008228
"Ga Central",1982,0.24166444403397
"Ga Central",1983,0.231837929859814
"Ga Central",1984,0.222329242252652
"Ga Central",1985,0.213434718231857
"Ga Central",1986,0.20494539450948
"Ga Central",1987,0.196851992605747
"Ga Central",1988,0.189159616244797
"Ga Central",1989,0.181886245353685
"Ga Central",1990,0.337015379398074
"Ga Central",1991,0.324343529771473
"Ga Central",1992,0.31230599501474
"Ga Central",1993,0.300903154603337
"Ga Central",1994,0.290104429288196
"Ga Central",1995,0.279949435722104
"Ga Central",1996,0.270340760554076
"Ga Central",1997,0.261276753934146
"Ga Central",1998,0.252569187508398
"Ga Central",1999,0.244175263328876
"Ga Central",2000,0.249218483541173
"Ga Central",2001,0.2568427790368
"Ga Central",2002,0.264907413411219
"Ga Central",2003,0.276576962738304
"Ga Central",2004,0.288106740310134
"Ga Central",2005,0.29757023526813
"Ga Central",2006,0.307150133350268
"Ga Central",2007,0.320895910333043
"Ga Central",2008,0.334886326272111
"Ga Central",2009,0.33655043098876
"Ga Central",2010,0.338483686706581
"Ga Central",2011,0.343491858298536
"Ga Central",2012,0.349321113824489
"Ga Central",2013,0.369472371564353
"Ga Central",2014,0.388843066141455
"Ga Central",2015,0.399633218798702
"Ga Central",2016,0.398810211981852
"Ga Central",2017,0.402319464448969
"Ga Central",2018,0.413254135083518
"Ga Central",2019,0.425030372102664
"Ga Central",2020,0.687009427489278
"Ga Central",2021,0.688864154289849
"Ga Central",2022,0.696961113731867
"Ga Central",2023,0.700611234582983
"Ga Central",2024,0.708205818610171
"Ga Central",2025,0.715502065085587
"Ga East",1970,0
"Ga East",1971,0
"Ga East",1972,0
"Ga East",1973,0
"Ga East",1974,0
"Ga East",1975,0
"Ga East",1976,0
"Ga East",1977,0
"Ga East",1978,0
"Ga East",1979,0
"Ga East",1980,0.26191485
"Ga East",1981,0.251582535008228
"Ga East",1982,0.24166444403397
"Ga East",1983,0.231837929859814
"Ga East",1984,0.222329242252652
"Ga East",1985,0.213434718231857
"Ga East",1986,0.20494539450948
"Ga East",1987,0.196851992605747
"Ga East",1988,0.189159616244797
"Ga East",1989,0.181886245353685
"Ga East",1990,0.337015379398074
"Ga East",1991,0.324343529771473
"Ga East",1992,0.31230599501474
"Ga East",1993,0.300903154603337
"Ga East",1994,0.290104429288196
"Ga East",1995,0.279949435722104
"Ga East",1996,0.270340760554076
"Ga East",1997,0.261276753934146
"Ga East",1998,0.252569187508398
"Ga East",1999,0.244175263328876
"Ga East",2000,0.249218483541173
"Ga East",2001,0.2568427790368
"Ga East",2002,0.264907413411219
"Ga East",2003,0.276576962738304
"Ga East",2004,0.288106740310134
"Ga East",2005,0.308513068335442
"Ga East",2006,0.327401502411087
"Ga East",2007,0.34894757714932
"Ga East",2008,0.369427998563697
"Ga East",2009,0.389029499041719
"Ga East",2010,0.407924824519234
"Ga East",2011,0.426304035520852
"Ga East",2012,0.444139445198423
"Ga East",2013,0.46135421817664
"Ga East",2014,0.477902173340526
"Ga East",2015,0.48676709711739
"Ga East",2016,0.491310263070913
"Ga East",2017,0.498402410109419
"Ga East",2018,0.721088656922248
"Ga East",2019,0.728687195545628
"Ga East",2020,0.733265600001276
"Ga East",2021,0.73930468902807
"Ga East",2022,0.746088990447426
"Ga East",2023,0.752594766769129
"Ga East",2024,0.755941982672628
"Ga East",2025,0.761603953767765
"Ga North",1970,0
"Ga North",1971,0
"Ga North",1972,0
"Ga North",1973,0
"Ga North",1974,0
"Ga North",1975,0
"Ga North",1976,0
"Ga North",1977,0
"Ga North",1978,0
"Ga North",1979,0
"Ga North",1980,0.26191485
"Ga North",1981,0.251582535008228
"Ga North",1982,0.24166444403397
"Ga North",1983,0.231837929859814
"Ga North",1984,0.222329242252652
"Ga North",1985,0.213434718231857
"Ga North",1986,0.20494539450948
"Ga North",1987,0.196851992605747
"Ga North",1988,0.189159616244797
"Ga North",1989,0.181886245353685
"Ga North",1990,0.337015379398074
"Ga North",1991,0.324343529771473
"Ga North",1992,0.31230599501474
"Ga North",1993,0.300903154603337
"Ga North",1994,0.290104429288196
"Ga North",1995,0.279949435722104
"Ga North",1996,0.270340760554076
"Ga North",1997,0.261276753934146
"Ga North",1998,0.252569187508398
"Ga North",1999,0.244175263328876
"Ga North",2000,0.249218483541173
"Ga North",2001,0.2568427790368
"Ga North",2002,0.264907413411219
"Ga North",2003,0.276576962738304
"Ga North",2004,0.288106740310134
"Ga North",2005,0.29757023526813
"Ga North",2006,0.307150133350268
"Ga North",2007,0.320895910333043
"Ga North",2008,0.334886326272111
"Ga North",2009,0.33655043098876
"Ga North",2010,0.338483686706581
"Ga North",2011,0.343491858298536
"Ga North",2012,0.349321113824489
"Ga North",2013,0.360516313999762
"Ga North",2014,0.371980445863458
"Ga North",2015,0.377766100336814
"Ga North",2016,0.384370460692093
"Ga North",2017,0.394071159838498
"Ga North",2018,0.402767192251694
"Ga North",2019,0.413603306693149
"Ga North",2020,0.421217614693777
"Ga North",2021,0.431156848448207
"Ga North",2022,0.44118906701623
"Ga North",2023,0.447438786199231
"Ga North",2024,0.452804587559895
"Ga North",2025,0.466487083147586
"Ga South",1970,0
"Ga South",1971,0
"Ga South",1972,0
"Ga South",1973,0
"Ga South",1974,0
"Ga South",1975,0
"Ga South",1976,0
"Ga South",1977,0
"Ga South",1978,0
"Ga South",1979,0
"Ga South",1980,0.26191485
"Ga South",1981,0.251582535008228
"Ga South",1982,0.24166444403397
"Ga South",1983,0.231837929859814
"Ga South",1984,0.222329242252652
"Ga South",1985,0.213434718231857
"Ga South",1986,0.20494539450948
"Ga South",1987,0.196851992605747
"Ga South",1988,0.189159616244797
"Ga South",1989,0.181886245353684
"Ga South",1990,0.337015379398074
"Ga South",1991,0.324343529771473
"Ga South",1992,0.31230599501474
"Ga South",1993,0.300903154603337
"Ga South",1994,0.290104429288196
"Ga South",1995,0.279949435722103
"Ga South",1996,0.270340760554076
"Ga South",1997,0.261276753934146
"Ga South",1998,0.252569187508398
"Ga South",1999,0.244175263328876
"Ga South",2000,0.249218483541173
"Ga South",2001,0.256842779036799
"Ga South",2002,0.264907413411218
"Ga South",2003,0.276576962738303
"Ga South",2004,0.288106740310134
"Ga South",2005,0.297570235268129
"Ga South",2006,0.307150133350268
"Ga South",2007,0.320895910333043
"Ga South",2008,0.334886326272111
"Ga South",2009,0.355561563935407
"Ga South",2010,0.37549194352094
"Ga South",2011,0.394877936748773
"Ga South",2012,0.413690340131846
"Ga South",2013,0.431848109382389
"Ga South",2014,0.449302533661722
"Ga South",2015,0.465889831301601
"Ga South",2016,0.480407685238909
"Ga South",2017,0.495415432716578
"Ga South",2018,0.509407382323853
"Ga South",2019,0.522772872994191
"Ga South",2020,0.535559746407801
"Ga South",2021,0.547811813648215
"Ga South",2022,0.615997191330873
"Ga South",2023,0.625836214792318
"Ga South",2024,0.635327614052849
"Ga South",2025,0.644446163291821
"Ga West",1970,0
"Ga West",1971,0
"Ga West",1972,0
"Ga West",1973,0
"Ga West",1974,0
"Ga West",1975,0
"Ga West",1976,0
"Ga West",1977,0
"Ga West",1978,0
"Ga West",1979,0
"Ga West",1980,0.26191485
"Ga West",1981,0.251582535008228
"Ga West",1982,0.24166444403397
"Ga West",1983,0.231837929859814
"Ga West",1984,0.222329242252652
"Ga West",1985,0.213434718231857
"Ga West",1986,0.20494539450948
"Ga West",1987,0.196851992605747
"Ga West",1988,0.189159616244797
"Ga West",1989,0.181886245353684
"Ga West",1990,0.337015379398074
"Ga West",1991,0.324343529771473
"Ga West",1992,0.31230599501474
"Ga West",1993,0.300903154603337
"Ga West",1994,0.290104429288196
"Ga West",1995,0.279949435722104
"Ga West",1996,0.270340760554076
"Ga West",1997,0.261276753934146
"Ga West",1998,0.252569187508398
"Ga West",1999,0.244175263328876
"Ga West",2000,0.249218483541173
"Ga West",2001,0.2568427790368
"Ga West",2002,0.264907413411218
"Ga West",2003,0.276576962738303
"Ga West",2004,0.288106740310134
"Ga West",2005,0.297570235268129
"Ga West",2006,0.307150133350268
"Ga West",2007,0.320895910333043
"Ga West",2008,0.334886326272111
"Ga West",2009,0.33655043098876
"Ga West",2010,0.338483686706581
"Ga West",2011,0.343491858298536
"Ga West",2012,0.349321113824489
"Ga West",2013,0.360516313999761
"Ga West",2014,0.371980445863458
"Ga West",2015,0.377766100336814
"Ga West",2016,0.387521564594107
"Ga West",2017,0.403566071776538
"Ga West",2018,0.790722231099254
"Ga West",2019,0.796423703088379
"Ga West",2020,0.80187834761991
"Ga West",2021,0.807104853694627
"Ga West",2022,0.812124732303059
"Ga West",2023,0.816938523048762
"Ga West",2024,0.821582236939999
"Ga West",2025,0.826043532119628
"Garu",1970,0
"Garu",1971,0
"Garu",1972,0
"Garu",1973,0
"Garu",1974,0
"Garu",1975,0
"Garu",1976,0
"Garu",1977,0
"Garu",1978,0
"Garu",1979,0
"Garu",1980,0
"Garu",1981,0
"Garu",1982,0
"Garu",1983,0
"Garu",1984,0
"Garu",1985,0
"Garu",1986,0
"Garu",1987,0
"Garu",1988,0
"Garu",1989,0
"Garu",1990,0
"Garu",1991,0
"Garu",1992,0
"Garu",1993,0
"Garu",1994,0
"Garu",1995,0
"Garu",1996,0
"Garu",1997,0
"Garu",1998,0
"Garu",1999,0
"Garu",2000,0.0333459342572246
"Garu",2001,0.0402833550640793
"Garu",2002,0.0724131473351252
"Garu",2003,0.0992665112613516
"Garu",2004,0.128787072220036
"Garu",2005,0.156968975150683
"Garu",2006,0.184361210593517
"Garu",2007,0.210489449623118
"Garu",2008,0.235325404786323
"Garu",2009,0.259095520505814
"Garu",2010,0.280893503704639
"Garu",2011,0.301652044543062
"Garu",2012,0.321274883581579
"Garu",2013,0.337481513548156
"Garu",2014,0.353733714411478
"Garu",2015,0.370861221593611
"Garu",2016,0.389573777171432
"Garu",2017,0.407205143813509
"Garu",2018,0.423643133187358
"Garu",2019,0.439345147544319
"Garu",2020,0.767082773872002
"Garu",2021,0.773227197172737
"Garu",2022,0.779128703580184
"Garu",2023,0.784787927467025
"Garu",2024,0.790247204358195
"Garu",2025,0.795492024829326
"Gomoa Central",1970,0
"Gomoa Central",1971,0
"Gomoa Central",1972,0
"Gomoa Central",1973,0
"Gomoa Central",1974,0
"Gomoa Central",1975,0
"Gomoa Central",1976,0
"Gomoa Central",1977,0
"Gomoa Central",1978,0
"Gomoa Central",1979,0
"Gomoa Central",1980,0
"Gomoa Central",1981,0
"Gomoa Central",1982,0
"Gomoa Central",1983,0
"Gomoa Central",1984,0
"Gomoa Central",1985,0
"Gomoa Central",1986,0
"Gomoa Central",1987,0
"Gomoa Central",1988,0
"Gomoa Central",1989,0
"Gomoa Central",1990,0
"Gomoa Central",1991,0
"Gomoa Central",1992,0
"Gomoa Central",1993,0
"Gomoa Central",1994,0
"Gomoa Central",1995,0
"Gomoa Central",1996,0
"Gomoa Central",1997,0
"Gomoa Central",1998,0
"Gomoa Central",1999,0
"Gomoa Central",2000,0.0146519183715407
"Gomoa Central",2001,0.034549603069963
"Gomoa Central",2002,0.0582574998408873
"Gomoa Central",2003,0.0784700531317825
"Gomoa Central",2004,0.10097278419225
"Gomoa Central",2005,0.123331683536256
"Gomoa Central",2006,0.142139127204805
"Gomoa Central",2007,0.16557631271369
"Gomoa Central",2008,0.186206874528477
"Gomoa Central",2009,0.201715129942452
"Gomoa Central",2010,0.216749524934707
"Gomoa Central",2011,0.229561739826871
"Gomoa Central",2012,0.241055017991153
"Gomoa Central",2013,0.255180035933038
"Gomoa Central",2014,0.270804641492288
"Gomoa Central",2015,0.281560661648676
"Gomoa Central",2016,0.300603068342299
"Gomoa Central",2017,0.32080423806476
"Gomoa Central",2018,0.339638093657364
"Gomoa Central",2019,0.357628704563979
"Gomoa Central",2020,0.686640983921443
"Gomoa Central",2021,0.694907484737618
"Gomoa Central",2022,0.702847173321247
"Gomoa Central",2023,0.710460903136036
"Gomoa Central",2024,0.717805630975862
"Gomoa Central",2025,0.72486183634832
"Gomoa East",1970,0
"Gomoa East",1971,0
"Gomoa East",1972,0
"Gomoa East",1973,0
"Gomoa East",1974,0
"Gomoa East",1975,0
"Gomoa East",1976,0
"Gomoa East",1977,0
"Gomoa East",1978,0
"Gomoa East",1979,0
"Gomoa East",1980,0.26191485
"Gomoa East",1981,0.251582535008228
"Gomoa East",1982,0.24166444403397
"Gomoa East",1983,0.231837929859814
"Gomoa East",1984,0.222329242252652
"Gomoa East",1985,0.213434718231857
"Gomoa East",1986,0.20494539450948
"Gomoa East",1987,0.196851992605747
"Gomoa East",1988,0.189159616244797
"Gomoa East",1989,0.181886245353685
"Gomoa East",1990,0.337015379398074
"Gomoa East",1991,0.324343529771473
"Gomoa East",1992,0.31230599501474
"Gomoa East",1993,0.300903154603337
"Gomoa East",1994,0.290104429288196
"Gomoa East",1995,0.279949435722104
"Gomoa East",1996,0.270340760554076
"Gomoa East",1997,0.261276753934146
"Gomoa East",1998,0.252569187508398
"Gomoa East",1999,0.244175263328876
"Gomoa East",2000,0.250684929422211
"Gomoa East",2001,0.262628695196549
"Gomoa East",2002,0.278700865432914
"Gomoa East",2003,0.29160577152525
"Gomoa East",2004,0.307123211102753
"Gomoa East",2005,0.322813578409352
"Gomoa East",2006,0.33513934480876
"Gomoa East",2007,0.352393945717922
"Gomoa East",2008,0.367147709110226
"Gomoa East",2009,0.377031369953764
"Gomoa East",2010,0.386643805274788
"Gomoa East",2011,0.394182158070296
"Gomoa East",2012,0.400557616374489
"Gomoa East",2013,0.409742904384313
"Gomoa East",2014,0.42061912147856
"Gomoa East",2015,0.426862650617294
"Gomoa East",2016,0.42777816339977
"Gomoa East",2017,0.427234711007822
"Gomoa East",2018,0.427295525829142
"Gomoa East",2019,0.431912340143538
"Gomoa East",2020,0.717132710096501
"Gomoa East",2021,0.718209770207443
"Gomoa East",2022,0.725543043095302
"Gomoa East",2023,0.732575253217673
"Gomoa East",2024,0.734050123478766
"Gomoa East",2025,0.739370305198918
"Gomoa West",1970,0
"Gomoa West",1971,0
"Gomoa West",1972,0
"Gomoa West",1973,0
"Gomoa West",1974,0
"Gomoa West",1975,0
"Gomoa West",1976,0
"Gomoa West",1977,0
"Gomoa West",1978,0
"Gomoa West",1979,0
"Gomoa West",1980,0.26191485
"Gomoa West",1981,0.251582535008228
"Gomoa West",1982,0.24166444403397
"Gomoa West",1983,0.231837929859814
"Gomoa West",1984,0.222329242252652
"Gomoa West",1985,0.213434718231857
"Gomoa West",1986,0.20494539450948
"Gomoa West",1987,0.196851992605747
"Gomoa West",1988,0.189159616244797
"Gomoa West",1989,0.181886245353685
"Gomoa West",1990,0.337015379398074
"Gomoa West",1991,0.324343529771473
"Gomoa West",1992,0.31230599501474
"Gomoa West",1993,0.300903154603337
"Gomoa West",1994,0.290104429288196
"Gomoa West",1995,0.279949435722104
"Gomoa West",1996,0.270340760554076
"Gomoa West",1997,0.261276753934146
"Gomoa West",1998,0.252569187508398
"Gomoa West",1999,0.244175263328876
"Gomoa West",2000,0.250684929422211
"Gomoa West",2001,0.262628695196549
"Gomoa West",2002,0.278700865432914
"Gomoa West",2003,0.29160577152525
"Gomoa West",2004,0.307123211102753
"Gomoa West",2005,0.322813578409352
"Gomoa West",2006,0.33513934480876
"Gomoa West",2007,0.352393945717922
"Gomoa West",2008,0.367147709110225
"Gomoa West",2009,0.386820092999991
"Gomoa West",2010,0.405783748202436
"Gomoa West",2011,0.424229422543553
"Gomoa West",2012,0.442129329053355
"Gomoa West",2013,0.459406354502624
"Gomoa West",2014,0.47601415077514
"Gomoa West",2015,0.491796880443337
"Gomoa West",2016,0.506912431170657
"Gomoa West",2017,0.521154623572542
"Gomoa West",2018,0.534432834621922
"Gomoa West",2019,0.547116542817026
"Gomoa West",2020,0.779076189192444
"Gomoa West",2021,0.784904222753462
"Gomoa West",2022,0.790501847741156
"Gomoa West",2023,0.795869665862976
"Gomoa West",2024,0.801047832695463
"Gomoa West",2025,0.806022585936114
"Guan District",1970,0
"Guan District",1971,0
"Guan District",1972,0
"Guan District",1973,0
"Guan District",1974,0
"Guan District",1975,0
"Guan District",1976,0
"Guan District",1977,0
"Guan District",1978,0
"Guan District",1979,0
"Guan District",1980,0
"Guan District",1981,0
"Guan District",1982,0
"Guan District",1983,0
"Guan District",1984,0
"Guan District",1985,0
"Guan District",1986,0
"Guan District",1987,0
"Guan District",1988,0
"Guan District",1989,0
"Guan District",1990,0
"Guan District",1991,0
"Guan District",1992,0
"Guan District",1993,0
"Guan District",1994,0
"Guan District",1995,0
"Guan District",1996,0
"Guan District",1997,0
"Guan District",1998,0
"Guan District",1999,0
"Guan District",2000,0.0302797656985301
"Guan District",2001,0.0596960693297326
"Guan District",2002,0.0834212394141734
"Guan District",2003,0.103689292729659
"Guan District",2004,0.122965856298075
"Guan District",2005,0.140641072708773
"Guan District",2006,0.157383360015752
"Guan District",2007,0.17344464328662
"Guan District",2008,0.18938727740901
"Guan District",2009,0.201598525308799
"Guan District",2010,0.216714777740307
"Guan District",2011,0.231453195185267
"Guan District",2012,0.246155126866595
"Guan District",2013,0.269501392831476
"Guan District",2014,0.291943336325003
"Guan District",2015,0.313270375841583
"Guan District",2016,0.333695863349364
"Guan District",2017,0.352941190776458
"Guan District",2018,0.370883900162799
"Guan District",2019,0.388023263985196
"Guan District",2020,0.404420632476363
"Guan District",2021,0.420132187195111
"Guan District",2022,0.435222592967215
"Guan District",2023,0.449693471910909
"Guan District",2024,0.463653077784768
"Guan District",2025,0.477064309366474
"Gushiegu",1970,0
"Gushiegu",1971,0
"Gushiegu",1972,0
"Gushiegu",1973,0
"Gushiegu",1974,0
"Gushiegu",1975,0
"Gushiegu",1976,0
"Gushiegu",1977,0
"Gushiegu",1978,0
"Gushiegu",1979,0
"Gushiegu",1980,0
"Gushiegu",1981,0
"Gushiegu",1982,0
"Gushiegu",1983,0
"Gushiegu",1984,0
"Gushiegu",1985,0
"Gushiegu",1986,0
"Gushiegu",1987,0
"Gushiegu",1988,0
"Gushiegu",1989,0
"Gushiegu",1990,0
"Gushiegu",1991,0
"Gushiegu",1992,0
"Gushiegu",1993,0
"Gushiegu",1994,0
"Gushiegu",1995,0
"Gushiegu",1996,0
"Gushiegu",1997,0
"Gushiegu",1998,0
"Gushiegu",1999,0
"Gushiegu",2000,0.0279109818376256
"Gushiegu",2001,0.0491438703824993
"Gushiegu",2002,0.0733415619475843
"Gushiegu",2003,0.104060077429639
"Gushiegu",2004,0.133423534467963
"Gushiegu",2005,0.161455457611986
"Gushiegu",2006,0.188701915758056
"Gushiegu",2007,0.21469110428691
"Gushiegu",2008,0.239394886286892
"Gushiegu",2009,0.263038501078024
"Gushiegu",2010,0.28583031731905
"Gushiegu",2011,0.307999588777346
"Gushiegu",2012,0.329512919174238
"Gushiegu",2013,0.350277628563201
"Gushiegu",2014,0.370238012612094
"Gushiegu",2015,0.389206775255117
"Gushiegu",2016,0.404293223615679
"Gushiegu",2017,0.419036628547507
"Gushiegu",2018,0.808344577679351
"Gushiegu",2019,0.813565954166996
"Gushiegu",2020,0.818561287435267
"Gushiegu",2021,0.823347692767629
"Gushiegu",2022,0.827944869810135
"Gushiegu",2023,0.832353312728735
"Gushiegu",2024,0.836606000205461
"Gushiegu",2025,0.840691629635859
"Ho",1970,0
"Ho",1971,0
"Ho",1972,0
"Ho",1973,0
"Ho",1974,0
"Ho",1975,0
"Ho",1976,0
"Ho",1977,0
"Ho",1978,0
"Ho",1979,0
"Ho",1980,0.971988664
"Ho",1981,0.933644549319678
"Ho",1982,0.896837655798749
"Ho",1983,0.8603706117044
"Ho",1984,0.825083049492182
"Ho",1985,0.79207470147416
"Ho",1986,0.760570086813414
"Ho",1987,0.730534772268919
"Ho",1988,0.701987698202423
"Ho",1989,0.674995589678493
"Ho",1990,0.887797469340292
"Ho",1991,0.854416096506653
"Ho",1992,0.822705695298226
"Ho",1993,0.792667265364804
"Ho",1994,0.764220251985159
"Ho",1995,0.737469017055625
"Ho",1996,0.712156945205599
"Ho",1997,0.688279690245811
"Ho",1998,0.665341403421339
"Ho",1999,0.643229342370226
"Ho",2000,0.650413641795909
"Ho",2001,0.650071014275098
"Ho",2002,0.652722401867054
"Ho",2003,0.655635522507837
"Ho",2004,0.660435799962192
"Ho",2005,0.660040983217118
"Ho",2006,0.658803742395145
"Ho",2007,0.655360116669646
"Ho",2008,0.654746797833233
"Ho",2009,0.652313722724995
"Ho",2010,0.650639163964671
"Ho",2011,0.64930419054494
"Ho",2012,0.646945007879718
"Ho",2013,0.644249305123064
"Ho",2014,0.640328889466793
"Ho",2015,0.642880671694487
"Ho",2016,0.644838999620651
"Ho",2017,0.649576206209817
"Ho",2018,0.917516271935367
"Ho",2019,0.919763422540944
"Ho",2020,0.91897431833687
"Ho",2021,0.918508948220287
"Ho",2022,0.920629660925831
"Ho",2023,0.922663309145749
"Ho",2024,0.922688172774729
"Ho",2025,0.924494128786433
"Ho West",1970,0
"Ho West",1971,0
"Ho West",1972,0
"Ho West",1973,0
"Ho West",1974,0
"Ho West",1975,0
"Ho West",1976,0
"Ho West",1977,0
"Ho West",1978,0
"Ho West",1979,0
"Ho West",1980,0.971988664
"Ho West",1981,0.933644549319678
"Ho West",1982,0.896837655798749
"Ho West",1983,0.8603706117044
"Ho West",1984,0.825083049492182
"Ho West",1985,0.79207470147416
"Ho West",1986,0.760570086813414
"Ho West",1987,0.730534772268919
"Ho West",1988,0.701987698202423
"Ho West",1989,0.674995589678494
"Ho West",1990,0.887797469340292
"Ho West",1991,0.854416096506653
"Ho West",1992,0.822705695298226
"Ho West",1993,0.792667265364804
"Ho West",1994,0.764220251985159
"Ho West",1995,0.737469017055625
"Ho West",1996,0.712156945205599
"Ho West",1997,0.688279690245811
"Ho West",1998,0.665341403421339
"Ho West",1999,0.643229342370226
"Ho West",2000,0.650413641795909
"Ho West",2001,0.650071014275098
"Ho West",2002,0.652722401867054
"Ho West",2003,0.655635522507837
"Ho West",2004,0.660435799962192
"Ho West",2005,0.660040983217118
"Ho West",2006,0.658803742395145
"Ho West",2007,0.655360116669646
"Ho West",2008,0.654746797833233
"Ho West",2009,0.652313722724995
"Ho West",2010,0.650639163964671
"Ho West",2011,0.649304190544939
"Ho West",2012,0.646945007879718
"Ho West",2013,0.644131191136289
"Ho West",2014,0.65148925903015
"Ho West",2015,0.661986586046379
"Ho West",2016,0.672040162477763
"Ho West",2017,0.681512855365097
"Ho West",2018,0.989483145770381
"Ho West",2019,0.989769662346503
"Ho West",2020,0.990043775080569
"Ho West",2021,0.990306423152587
"Ho West",2022,0.990558687556267
"Ho West",2023,0.990800595408354
"Ho West",2024,0.991033956373233
"Ho West",2025,0.991258150234463
"Hohoe",1970,0
"Hohoe",1971,0
"Hohoe",1972,0
"Hohoe",1973,0
"Hohoe",1974,0
"Hohoe",1975,0
"Hohoe",1976,0
"Hohoe",1977,0
"Hohoe",1978,0
"Hohoe",1979,0
"Hohoe",1980,0.971988664
"Hohoe",1981,0.933644549319678
"Hohoe",1982,0.896837655798749
"Hohoe",1983,0.8603706117044
"Hohoe",1984,0.825083049492182
"Hohoe",1985,0.79207470147416
"Hohoe",1986,0.760570086813414
"Hohoe",1987,0.730534772268919
"Hohoe",1988,0.701987698202423
"Hohoe",1989,0.674995589678494
"Hohoe",1990,0.887797469340292
"Hohoe",1991,0.854416096506653
"Hohoe",1992,0.822705695298227
"Hohoe",1993,0.792667265364804
"Hohoe",1994,0.764220251985159
"Hohoe",1995,0.737469017055625
"Hohoe",1996,0.712156945205599
"Hohoe",1997,0.68827969024581
"Hohoe",1998,0.665341403421339
"Hohoe",1999,0.643229342370226
"Hohoe",2000,0.652060024705761
"Hohoe",2001,0.660523370330262
"Hohoe",2002,0.6641337945949
"Hohoe",2003,0.665151359397666
"Hohoe",2004,0.666026614063632
"Hohoe",2005,0.666134958963605
"Hohoe",2006,0.665802605086846
"Hohoe",2007,0.665577145089736
"Hohoe",2008,0.66603856652497
"Hohoe",2009,0.663432980740146
"Hohoe",2010,0.66426619931254
"Hohoe",2011,0.665111715396671
"Hohoe",2012,0.666331806787974
"Hohoe",2013,0.676665373626957
"Hohoe",2014,0.686598667603643
"Hohoe",2015,0.696038480747798
"Hohoe",2016,0.705079247296847
"Hohoe",2017,0.713597649237661
"Hohoe",2018,1
"Hohoe",2019,0.995403849333102
"Hohoe",2020,0.988984969887201
"Hohoe",2021,0.985018309861943
"Hohoe",2022,0.982352714655962
"Hohoe",2023,0.981303236958987
"Hohoe",2024,0.979301915714928
"Hohoe",2025,0.979819466557763
"Jaman North",1970,0.954342586644847
"Jaman North",1971,0.912306798984791
"Jaman North",1972,0.874184821894739
"Jaman North",1973,0.837299966998717
"Jaman North",1974,0.802007767884594
"Jaman North",1975,0.768554067783098
"Jaman North",1976,0.736790133389933
"Jaman North",1977,0.706813380597594
"Jaman North",1978,0.677157077250602
"Jaman North",1979,0.648731947954737
"Jaman North",1980,0.937843214544403
"Jaman North",1981,0.900846108402585
"Jaman North",1982,0.86533222165106
"Jaman North",1983,0.830146245594886
"Jaman North",1984,0.796098316843998
"Jaman North",1985,0.764249534693982
"Jaman North",1986,0.733851660540979
"Jaman North",1987,0.704871470765575
"Jaman North",1988,0.677327240364592
"Jaman North",1989,0.651283350386248
"Jaman North",1990,0.844004927670153
"Jaman North",1991,0.812270163676151
"Jaman North",1992,0.782123946996577
"Jaman North",1993,0.753567227971322
"Jaman North",1994,0.726523425416038
"Jaman North",1995,0.701091753349474
"Jaman North",1996,0.677028254512472
"Jaman North",1997,0.654328797101006
"Jaman North",1998,0.632521991178759
"Jaman North",1999,0.611500655646061
"Jaman North",2000,0.624455529241862
"Jaman North",2001,0.637110751744435
"Jaman North",2002,0.649259708653092
"Jaman North",2003,0.660886669167869
"Jaman North",2004,0.672000739955612
"Jaman North",2005,0.682610825060122
"Jaman North",2006,0.692923611601417
"Jaman North",2007,0.702760521494169
"Jaman North",2008,0.712110904915114
"Jaman North",2009,0.721060014964514
"Jaman North",2010,0.729686719196014
"Jaman North",2011,0.738077790178515
"Jaman North",2012,0.746220587417924
"Jaman North",2013,0.754080031547226
"Jaman North",2014,0.761635038472344
"Jaman North",2015,0.763648292613427
"Jaman North",2016,0.768354179847658
"Jaman North",2017,0.775044967748749
"Jaman North",2018,0.78128289034735
"Jaman North",2019,0.78724152360676
"Jaman North",2020,0.79294219641298
"Jaman North",2021,0.798404440722295
"Jaman North",2022,0.803650737764787
"Jaman North",2023,0.808681651482489
"Jaman North",2024,0.813534817137303
"Jaman North",2025,0.818197336200465
"Jaman South",1970,0.954342586644847
"Jaman South",1971,0.912306798984791
"Jaman South",1972,0.874184821894739
"Jaman South",1973,0.837299966998717
"Jaman South",1974,0.802007767884594
"Jaman South",1975,0.768554067783098
"Jaman South",1976,0.736790133389933
"Jaman South",1977,0.706813380597594
"Jaman South",1978,0.677157077250602
"Jaman South",1979,0.648731947954737
"Jaman South",1980,0.937843214544404
"Jaman South",1981,0.900846108402585
"Jaman South",1982,0.86533222165106
"Jaman South",1983,0.830146245594886
"Jaman South",1984,0.796098316843998
"Jaman South",1985,0.764249534693982
"Jaman South",1986,0.733851660540979
"Jaman South",1987,0.704871470765575
"Jaman South",1988,0.677327240364592
"Jaman South",1989,0.651283350386248
"Jaman South",1990,0.844004927670153
"Jaman South",1991,0.812270163676151
"Jaman South",1992,0.782123946996577
"Jaman South",1993,0.753567227971322
"Jaman South",1994,0.726523425416038
"Jaman South",1995,0.701091753349474
"Jaman South",1996,0.677028254512472
"Jaman South",1997,0.654328797101005
"Jaman South",1998,0.632521991178759
"Jaman South",1999,0.61150065564606
"Jaman South",2000,0.624455529241862
"Jaman South",2001,0.637110751744435
"Jaman South",2002,0.649259708653092
"Jaman South",2003,0.660886669167869
"Jaman South",2004,0.672000739955612
"Jaman South",2005,0.682610825060122
"Jaman South",2006,0.692923611601417
"Jaman South",2007,0.702760521494169
"Jaman South",2008,0.712110904915114
"Jaman South",2009,0.721060014964513
"Jaman South",2010,0.729686719196014
"Jaman South",2011,0.738077790178515
"Jaman South",2012,0.746220587417924
"Jaman South",2013,0.754080031547226
"Jaman South",2014,0.761635038472344
"Jaman South",2015,0.76881471661771
"Jaman South",2016,0.775690890226056
"Jaman South",2017,0.782169766800618
"Jaman South",2018,0.788210121269396
"Jaman South",2019,0.793980032079824
"Jaman South",2020,0.799500152587222
"Jaman South",2021,0.804789396129732
"Jaman South",2022,0.809869531909593
"Jaman South",2023,0.814741106007606
"Jaman South",2024,0.819440561697767
"Jaman South",2025,0.823955408974848
"Jasikan",1970,0
"Jasikan",1971,0
"Jasikan",1972,0
"Jasikan",1973,0
"Jasikan",1974,0
"Jasikan",1975,0
"Jasikan",1976,0
"Jasikan",1977,0
"Jasikan",1978,0
"Jasikan",1979,0
"Jasikan",1980,0.971988664
"Jasikan",1981,0.933644549319678
"Jasikan",1982,0.896837655798749
"Jasikan",1983,0.8603706117044
"Jasikan",1984,0.825083049492181
"Jasikan",1985,0.79207470147416
"Jasikan",1986,0.760570086813414
"Jasikan",1987,0.730534772268918
"Jasikan",1988,0.701987698202422
"Jasikan",1989,0.674995589678493
"Jasikan",1990,0.887797469340292
"Jasikan",1991,0.854416096506653
"Jasikan",1992,0.822705695298226
"Jasikan",1993,0.792667265364803
"Jasikan",1994,0.764220251985158
"Jasikan",1995,0.737469017055625
"Jasikan",1996,0.712156945205598
"Jasikan",1997,0.68827969024581
"Jasikan",1998,0.665341403421338
"Jasikan",1999,0.643229342370225
"Jasikan",2000,0.651996637719444
"Jasikan",2001,0.663723770786836
"Jasikan",2002,0.670073351860101
"Jasikan",2003,0.676545425372791
"Jasikan",2004,0.684715606690221
"Jasikan",2005,0.694914392640798
"Jasikan",2006,0.703905691673428
"Jasikan",2007,0.710207352805502
"Jasikan",2008,0.719323478218789
"Jasikan",2009,0.728048383484694
"Jasikan",2010,0.736458960263987
"Jasikan",2011,0.744639807185936
"Jasikan",2012,0.7525786004426
"Jasikan",2013,0.760241139521045
"Jasikan",2014,0.767606868553434
"Jasikan",2015,0.774606672032464
"Jasikan",2016,0.781310574766207
"Jasikan",2017,0.787627134069927
"Jasikan",2018,0.96993840703396
"Jasikan",2019,0.970757391922535
"Jasikan",2020,0.971540921413233
"Jasikan",2021,0.972291680077558
"Jasikan",2022,0.973012757850215
"Jasikan",2023,0.973704232242269
"Jasikan",2024,0.974371276035703
"Jasikan",2025,0.975012116391064
"Jirapa",1970,0.915461313544121
"Jirapa",1971,0.87513812360619
"Jirapa",1972,0.838569290034116
"Jirapa",1973,0.803187176539937
"Jirapa",1974,0.769332831767938
"Jirapa",1975,0.737242082946284
"Jirapa",1976,0.706772256376848
"Jirapa",1977,0.678016799090234
"Jirapa",1978,0.649568735683206
"Jirapa",1979,0.622301686546963
"Jirapa",1980,0.928503899425421
"Jirapa",1981,0.891875221212056
"Jirapa",1982,0.856714992059508
"Jirapa",1983,0.821879408172367
"Jirapa",1984,0.788170538584911
"Jirapa",1985,0.756638915857751
"Jirapa",1986,0.726543752564367
"Jirapa",1987,0.697852155935795
"Jirapa",1988,0.670582218981131
"Jirapa",1989,0.644797681623417
"Jirapa",1990,0.837860166451137
"Jirapa",1991,0.806356446780091
"Jirapa",1992,0.776429709036101
"Jirapa",1993,0.748080896640128
"Jirapa",1994,0.721233985955624
"Jirapa",1995,0.695987468675632
"Jirapa",1996,0.672099163667008
"Jirapa",1997,0.649564969207239
"Jirapa",1998,0.627916927305141
"Jirapa",1999,0.607048637190921
"Jirapa",2000,0.620151967501439
"Jirapa",2001,0.632408371441426
"Jirapa",2002,0.644714756590087
"Jirapa",2003,0.656492381227242
"Jirapa",2004,0.667750470025466
"Jirapa",2005,0.821887915494401
"Jirapa",2006,0.825908944926303
"Jirapa",2007,0.829880298810192
"Jirapa",2008,0.831777069133349
"Jirapa",2009,0.83290892463048
"Jirapa",2010,0.833313749475591
"Jirapa",2011,0.834143818640648
"Jirapa",2012,0.833811471004075
"Jirapa",2013,0.832413705549889
"Jirapa",2014,0.829095004631783
"Jirapa",2015,0.834242753077339
"Jirapa",2016,0.834573874729703
"Jirapa",2017,0.832684284529747
"Jirapa",2018,0.837323889486293
"Jirapa",2019,0.84127762396688
"Jirapa",2020,0.845008615052659
"Jirapa",2021,0.849097332288885
"Jirapa",2022,0.853024404006901
"Jirapa",2023,0.856790252340791
"Jirapa",2024,0.860423048850691
"Jirapa",2025,0.863291166719315
"Jomoro",1970,0
"Jomoro",1971,0
"Jomoro",1972,0
"Jomoro",1973,0
"Jomoro",1974,0
"Jomoro",1975,0
"Jomoro",1976,0
"Jomoro",1977,0
"Jomoro",1978,0
"Jomoro",1979,0
"Jomoro",1980,0.26191485
"Jomoro",1981,0.251582535008228
"Jomoro",1982,0.24166444403397
"Jomoro",1983,0.231837929859814
"Jomoro",1984,0.222329242252652
"Jomoro",1985,0.213434718231857
"Jomoro",1986,0.20494539450948
"Jomoro",1987,0.196851992605747
"Jomoro",1988,0.189159616244797
"Jomoro",1989,0.181886245353685
"Jomoro",1990,0.337015379398075
"Jomoro",1991,0.324343529771473
"Jomoro",1992,0.31230599501474
"Jomoro",1993,0.300903154603337
"Jomoro",1994,0.290104429288196
"Jomoro",1995,0.279949435722104
"Jomoro",1996,0.270340760554076
"Jomoro",1997,0.261276753934146
"Jomoro",1998,0.252569187508399
"Jomoro",1999,0.244175263328876
"Jomoro",2000,0.268381437097973
"Jomoro",2001,0.293035762807646
"Jomoro",2002,0.316703805040638
"Jomoro",2003,0.339354917771886
"Jomoro",2004,0.355710881476705
"Jomoro",2005,0.375954443275057
"Jomoro",2006,0.396231280441186
"Jomoro",2007,0.415572456496224
"Jomoro",2008,0.432460057199761
"Jomoro",2009,0.44911462044406
"Jomoro",2010,0.461597901870292
"Jomoro",2011,0.474007164304034
"Jomoro",2012,0.482147649852733
"Jomoro",2013,0.489635435981892
"Jomoro",2014,0.496859915814327
"Jomoro",2015,0.51201476006381
"Jomoro",2016,0.524165627134053
"Jomoro",2017,0.537909483435028
"Jomoro",2018,0.550723088212094
"Jomoro",2019,0.562962991864422
"Jomoro",2020,0.574673007041377
"Jomoro",2021,0.58589325523603
"Jomoro",2022,0.59666991618092
"Jomoro",2023,0.607004148295409
"Jomoro",2024,0.616973259908363
"Jomoro",2025,0.626550755556401
"Juaben",1970,0
"Juaben",1971,0
"Juaben",1972,0
"Juaben",1973,0
"Juaben",1974,0
"Juaben",1975,0
"Juaben",1976,0
"Juaben",1977,0
"Juaben",1978,0
"Juaben",1979,0
"Juaben",1980,0.26191485
"Juaben",1981,0.251582535008228
"Juaben",1982,0.24166444403397
"Juaben",1983,0.231837929859814
"Juaben",1984,0.222329242252652
"Juaben",1985,0.213434718231857
"Juaben",1986,0.20494539450948
"Juaben",1987,0.196851992605747
"Juaben",1988,0.189159616244797
"Juaben",1989,0.181886245353685
"Juaben",1990,0.337015379398074
"Juaben",1991,0.324343529771473
"Juaben",1992,0.31230599501474
"Juaben",1993,0.300903154603337
"Juaben",1994,0.290104429288196
"Juaben",1995,0.279949435722104
"Juaben",1996,0.270340760554076
"Juaben",1997,0.261276753934146
"Juaben",1998,0.252569187508398
"Juaben",1999,0.244175263328876
"Juaben",2000,0.269378945307895
"Juaben",2001,0.287961732896356
"Juaben",2002,0.305348071948718
"Juaben",2003,0.3230780079858
"Juaben",2004,0.341720700799727
"Juaben",2005,0.363014649408352
"Juaben",2006,0.382486750343504
"Juaben",2007,0.402268219788712
"Juaben",2008,0.421071312015742
"Juaben",2009,0.439067466187535
"Juaben",2010,0.456415280493938
"Juaben",2011,0.473289249663384
"Juaben",2012,0.489663954377166
"Juaben",2013,0.505468852012211
"Juaben",2014,0.520661543647789
"Juaben",2015,0.531796245534828
"Juaben",2016,0.545722090003303
"Juaben",2017,0.558843315941851
"Juaben",2018,0.57107643302961
"Juaben",2019,0.58276183905913
"Juaben",2020,0.919404352252785
"Juaben",2021,0.921530488581077
"Juaben",2022,0.923572569106848
"Juaben",2023,0.92553081334017
"Juaben",2024,0.927419870515501
"Juaben",2025,0.929234719980333
"Juaboso",1970,0
"Juaboso",1971,0
"Juaboso",1972,0
"Juaboso",1973,0
"Juaboso",1974,0
"Juaboso",1975,0
"Juaboso",1976,0
"Juaboso",1977,0
"Juaboso",1978,0
"Juaboso",1979,0
"Juaboso",1980,0
"Juaboso",1981,0
"Juaboso",1982,0
"Juaboso",1983,0
"Juaboso",1984,0
"Juaboso",1985,0
"Juaboso",1986,0
"Juaboso",1987,0
"Juaboso",1988,0
"Juaboso",1989,0
"Juaboso",1990,0
"Juaboso",1991,0
"Juaboso",1992,0
"Juaboso",1993,0
"Juaboso",1994,0
"Juaboso",1995,0
"Juaboso",1996,0
"Juaboso",1997,0
"Juaboso",1998,0
"Juaboso",1999,0
"Juaboso",2000,0.0333459342572246
"Juaboso",2001,0.0659205645274972
"Juaboso",2002,0.0971920636566918
"Juaboso",2003,0.127119940456876
"Juaboso",2004,0.155727635551512
"Juaboso",2005,0.183038068010939
"Juaboso",2006,0.209583251911943
"Juaboso",2007,0.23490352602749
"Juaboso",2008,0.258971477638823
"Juaboso",2009,0.282006548815793
"Juaboso",2010,0.304211745187094
"Juaboso",2011,0.325810419945362
"Juaboso",2012,0.346770036371357
"Juaboso",2013,0.367000299931702
"Juaboso",2014,0.386446940022386
"Juaboso",2015,0.404927481237471
"Juaboso",2016,0.422626799674626
"Juaboso",2017,0.439303472798325
"Juaboso",2018,0.759903360958843
"Juaboso",2019,0.766444448764617
"Juaboso",2020,0.772702360563199
"Juaboso",2021,0.778698537553517
"Juaboso",2022,0.784457658498899
"Juaboso",2023,0.789980342466534
"Juaboso",2024,0.795307903553462
"Juaboso",2025,0.800426182403747
"Kadjebi",1970,0
"Kadjebi",1971,0
"Kadjebi",1972,0
"Kadjebi",1973,0
"Kadjebi",1974,0
"Kadjebi",1975,0
"Kadjebi",1976,0
"Kadjebi",1977,0
"Kadjebi",1978,0
"Kadjebi",1979,0
"Kadjebi",1980,0.971988664
"Kadjebi",1981,0.933644549319678
"Kadjebi",1982,0.896837655798749
"Kadjebi",1983,0.8603706117044
"Kadjebi",1984,0.825083049492182
"Kadjebi",1985,0.792074701474161
"Kadjebi",1986,0.760570086813414
"Kadjebi",1987,0.730534772268919
"Kadjebi",1988,0.701987698202423
"Kadjebi",1989,0.674995589678494
"Kadjebi",1990,0.887797469340293
"Kadjebi",1991,0.854416096506653
"Kadjebi",1992,0.822705695298226
"Kadjebi",1993,0.792667265364804
"Kadjebi",1994,0.764220251985159
"Kadjebi",1995,0.737469017055625
"Kadjebi",1996,0.712156945205599
"Kadjebi",1997,0.688279690245811
"Kadjebi",1998,0.665341403421339
"Kadjebi",1999,0.643229342370226
"Kadjebi",2000,0.655126193264455
"Kadjebi",2001,0.666747865528027
"Kadjebi",2002,0.676198088429349
"Kadjebi",2003,0.686932047809903
"Kadjebi",2004,0.697192509625062
"Kadjebi",2005,0.70698769404934
"Kadjebi",2006,0.714732972959249
"Kadjebi",2007,0.723195670195118
"Kadjebi",2008,0.731903216814645
"Kadjebi",2009,0.740237077518568
"Kadjebi",2010,0.748270697733584
"Kadjebi",2011,0.756084884433588
"Kadjebi",2012,0.763667866155673
"Kadjebi",2013,0.770986975231581
"Kadjebi",2014,0.778022577094062
"Kadjebi",2015,0.78470865394776
"Kadjebi",2016,0.791112092134531
"Kadjebi",2017,0.797145547371114
"Kadjebi",2018,0.940692204060595
"Kadjebi",2019,0.94230795970947
"Kadjebi",2020,0.943853766254032
"Kadjebi",2021,0.945334920021026
"Kadjebi",2022,0.950335617703734
"Kadjebi",2023,0.95160813189264
"Kadjebi",2024,0.952835686667656
"Kadjebi",2025,0.954015019488063
"Karaga",1970,0
"Karaga",1971,0
"Karaga",1972,0
"Karaga",1973,0
"Karaga",1974,0
"Karaga",1975,0
"Karaga",1976,0
"Karaga",1977,0
"Karaga",1978,0
"Karaga",1979,0
"Karaga",1980,0.26191485
"Karaga",1981,0.251582535008228
"Karaga",1982,0.24166444403397
"Karaga",1983,0.231837929859814
"Karaga",1984,0.222329242252652
"Karaga",1985,0.213434718231857
"Karaga",1986,0.20494539450948
"Karaga",1987,0.196851992605747
"Karaga",1988,0.189159616244797
"Karaga",1989,0.181886245353685
"Karaga",1990,0.432546899325734
"Karaga",1991,0.416283044321556
"Karaga",1992,0.400833309226825
"Karaga",1993,0.3861981810844
"Karaga",1994,0.372338412547792
"Karaga",1995,0.359304850140251
"Karaga",1996,0.346972467392669
"Karaga",1997,0.335339146783025
"Karaga",1998,0.324163304111224
"Karaga",1999,0.313390009778151
"Karaga",2000,0.330850708952844
"Karaga",2001,0.341875033798797
"Karaga",2002,0.356272549946006
"Karaga",2003,0.377611967825012
"Karaga",2004,0.398010059017898
"Karaga",2005,0.417483165466415
"Karaga",2006,0.434997348128527
"Karaga",2007,0.453096688832025
"Karaga",2008,0.469536647752668
"Karaga",2009,0.486026243911338
"Karaga",2010,0.501921776335512
"Karaga",2011,0.514711772483983
"Karaga",2012,0.529003129266705
"Karaga",2013,0.542896086339568
"Karaga",2014,0.556938960754893
"Karaga",2015,0.570284192537889
"Karaga",2016,0.576467620993239
"Karaga",2017,0.586142960504097
"Karaga",2018,0.597619068210717
"Karaga",2019,0.608581358298216
"Karaga",2020,0.817092102661179
"Karaga",2021,0.821917265509716
"Karaga",2022,0.826551667808172
"Karaga",2023,0.830995807723967
"Karaga",2024,0.835282930981247
"Karaga",2025,0.839401643453664
"Kasena-Nankana",1970,0.915461313544121
"Kasena-Nankana",1971,0.87513812360619
"Kasena-Nankana",1972,0.838569290034116
"Kasena-Nankana",1973,0.803187176539937
"Kasena-Nankana",1974,0.769332831767938
"Kasena-Nankana",1975,0.737242082946285
"Kasena-Nankana",1976,0.706772256376848
"Kasena-Nankana",1977,0.678016799090235
"Kasena-Nankana",1978,0.649568735683206
"Kasena-Nankana",1979,0.622301686546963
"Kasena-Nankana",1980,0.928503899425421
"Kasena-Nankana",1981,0.891875221212056
"Kasena-Nankana",1982,0.856714992059508
"Kasena-Nankana",1983,0.821879408172368
"Kasena-Nankana",1984,0.788170538584911
"Kasena-Nankana",1985,0.756638915857751
"Kasena-Nankana",1986,0.726543752564367
"Kasena-Nankana",1987,0.697852155935795
"Kasena-Nankana",1988,0.670582218981131
"Kasena-Nankana",1989,0.644797681623417
"Kasena-Nankana",1990,0.847785126483749
"Kasena-Nankana",1991,0.815908226213919
"Kasena-Nankana",1992,0.78562698817512
"Kasena-Nankana",1993,0.756942366963704
"Kasena-Nankana",1994,0.729777438397206
"Kasena-Nankana",1995,0.704231860862294
"Kasena-Nankana",1996,0.680060584443939
"Kasena-Nankana",1997,0.657259458832248
"Kasena-Nankana",1998,0.63535498279082
"Kasena-Nankana",1999,0.614239495168441
"Kasena-Nankana",2000,0.619875051987792
"Kasena-Nankana",2001,0.616124787091148
"Kasena-Nankana",2002,0.628976320836911
"Kasena-Nankana",2003,0.629148766583518
"Kasena-Nankana",2004,0.634317592585915
"Kasena-Nankana",2005,0.64136156748854
"Kasena-Nankana",2006,0.648068459478904
"Kasena-Nankana",2007,0.65792589758349
"Kasena-Nankana",2008,0.665161542559054
"Kasena-Nankana",2009,0.671070073425369
"Kasena-Nankana",2010,0.677027717023151
"Kasena-Nankana",2011,0.684000560475269
"Kasena-Nankana",2012,0.688934795297979
"Kasena-Nankana",2013,0.693991517755922
"Kasena-Nankana",2014,0.699317579868987
"Kasena-Nankana",2015,0.706386509675794
"Kasena-Nankana",2016,0.709642843943543
"Kasena-Nankana",2017,0.712187166987507
"Kasena-Nankana",2018,0.957922522560989
"Kasena-Nankana",2019,0.957209170537979
"Kasena-Nankana",2020,0.955887694061385
"Kasena-Nankana",2021,0.952433863462872
"Kasena-Nankana",2022,0.952039402133972
"Kasena-Nankana",2023,0.948716936614199
"Kasena-Nankana",2024,0.947415001778499
"Kasena-Nankana",2025,0.948670597470175
"Kasena-Nankana West",1970,0.915461313544121
"Kasena-Nankana West",1971,0.87513812360619
"Kasena-Nankana West",1972,0.838569290034116
"Kasena-Nankana West",1973,0.803187176539937
"Kasena-Nankana West",1974,0.769332831767938
"Kasena-Nankana West",1975,0.737242082946285
"Kasena-Nankana West",1976,0.706772256376848
"Kasena-Nankana West",1977,0.678016799090235
"Kasena-Nankana West",1978,0.649568735683206
"Kasena-Nankana West",1979,0.622301686546963
"Kasena-Nankana West",1980,0.928503899425421
"Kasena-Nankana West",1981,0.891875221212056
"Kasena-Nankana West",1982,0.856714992059508
"Kasena-Nankana West",1983,0.821879408172368
"Kasena-Nankana West",1984,0.788170538584911
"Kasena-Nankana West",1985,0.756638915857751
"Kasena-Nankana West",1986,0.726543752564367
"Kasena-Nankana West",1987,0.697852155935795
"Kasena-Nankana West",1988,0.670582218981131
"Kasena-Nankana West",1989,0.644797681623417
"Kasena-Nankana West",1990,0.847785126483749
"Kasena-Nankana West",1991,0.815908226213919
"Kasena-Nankana West",1992,0.78562698817512
"Kasena-Nankana West",1993,0.756942366963704
"Kasena-Nankana West",1994,0.729777438397205
"Kasena-Nankana West",1995,0.704231860862293
"Kasena-Nankana West",1996,0.680060584443939
"Kasena-Nankana West",1997,0.657259458832248
"Kasena-Nankana West",1998,0.63535498279082
"Kasena-Nankana West",1999,0.614239495168441
"Kasena-Nankana West",2000,0.619875051987792
"Kasena-Nankana West",2001,0.616124787091148
"Kasena-Nankana West",2002,0.628976320836911
"Kasena-Nankana West",2003,0.629148766583518
"Kasena-Nankana West",2004,0.634317592585915
"Kasena-Nankana West",2005,0.64136156748854
"Kasena-Nankana West",2006,0.648068459478904
"Kasena-Nankana West",2007,0.65792589758349
"Kasena-Nankana West",2008,0.665161542559053
"Kasena-Nankana West",2009,0.674633558450703
"Kasena-Nankana West",2010,0.683887883174963
"Kasena-Nankana West",2011,0.691375042928808
"Kasena-Nankana West",2012,0.993869364653639
"Kasena-Nankana West",2013,0.984107867431413
"Kasena-Nankana West",2014,0.979856966805386
"Kasena-Nankana West",2015,0.980463685570938
"Kasena-Nankana West",2016,0.98012572678684
"Kasena-Nankana West",2017,0.980699769291342
"Kasena-Nankana West",2018,0.994592250540811
"Kasena-Nankana West",2019,0.994739576901503
"Kasena-Nankana West",2020,0.994880525226642
"Kasena-Nankana West",2021,0.995015578441073
"Kasena-Nankana West",2022,0.995145292390015
"Kasena-Nankana West",2023,0.995269681016856
"Kasena-Nankana West",2024,0.995389674848096
"Kasena-Nankana West",2025,0.995504954969447
"Keta",1970,0
"Keta",1971,0
"Keta",1972,0
"Keta",1973,0
"Keta",1974,0
"Keta",1975,0
"Keta",1976,0
"Keta",1977,0
"Keta",1978,0
"Keta",1979,0
"Keta",1980,0.971988664
"Keta",1981,0.933644549319678
"Keta",1982,0.896837655798749
"Keta",1983,0.8603706117044
"Keta",1984,0.825083049492181
"Keta",1985,0.79207470147416
"Keta",1986,0.760570086813414
"Keta",1987,0.730534772268918
"Keta",1988,0.701987698202423
"Keta",1989,0.674995589678493
"Keta",1990,0.887797469340292
"Keta",1991,0.854416096506653
"Keta",1992,0.822705695298226
"Keta",1993,0.792667265364804
"Keta",1994,0.764220251985159
"Keta",1995,0.737469017055625
"Keta",1996,0.712156945205599
"Keta",1997,0.688279690245811
"Keta",1998,0.665341403421339
"Keta",1999,0.643229342370226
"Keta",2000,0.655003189716609
"Keta",2001,0.666629006994654
"Keta",2002,0.666578298545055
"Keta",2003,0.666298140559235
"Keta",2004,0.673339685122404
"Keta",2005,0.678470144957038
"Keta",2006,0.685355709095975
"Keta",2007,0.693857256716297
"Keta",2008,0.703487713766054
"Keta",2009,0.712704878034552
"Keta",2010,0.721589979408718
"Keta",2011,0.730232389571004
"Keta",2012,0.73861908940444
"Keta",2013,0.746713948803752
"Keta",2014,0.754089821605256
"Keta",2015,0.761496765655374
"Keta",2016,0.767956030929857
"Keta",2017,0.772658923474738
"Keta",2018,0.778963010227789
"Keta",2019,0.783957604747301
"Keta",2020,0.78974626721794
"Keta",2021,0.795292821057039
"Keta",2022,0.800620094491599
"Keta",2023,0.805728660168076
"Keta",2024,0.810656734247184
"Keta",2025,0.815391219111868
"Ketu North",1970,0
"Ketu North",1971,0
"Ketu North",1972,0
"Ketu North",1973,0
"Ketu North",1974,0
"Ketu North",1975,0
"Ketu North",1976,0
"Ketu North",1977,0
"Ketu North",1978,0
"Ketu North",1979,0
"Ketu North",1980,0.971988664
"Ketu North",1981,0.933644549319678
"Ketu North",1982,0.896837655798749
"Ketu North",1983,0.8603706117044
"Ketu North",1984,0.825083049492181
"Ketu North",1985,0.79207470147416
"Ketu North",1986,0.760570086813414
"Ketu North",1987,0.730534772268919
"Ketu North",1988,0.701987698202422
"Ketu North",1989,0.674995589678493
"Ketu North",1990,0.887797469340292
"Ketu North",1991,0.854416096506653
"Ketu North",1992,0.822705695298226
"Ketu North",1993,0.792667265364804
"Ketu North",1994,0.764220251985159
"Ketu North",1995,0.737469017055625
"Ketu North",1996,0.712156945205599
"Ketu North",1997,0.68827969024581
"Ketu North",1998,0.665341403421339
"Ketu North",1999,0.643229342370226
"Ketu North",2000,0.643755153520628
"Ketu North",2001,0.650912290648862
"Ketu North",2002,0.652098235763904
"Ketu North",2003,0.654935696960819
"Ketu North",2004,0.656776677821927
"Ketu North",2005,0.65647084534869
"Ketu North",2006,0.661905589414964
"Ketu North",2007,0.67184651548023
"Ketu North",2008,0.680529203818179
"Ketu North",2009,0.687728931371949
"Ketu North",2010,0.694549358478046
"Ketu North",2011,0.70403116420745
"Ketu North",2012,0.713232423698522
"Ketu North",2013,0.722113497703325
"Ketu North",2014,0.730136538745162
"Ketu North",2015,0.738264968286932
"Ketu North",2016,0.74442248328692
"Ketu North",2017,0.74833291338393
"Ketu North",2018,0.755063532784733
"Ketu North",2019,0.761570064261143
"Ketu North",2020,0.767302214040115
"Ketu North",2021,0.773440848446209
"Ketu North",2022,0.77933679482025
"Ketu North",2023,0.784990686937253
"Ketu North",2024,0.790444820436245
"Ketu North",2025,0.795684699562741
"Ketu South",1970,0
"Ketu South",1971,0
"Ketu South",1972,0
"Ketu South",1973,0
"Ketu South",1974,0
"Ketu South",1975,0
"Ketu South",1976,0
"Ketu South",1977,0
"Ketu South",1978,0
"Ketu South",1979,0
"Ketu South",1980,0.971988664
"Ketu South",1981,0.933644549319678
"Ketu South",1982,0.896837655798749
"Ketu South",1983,0.8603706117044
"Ketu South",1984,0.825083049492182
"Ketu South",1985,0.79207470147416
"Ketu South",1986,0.760570086813414
"Ketu South",1987,0.730534772268919
"Ketu South",1988,0.701987698202423
"Ketu South",1989,0.674995589678494
"Ketu South",1990,0.887797469340293
"Ketu South",1991,0.854416096506654
"Ketu South",1992,0.822705695298227
"Ketu South",1993,0.792667265364804
"Ketu South",1994,0.764220251985159
"Ketu South",1995,0.737469017055626
"Ketu South",1996,0.712156945205599
"Ketu South",1997,0.688279690245811
"Ketu South",1998,0.665341403421339
"Ketu South",1999,0.643229342370226
"Ketu South",2000,0.643755153520628
"Ketu South",2001,0.650912290648863
"Ketu South",2002,0.652098235763904
"Ketu South",2003,0.65493569696082
"Ketu South",2004,0.656776677821928
"Ketu South",2005,0.65647084534869
"Ketu South",2006,0.661905589414965
"Ketu South",2007,0.67184651548023
"Ketu South",2008,0.68052920381818
"Ketu South",2009,0.690460039551146
"Ketu South",2010,0.700033101248568
"Ketu South",2011,0.70934468051074
"Ketu South",2012,0.718380750169627
"Ketu South",2013,0.727102382619075
"Ketu South",2014,0.735486180820306
"Ketu South",2015,0.738712312680301
"Ketu South",2016,0.737781294290414
"Ketu South",2017,0.733645053245814
"Ketu South",2018,0.735959894281539
"Ketu South",2019,0.739659807033804
"Ketu South",2020,0.74072856351292
"Ketu South",2021,0.741514316997256
"Ketu South",2022,0.744487594372032
"Ketu South",2023,0.748897382906586
"Ketu South",2024,0.748604146411491
"Ketu South",2025,0.753980063441222
"Kintampo North",1970,0.954342586644847
"Kintampo North",1971,0.912306798984791
"Kintampo North",1972,0.874184821894739
"Kintampo North",1973,0.837299966998717
"Kintampo North",1974,0.802007767884594
"Kintampo North",1975,0.768554067783098
"Kintampo North",1976,0.736790133389933
"Kintampo North",1977,0.706813380597594
"Kintampo North",1978,0.677157077250602
"Kintampo North",1979,0.648731947954737
"Kintampo North",1980,0.937843214544404
"Kintampo North",1981,0.900846108402585
"Kintampo North",1982,0.86533222165106
"Kintampo North",1983,0.830146245594886
"Kintampo North",1984,0.796098316843999
"Kintampo North",1985,0.764249534693982
"Kintampo North",1986,0.733851660540979
"Kintampo North",1987,0.704871470765575
"Kintampo North",1988,0.677327240364592
"Kintampo North",1989,0.651283350386249
"Kintampo North",1990,0.844004927670153
"Kintampo North",1991,0.812270163676151
"Kintampo North",1992,0.782123946996577
"Kintampo North",1993,0.753567227971322
"Kintampo North",1994,0.726523425416039
"Kintampo North",1995,0.701091753349474
"Kintampo North",1996,0.677028254512472
"Kintampo North",1997,0.654328797101006
"Kintampo North",1998,0.632521991178759
"Kintampo North",1999,0.611500655646061
"Kintampo North",2000,0.624455529241862
"Kintampo North",2001,0.634504309790786
"Kintampo North",2002,0.642957389604472
"Kintampo North",2003,0.647778902322372
"Kintampo North",2004,0.659322565919789
"Kintampo North",2005,0.670342763246722
"Kintampo North",2006,0.681054170512183
"Kintampo North",2007,0.691271307041965
"Kintampo North",2008,0.70098311136458
"Kintampo North",2009,0.710278131873219
"Kintampo North",2010,0.71923828459356
"Kintampo North",2011,0.727953696119539
"Kintampo North",2012,0.736411237363326
"Kintampo North",2013,0.741770034620836
"Kintampo North",2014,0.749703221945912
"Kintampo North",2015,0.757242292687406
"Kintampo North",2016,0.764462666388639
"Kintampo North",2017,0.771265855589057
"Kintampo North",2018,0.777608571616405
"Kintampo North",2019,0.78366730640802
"Kintampo North",2020,0.789463747162639
"Kintampo North",2021,0.795017753961914
"Kintampo North",2022,0.800352185707365
"Kintampo North",2023,0.805467615814919
"Kintampo North",2024,0.810402311796731
"Kintampo North",2025,0.815143158436343
"Kintampo South",1970,0.954342586644847
"Kintampo South",1971,0.912306798984791
"Kintampo South",1972,0.874184821894739
"Kintampo South",1973,0.837299966998717
"Kintampo South",1974,0.802007767884594
"Kintampo South",1975,0.768554067783098
"Kintampo South",1976,0.736790133389933
"Kintampo South",1977,0.706813380597594
"Kintampo South",1978,0.677157077250602
"Kintampo South",1979,0.648731947954737
"Kintampo South",1980,0.937843214544404
"Kintampo South",1981,0.900846108402585
"Kintampo South",1982,0.86533222165106
"Kintampo South",1983,0.830146245594886
"Kintampo South",1984,0.796098316843999
"Kintampo South",1985,0.764249534693982
"Kintampo South",1986,0.73385166054098
"Kintampo South",1987,0.704871470765575
"Kintampo South",1988,0.677327240364592
"Kintampo South",1989,0.651283350386248
"Kintampo South",1990,0.844004927670153
"Kintampo South",1991,0.812270163676151
"Kintampo South",1992,0.782123946996577
"Kintampo South",1993,0.753567227971322
"Kintampo South",1994,0.726523425416038
"Kintampo South",1995,0.701091753349474
"Kintampo South",1996,0.677028254512472
"Kintampo South",1997,0.654328797101006
"Kintampo South",1998,0.632521991178759
"Kintampo South",1999,0.611500655646061
"Kintampo South",2000,0.624455529241862
"Kintampo South",2001,0.634504309790786
"Kintampo South",2002,0.642957389604472
"Kintampo South",2003,0.647778902322372
"Kintampo South",2004,0.659322565919789
"Kintampo South",2005,0.670342763246722
"Kintampo South",2006,0.681054170512183
"Kintampo South",2007,0.691271307041965
"Kintampo South",2008,0.70098311136458
"Kintampo South",2009,0.710278131873219
"Kintampo South",2010,0.71923828459356
"Kintampo South",2011,0.727953696119539
"Kintampo South",2012,0.736411237363326
"Kintampo South",2013,0.744574473033141
"Kintampo South",2014,0.752421504070221
"Kintampo South",2015,0.759878698722898
"Kintampo South",2016,0.767020657460441
"Kintampo South",2017,0.773749962419377
"Kintampo South",2018,0.929701130481121
"Kintampo South",2019,0.931616322130642
"Kintampo South",2020,0.93344860152758
"Kintampo South",2021,0.935204246527601
"Kintampo South",2022,0.957983515916954
"Kintampo South",2023,0.959060073596554
"Kintampo South",2024,0.957930237579959
"Kintampo South",2025,0.95898218232511
"Komenda-Edna-Eguafo-Abirem",1970,0
"Komenda-Edna-Eguafo-Abirem",1971,0
"Komenda-Edna-Eguafo-Abirem",1972,0
"Komenda-Edna-Eguafo-Abirem",1973,0
"Komenda-Edna-Eguafo-Abirem",1974,0
"Komenda-Edna-Eguafo-Abirem",1975,0
"Komenda-Edna-Eguafo-Abirem",1976,0
"Komenda-Edna-Eguafo-Abirem",1977,0
"Komenda-Edna-Eguafo-Abirem",1978,0
"Komenda-Edna-Eguafo-Abirem",1979,0
"Komenda-Edna-Eguafo-Abirem",1980,0.26191485
"Komenda-Edna-Eguafo-Abirem",1981,0.251582535008228
"Komenda-Edna-Eguafo-Abirem",1982,0.24166444403397
"Komenda-Edna-Eguafo-Abirem",1983,0.231837929859814
"Komenda-Edna-Eguafo-Abirem",1984,0.222329242252652
"Komenda-Edna-Eguafo-Abirem",1985,0.213434718231857
"Komenda-Edna-Eguafo-Abirem",1986,0.20494539450948
"Komenda-Edna-Eguafo-Abirem",1987,0.196851992605747
"Komenda-Edna-Eguafo-Abirem",1988,0.189159616244797
"Komenda-Edna-Eguafo-Abirem",1989,0.181886245353684
"Komenda-Edna-Eguafo-Abirem",1990,0.337015379398074
"Komenda-Edna-Eguafo-Abirem",1991,0.324343529771473
"Komenda-Edna-Eguafo-Abirem",1992,0.31230599501474
"Komenda-Edna-Eguafo-Abirem",1993,0.300903154603337
"Komenda-Edna-Eguafo-Abirem",1994,0.290104429288196
"Komenda-Edna-Eguafo-Abirem",1995,0.279949435722104
"Komenda-Edna-Eguafo-Abirem",1996,0.270340760554076
"Komenda-Edna-Eguafo-Abirem",1997,0.261276753934146
"Komenda-Edna-Eguafo-Abirem",1998,0.252569187508398
"Komenda-Edna-Eguafo-Abirem",1999,0.244175263328876
"Komenda-Edna-Eguafo-Abirem",2000,0.260335253033454
"Komenda-Edna-Eguafo-Abirem",2001,0.285260721730341
"Komenda-Edna-Eguafo-Abirem",2002,0.306313892812173
"Komenda-Edna-Eguafo-Abirem",2003,0.329309428759723
"Komenda-Edna-Eguafo-Abirem",2004,0.351290583163608
"Komenda-Edna-Eguafo-Abirem",2005,0.369210288903538
"Komenda-Edna-Eguafo-Abirem",2006,0.38970626090452
"Komenda-Edna-Eguafo-Abirem",2007,0.409256459963787
"Komenda-Edna-Eguafo-Abirem",2008,0.42783972027144
"Komenda-Edna-Eguafo-Abirem",2009,0.445625476649869
"Komenda-Edna-Eguafo-Abirem",2010,0.462770473075578
"Komenda-Edna-Eguafo-Abirem",2011,0.479447164213026
"Komenda-Edna-Eguafo-Abirem",2012,0.495630427927476
"Komenda-Edna-Eguafo-Abirem",2013,0.511250546328301
"Komenda-Edna-Eguafo-Abirem",2014,0.526265616191757
"Komenda-Edna-Eguafo-Abirem",2015,0.540534745263154
"Komenda-Edna-Eguafo-Abirem",2016,0.552347396163317
"Komenda-Edna-Eguafo-Abirem",2017,0.5646945257634
"Komenda-Edna-Eguafo-Abirem",2018,0.576765390895247
"Komenda-Edna-Eguafo-Abirem",2019,0.588295809445262
"Komenda-Edna-Eguafo-Abirem",2020,0.799164095618434
"Komenda-Edna-Eguafo-Abirem",2021,0.804462204440269
"Komenda-Edna-Eguafo-Abirem",2022,0.809550855014796
"Komenda-Edna-Eguafo-Abirem",2023,0.814430594338099
"Komenda-Edna-Eguafo-Abirem",2024,0.819137926766594
"Komenda-Edna-Eguafo-Abirem",2025,0.823660341360608
"Korle-Klottey",1970,0
"Korle-Klottey",1971,0
"Korle-Klottey",1972,0
"Korle-Klottey",1973,0
"Korle-Klottey",1974,0
"Korle-Klottey",1975,0
"Korle-Klottey",1976,0
"Korle-Klottey",1977,0
"Korle-Klottey",1978,0
"Korle-Klottey",1979,0
"Korle-Klottey",1980,0.26191485
"Korle-Klottey",1981,0.251582535008228
"Korle-Klottey",1982,0.24166444403397
"Korle-Klottey",1983,0.231837929859814
"Korle-Klottey",1984,0.222329242252652
"Korle-Klottey",1985,0.213434718231857
"Korle-Klottey",1986,0.20494539450948
"Korle-Klottey",1987,0.196851992605747
"Korle-Klottey",1988,0.189159616244797
"Korle-Klottey",1989,0.181886245353685
"Korle-Klottey",1990,0.337015379398075
"Korle-Klottey",1991,0.324343529771473
"Korle-Klottey",1992,0.31230599501474
"Korle-Klottey",1993,0.300903154603337
"Korle-Klottey",1994,0.290104429288196
"Korle-Klottey",1995,0.279949435722104
"Korle-Klottey",1996,0.270340760554076
"Korle-Klottey",1997,0.261276753934146
"Korle-Klottey",1998,0.252569187508399
"Korle-Klottey",1999,0.244175263328876
"Korle-Klottey",2000,0.269378945307895
"Korle-Klottey",2001,0.293999656654084
"Korle-Klottey",2002,0.31470530618821
"Korle-Klottey",2003,0.331832823254311
"Korle-Klottey",2004,0.349747828447126
"Korle-Klottey",2005,0.368890968383484
"Korle-Klottey",2006,0.386203965667558
"Korle-Klottey",2007,0.404897276485136
"Korle-Klottey",2008,0.421521249989217
"Korle-Klottey",2009,0.437960541502016
"Korle-Klottey",2010,0.452199670805178
"Korle-Klottey",2011,0.462775860766518
"Korle-Klottey",2012,0.473013421288544
"Korle-Klottey",2013,0.484601362541353
"Korle-Klottey",2014,0.493967610966992
"Korle-Klottey",2015,0.509209572961336
"Korle-Klottey",2016,0.523807215736252
"Korle-Klottey",2017,0.537561424283783
"Korle-Klottey",2018,0.550384680616644
"Korle-Klottey",2019,0.562633803697469
"Korle-Klottey",2020,0.574352639176502
"Korle-Klottey",2021,0.585581338767415
"Korle-Klottey",2022,0.596366116986578
"Korle-Klottey",2023,0.606708133125905
"Korle-Klottey",2024,0.616684753745
"Korle-Klottey",2025,0.626269463423378
"Kpandai",1970,0
"Kpandai",1971,0
"Kpandai",1972,0
"Kpandai",1973,0
"Kpandai",1974,0
"Kpandai",1975,0
"Kpandai",1976,0
"Kpandai",1977,0
"Kpandai",1978,0
"Kpandai",1979,0
"Kpandai",1980,0.26191485
"Kpandai",1981,0.251582535008228
"Kpandai",1982,0.24166444403397
"Kpandai",1983,0.231837929859814
"Kpandai",1984,0.222329242252652
"Kpandai",1985,0.213434718231857
"Kpandai",1986,0.20494539450948
"Kpandai",1987,0.196851992605747
"Kpandai",1988,0.189159616244797
"Kpandai",1989,0.181886245353685
"Kpandai",1990,0.432546899325734
"Kpandai",1991,0.416283044321556
"Kpandai",1992,0.400833309226824
"Kpandai",1993,0.3861981810844
"Kpandai",1994,0.372338412547792
"Kpandai",1995,0.35930485014025
"Kpandai",1996,0.346972467392669
"Kpandai",1997,0.335339146783024
"Kpandai",1998,0.324163304111224
"Kpandai",1999,0.313390009778151
"Kpandai",2000,0.319821766215631
"Kpandai",2001,0.341080617998842
"Kpandai",2002,0.358807728345184
"Kpandai",2003,0.374240638435122
"Kpandai",2004,0.394749221283987
"Kpandai",2005,0.414327808963968
"Kpandai",2006,0.433357797275545
"Kpandai",2007,0.451509659483837
"Kpandai",2008,0.468763743673095
"Kpandai",2009,0.485277365763222
"Kpandai",2010,0.501196058546742
"Kpandai",2011,0.516679941790054
"Kpandai",2012,0.531705690230499
"Kpandai",2013,0.546208572581182
"Kpandai",2014,0.560149682765436
"Kpandai",2015,0.573398205910961
"Kpandai",2016,0.586086677922986
"Kpandai",2017,0.598042025296111
"Kpandai",2018,1
"Kpandai",2019,1
"Kpandai",2020,1
"Kpandai",2021,1
"Kpandai",2022,1
"Kpandai",2023,1
"Kpandai",2024,1
"Kpandai",2025,1
"Kpando",1970,0
"Kpando",1971,0
"Kpando",1972,0
"Kpando",1973,0
"Kpando",1974,0
"Kpando",1975,0
"Kpando",1976,0
"Kpando",1977,0
"Kpando",1978,0
"Kpando",1979,0
"Kpando",1980,0.971988664
"Kpando",1981,0.933644549319678
"Kpando",1982,0.896837655798749
"Kpando",1983,0.8603706117044
"Kpando",1984,0.825083049492182
"Kpando",1985,0.79207470147416
"Kpando",1986,0.760570086813414
"Kpando",1987,0.730534772268919
"Kpando",1988,0.701987698202423
"Kpando",1989,0.674995589678493
"Kpando",1990,0.887797469340292
"Kpando",1991,0.854416096506653
"Kpando",1992,0.822705695298226
"Kpando",1993,0.792667265364803
"Kpando",1994,0.764220251985159
"Kpando",1995,0.737469017055625
"Kpando",1996,0.712156945205599
"Kpando",1997,0.68827969024581
"Kpando",1998,0.665341403421339
"Kpando",1999,0.643229342370226
"Kpando",2000,0.647884440082192
"Kpando",2001,0.65975014735351
"Kpando",2002,0.662255575112354
"Kpando",2003,0.670594295409888
"Kpando",2004,0.681390209300143
"Kpando",2005,0.688807370763027
"Kpando",2006,0.693685713532603
"Kpando",2007,0.699502172415716
"Kpando",2008,0.704698085430359
"Kpando",2009,0.709907951497023
"Kpando",2010,0.71054016689883
"Kpando",2011,0.71273922047743
"Kpando",2012,0.715610826056195
"Kpando",2013,0.720025244291769
"Kpando",2014,0.7254712711397
"Kpando",2015,0.733592813069028
"Kpando",2016,0.741516596283288
"Kpando",2017,0.748982552841811
"Kpando",2018,0.933940032750203
"Kpando",2019,0.9304373282458
"Kpando",2020,0.926851968389608
"Kpando",2021,0.923501054748118
"Kpando",2022,0.922827610268676
"Kpando",2023,0.92247031360641
"Kpando",2024,0.917510882820044
"Kpando",2025,0.916937730156403
"Kpone-Katamanso",1970,0
"Kpone-Katamanso",1971,0
"Kpone-Katamanso",1972,0
"Kpone-Katamanso",1973,0
"Kpone-Katamanso",1974,0
"Kpone-Katamanso",1975,0
"Kpone-Katamanso",1976,0
"Kpone-Katamanso",1977,0
"Kpone-Katamanso",1978,0
"Kpone-Katamanso",1979,0
"Kpone-Katamanso",1980,0.26191485
"Kpone-Katamanso",1981,0.251582535008228
"Kpone-Katamanso",1982,0.24166444403397
"Kpone-Katamanso",1983,0.231837929859814
"Kpone-Katamanso",1984,0.222329242252652
"Kpone-Katamanso",1985,0.213434718231857
"Kpone-Katamanso",1986,0.20494539450948
"Kpone-Katamanso",1987,0.196851992605747
"Kpone-Katamanso",1988,0.189159616244797
"Kpone-Katamanso",1989,0.181886245353685
"Kpone-Katamanso",1990,0.337015379398075
"Kpone-Katamanso",1991,0.324343529771473
"Kpone-Katamanso",1992,0.312305995014741
"Kpone-Katamanso",1993,0.300903154603338
"Kpone-Katamanso",1994,0.290104429288197
"Kpone-Katamanso",1995,0.279949435722104
"Kpone-Katamanso",1996,0.270340760554076
"Kpone-Katamanso",1997,0.261276753934146
"Kpone-Katamanso",1998,0.252569187508399
"Kpone-Katamanso",1999,0.244175263328876
"Kpone-Katamanso",2000,0.261039761723293
"Kpone-Katamanso",2001,0.281588085055209
"Kpone-Katamanso",2002,0.299113458755172
"Kpone-Katamanso",2003,0.315119635918652
"Kpone-Katamanso",2004,0.333457902246639
"Kpone-Katamanso",2005,0.351964406533947
"Kpone-Katamanso",2006,0.371292007043341
"Kpone-Katamanso",2007,0.388037969557872
"Kpone-Katamanso",2008,0.406026630013522
"Kpone-Katamanso",2009,0.417237400833478
"Kpone-Katamanso",2010,0.428766857749784
"Kpone-Katamanso",2011,0.439429422202923
"Kpone-Katamanso",2012,0.4509534297359
"Kpone-Katamanso",2013,0.452817379184054
"Kpone-Katamanso",2014,0.457966200466974
"Kpone-Katamanso",2015,0.459544799115316
"Kpone-Katamanso",2016,0.462504360180703
"Kpone-Katamanso",2017,0.464882400028662
"Kpone-Katamanso",2018,0.469457324138553
"Kpone-Katamanso",2019,0.478190604104498
"Kpone-Katamanso",2020,0.715798326221821
"Kpone-Katamanso",2021,0.717987952779354
"Kpone-Katamanso",2022,0.722792656850986
"Kpone-Katamanso",2023,0.725823518626972
"Kpone-Katamanso",2024,0.730689557885504
"Kpone-Katamanso",2025,0.73742360362525
"Krachi East",1970,0
"Krachi East",1971,0
"Krachi East",1972,0
"Krachi East",1973,0
"Krachi East",1974,0
"Krachi East",1975,0
"Krachi East",1976,0
"Krachi East",1977,0
"Krachi East",1978,0
"Krachi East",1979,0
"Krachi East",1980,0
"Krachi East",1981,0
"Krachi East",1982,0
"Krachi East",1983,0
"Krachi East",1984,0
"Krachi East",1985,0
"Krachi East",1986,0
"Krachi East",1987,0
"Krachi East",1988,0
"Krachi East",1989,0
"Krachi East",1990,0
"Krachi East",1991,0
"Krachi East",1992,0
"Krachi East",1993,0
"Krachi East",1994,0
"Krachi East",1995,0
"Krachi East",1996,0
"Krachi East",1997,0
"Krachi East",1998,0
"Krachi East",1999,0
"Krachi East",2000,0.0176461810247481
"Krachi East",2001,0.043301077427908
"Krachi East",2002,0.0580729778833289
"Krachi East",2003,0.0721554266633103
"Krachi East",2004,0.0928586227040873
"Krachi East",2005,0.10290452131756
"Krachi East",2006,0.117313309817132
"Krachi East",2007,0.145589366729688
"Krachi East",2008,0.172466910251731
"Krachi East",2009,0.197678380760581
"Krachi East",2010,0.219134931573095
"Krachi East",2011,0.235533581533342
"Krachi East",2012,0.254710288707766
"Krachi East",2013,0.276711609251345
"Krachi East",2014,0.296119618087183
"Krachi East",2015,0.317320865798186
"Krachi East",2016,0.337625879062395
"Krachi East",2017,0.356757693102688
"Krachi East",2018,0.942369812930727
"Krachi East",2019,0.9439398645374
"Krachi East",2020,0.945441945653801
"Krachi East",2021,0.946881202792229
"Krachi East",2022,0.948263559574741
"Krachi East",2023,0.949589164595496
"Krachi East",2024,0.950867934441208
"Krachi East",2025,0.952096470454009
"Krachi Nchumuru",1970,0
"Krachi Nchumuru",1971,0
"Krachi Nchumuru",1972,0
"Krachi Nchumuru",1973,0
"Krachi Nchumuru",1974,0
"Krachi Nchumuru",1975,0
"Krachi Nchumuru",1976,0
"Krachi Nchumuru",1977,0
"Krachi Nchumuru",1978,0
"Krachi Nchumuru",1979,0
"Krachi Nchumuru",1980,0
"Krachi Nchumuru",1981,0
"Krachi Nchumuru",1982,0
"Krachi Nchumuru",1983,0
"Krachi Nchumuru",1984,0
"Krachi Nchumuru",1985,0
"Krachi Nchumuru",1986,0
"Krachi Nchumuru",1987,0
"Krachi Nchumuru",1988,0
"Krachi Nchumuru",1989,0
"Krachi Nchumuru",1990,0
"Krachi Nchumuru",1991,0
"Krachi Nchumuru",1992,0
"Krachi Nchumuru",1993,0
"Krachi Nchumuru",1994,0
"Krachi Nchumuru",1995,0
"Krachi Nchumuru",1996,0
"Krachi Nchumuru",1997,0
"Krachi Nchumuru",1998,0
"Krachi Nchumuru",1999,0
"Krachi Nchumuru",2000,0.0176461810247481
"Krachi Nchumuru",2001,0.0433010774279078
"Krachi Nchumuru",2002,0.0580729778833288
"Krachi Nchumuru",2003,0.0721554266633101
"Krachi Nchumuru",2004,0.092858622704087
"Krachi Nchumuru",2005,0.120018640042025
"Krachi Nchumuru",2006,0.148611486434105
"Krachi Nchumuru",2007,0.173469885753494
"Krachi Nchumuru",2008,0.192947450720815
"Krachi Nchumuru",2009,0.216294020695565
"Krachi Nchumuru",2010,0.239658047347042
"Krachi Nchumuru",2011,0.263260599455131
"Krachi Nchumuru",2012,0.286164802810049
"Krachi Nchumuru",2013,0.303350033847313
"Krachi Nchumuru",2014,0.323199073316594
"Krachi Nchumuru",2015,0.343584673578187
"Krachi Nchumuru",2016,0.363108519030719
"Krachi Nchumuru",2017,0.381504300195151
"Krachi Nchumuru",2018,0.863626200783903
"Krachi Nchumuru",2019,0.86734150891417
"Krachi Nchumuru",2020,0.87089597436
"Krachi Nchumuru",2021,0.874301775624889
"Krachi Nchumuru",2022,0.877572930134187
"Krachi Nchumuru",2023,0.880709789515243
"Krachi Nchumuru",2024,0.883735819987313
"Krachi Nchumuru",2025,0.886642979100611
"Krachi West",1970,0
"Krachi West",1971,0
"Krachi West",1972,0
"Krachi West",1973,0
"Krachi West",1974,0
"Krachi West",1975,0
"Krachi West",1976,0
"Krachi West",1977,0
"Krachi West",1978,0
"Krachi West",1979,0
"Krachi West",1980,0
"Krachi West",1981,0
"Krachi West",1982,0
"Krachi West",1983,0
"Krachi West",1984,0
"Krachi West",1985,0
"Krachi West",1986,0
"Krachi West",1987,0
"Krachi West",1988,0
"Krachi West",1989,0
"Krachi West",1990,0
"Krachi West",1991,0
"Krachi West",1992,0
"Krachi West",1993,0
"Krachi West",1994,0
"Krachi West",1995,0
"Krachi West",1996,0
"Krachi West",1997,0
"Krachi West",1998,0
"Krachi West",1999,0
"Krachi West",2000,0.0176461810247482
"Krachi West",2001,0.043301077427908
"Krachi West",2002,0.0580729778833289
"Krachi West",2003,0.0721554266633102
"Krachi West",2004,0.0928586227040872
"Krachi West",2005,0.120018640042025
"Krachi West",2006,0.148611486434105
"Krachi West",2007,0.173469885753494
"Krachi West",2008,0.192947450720815
"Krachi West",2009,0.216294020695565
"Krachi West",2010,0.239658047347042
"Krachi West",2011,0.263260599455131
"Krachi West",2012,0.286164802810049
"Krachi West",2013,0.308271985551
"Krachi West",2014,0.329522841967176
"Krachi West",2015,0.349717966987415
"Krachi West",2016,0.369059389105487
"Krachi West",2017,0.387283287136129
"Krachi West",2018,0.851570868325908
"Krachi West",2019,0.855614606660156
"Krachi West",2020,0.859483283948043
"Krachi West",2021,0.863190155262825
"Krachi West",2022,0.866750477158803
"Krachi West",2023,0.870164632346898
"Krachi West",2024,0.873458161440981
"Krachi West",2025,0.876622311045271
"Krowor",1970,0
"Krowor",1971,0
"Krowor",1972,0
"Krowor",1973,0
"Krowor",1974,0
"Krowor",1975,0
"Krowor",1976,0
"Krowor",1977,0
"Krowor",1978,0
"Krowor",1979,0
"Krowor",1980,0.26191485
"Krowor",1981,0.251582535008228
"Krowor",1982,0.24166444403397
"Krowor",1983,0.231837929859814
"Krowor",1984,0.222329242252652
"Krowor",1985,0.213434718231857
"Krowor",1986,0.20494539450948
"Krowor",1987,0.196851992605747
"Krowor",1988,0.189159616244797
"Krowor",1989,0.181886245353685
"Krowor",1990,0.337015379398074
"Krowor",1991,0.324343529771473
"Krowor",1992,0.31230599501474
"Krowor",1993,0.300903154603337
"Krowor",1994,0.290104429288196
"Krowor",1995,0.279949435722104
"Krowor",1996,0.270340760554076
"Krowor",1997,0.261276753934146
"Krowor",1998,0.252569187508398
"Krowor",1999,0.244175263328876
"Krowor",2000,0.263552297205759
"Krowor",2001,0.286098128077453
"Krowor",2002,0.307068308265633
"Krowor",2003,0.32444899006783
"Krowor",2004,0.342605992366798
"Krowor",2005,0.361980155655479
"Krowor",2006,0.379517702930914
"Krowor",2007,0.398425202030445
"Krowor",2008,0.415252770218465
"Krowor",2009,0.431886919113042
"Krowor",2010,0.446313885753174
"Krowor",2011,0.45707278238735
"Krowor",2012,0.467487643684724
"Krowor",2013,0.479246715999372
"Krowor",2014,0.488777466689552
"Krowor",2015,0.504175758562252
"Krowor",2016,0.518923122726064
"Krowor",2017,0.528602198322086
"Krowor",2018,0.541673890786974
"Krowor",2019,0.554160326815456
"Krowor",2020,0.566106201517811
"Krowor",2021,0.577552444501888
"Krowor",2022,0.588546165638199
"Krowor",2023,0.599088546678634
"Krowor",2024,0.60925845307265
"Krowor",2025,0.619028855693389
"Kumasi",1970,0
"Kumasi",1971,0
"Kumasi",1972,0
"Kumasi",1973,0
"Kumasi",1974,0
"Kumasi",1975,0
"Kumasi",1976,0
"Kumasi",1977,0
"Kumasi",1978,0
"Kumasi",1979,0
"Kumasi",1980,0.26191485
"Kumasi",1981,0.251582535008228
"Kumasi",1982,0.24166444403397
"Kumasi",1983,0.231837929859814
"Kumasi",1984,0.222329242252652
"Kumasi",1985,0.213434718231857
"Kumasi",1986,0.20494539450948
"Kumasi",1987,0.196851992605747
"Kumasi",1988,0.189159616244797
"Kumasi",1989,0.181886245353685
"Kumasi",1990,0.337015379398074
"Kumasi",1991,0.324343529771473
"Kumasi",1992,0.31230599501474
"Kumasi",1993,0.300903154603337
"Kumasi",1994,0.290104429288196
"Kumasi",1995,0.279949435722104
"Kumasi",1996,0.270340760554076
"Kumasi",1997,0.261276753934146
"Kumasi",1998,0.252569187508398
"Kumasi",1999,0.244175263328876
"Kumasi",2000,0.257433510075372
"Kumasi",2001,0.277903240526485
"Kumasi",2002,0.29450122886679
"Kumasi",2003,0.308031903380289
"Kumasi",2004,0.321511031618205
"Kumasi",2005,0.339928423334449
"Kumasi",2006,0.354402979795006
"Kumasi",2007,0.370662984764459
"Kumasi",2008,0.39026835520148
"Kumasi",2009,0.408740172707871
"Kumasi",2010,0.427025911317086
"Kumasi",2011,0.44178152658344
"Kumasi",2012,0.45524077453878
"Kumasi",2013,0.471468611614149
"Kumasi",2014,0.487705838401871
"Kumasi",2015,0.503136408282831
"Kumasi",2016,0.517914685975639
"Kumasi",2017,0.531839092572947
"Kumasi",2018,0.544821027117799
"Kumasi",2019,0.557221723940773
"Kumasi",2020,0.569085571249261
"Kumasi",2021,0.580453217604383
"Kumasi",2022,0.5913714493926
"Kumasi",2023,0.601841440251199
"Kumasi",2024,0.61194151409313
"Kumasi",2025,0.621644827389398
"Kumbungu",1970,0
"Kumbungu",1971,0
"Kumbungu",1972,0
"Kumbungu",1973,0
"Kumbungu",1974,0
"Kumbungu",1975,0
"Kumbungu",1976,0
"Kumbungu",1977,0
"Kumbungu",1978,0
"Kumbungu",1979,0
"Kumbungu",1980,0.26191485
"Kumbungu",1981,0.251582535008228
"Kumbungu",1982,0.24166444403397
"Kumbungu",1983,0.231837929859814
"Kumbungu",1984,0.222329242252652
"Kumbungu",1985,0.213434718231857
"Kumbungu",1986,0.20494539450948
"Kumbungu",1987,0.196851992605747
"Kumbungu",1988,0.189159616244797
"Kumbungu",1989,0.181886245353685
"Kumbungu",1990,0.432546899325734
"Kumbungu",1991,0.416283044321556
"Kumbungu",1992,0.400833309226825
"Kumbungu",1993,0.3861981810844
"Kumbungu",1994,0.372338412547792
"Kumbungu",1995,0.359304850140251
"Kumbungu",1996,0.346972467392669
"Kumbungu",1997,0.335339146783025
"Kumbungu",1998,0.324163304111224
"Kumbungu",1999,0.313390009778151
"Kumbungu",2000,0.334676287714494
"Kumbungu",2001,0.357096587494739
"Kumbungu",2002,0.368348847793652
"Kumbungu",2003,0.385778950185895
"Kumbungu",2004,0.405909377409752
"Kumbungu",2005,0.425126957548869
"Kumbungu",2006,0.443806053886247
"Kumbungu",2007,0.461623215796181
"Kumbungu",2008,0.47855915372255
"Kumbungu",2009,0.494768282853381
"Kumbungu",2010,0.51039345251718
"Kumbungu",2011,0.525591830048637
"Kumbungu",2012,0.540340520277182
"Kumbungu",2013,0.554575985489384
"Kumbungu",2014,0.568260036993675
"Kumbungu",2015,0.581264271999575
"Kumbungu",2016,0.58974817097231
"Kumbungu",2017,0.594060968061143
"Kumbungu",2018,0.605317512249749
"Kumbungu",2019,0.616070069295468
"Kumbungu",2020,0.820591538396611
"Kumbungu",2021,0.825324385125685
"Kumbungu",2022,0.829870120979163
"Kumbungu",2023,0.83422923459341
"Kumbungu",2024,0.838434335627772
"Kumbungu",2025,0.842474247950936
"Kwabre East",1970,0
"Kwabre East",1971,0
"Kwabre East",1972,0
"Kwabre East",1973,0
"Kwabre East",1974,0
"Kwabre East",1975,0
"Kwabre East",1976,0
"Kwabre East",1977,0
"Kwabre East",1978,0
"Kwabre East",1979,0
"Kwabre East",1980,0.26191485
"Kwabre East",1981,0.251582535008228
"Kwabre East",1982,0.24166444403397
"Kwabre East",1983,0.231837929859814
"Kwabre East",1984,0.222329242252652
"Kwabre East",1985,0.213434718231857
"Kwabre East",1986,0.20494539450948
"Kwabre East",1987,0.196851992605747
"Kwabre East",1988,0.189159616244797
"Kwabre East",1989,0.181886245353685
"Kwabre East",1990,0.337015379398075
"Kwabre East",1991,0.324343529771473
"Kwabre East",1992,0.31230599501474
"Kwabre East",1993,0.300903154603337
"Kwabre East",1994,0.290104429288196
"Kwabre East",1995,0.279949435722104
"Kwabre East",1996,0.270340760554076
"Kwabre East",1997,0.261276753934146
"Kwabre East",1998,0.252569187508398
"Kwabre East",1999,0.244175263328876
"Kwabre East",2000,0.269378945307895
"Kwabre East",2001,0.293999656654083
"Kwabre East",2002,0.317635429248718
"Kwabre East",2003,0.340255658850343
"Kwabre East",2004,0.361878062462014
"Kwabre East",2005,0.382519962884036
"Kwabre East",2006,0.402583469515898
"Kwabre East",2007,0.421721159031722
"Kwabre East",2008,0.439912312220571
"Kwabre East",2009,0.457322788827105
"Kwabre East",2010,0.474106025527174
"Kwabre East",2011,0.490430838188787
"Kwabre East",2012,0.506272634754693
"Kwabre East",2013,0.521563168382978
"Kwabre East",2014,0.536261420008658
"Kwabre East",2015,0.542421391236634
"Kwabre East",2016,0.546007625502846
"Kwabre East",2017,0.552221105135061
"Kwabre East",2018,0.557358667429636
"Kwabre East",2019,0.563701871251775
"Kwabre East",2020,0.56902190763815
"Kwabre East",2021,0.577132107634832
"Kwabre East",2022,0.588136767563993
"Kwabre East",2023,0.593676908904589
"Kwabre East",2024,0.603984092119071
"Kwabre East",2025,0.613886378923841
"Kwadaso",1970,0
"Kwadaso",1971,0
"Kwadaso",1972,0
"Kwadaso",1973,0
"Kwadaso",1974,0
"Kwadaso",1975,0
"Kwadaso",1976,0
"Kwadaso",1977,0
"Kwadaso",1978,0
"Kwadaso",1979,0
"Kwadaso",1980,0
"Kwadaso",1981,0
"Kwadaso",1982,0
"Kwadaso",1983,0
"Kwadaso",1984,0
"Kwadaso",1985,0
"Kwadaso",1986,0
"Kwadaso",1987,0
"Kwadaso",1988,0
"Kwadaso",1989,0
"Kwadaso",1990,0
"Kwadaso",1991,0
"Kwadaso",1992,0
"Kwadaso",1993,0
"Kwadaso",1994,0
"Kwadaso",1995,0
"Kwadaso",1996,0
"Kwadaso",1997,0
"Kwadaso",1998,0
"Kwadaso",1999,0
"Kwadaso",2000,0.0214004990247017
"Kwadaso",2001,0.0498241483998988
"Kwadaso",2002,0.0740578632747635
"Kwadaso",2003,0.0948961849868221
"Kwadaso",2004,0.115360604707703
"Kwadaso",2005,0.124794948151814
"Kwadaso",2006,0.133397560972586
"Kwadaso",2007,0.143117844855338
"Kwadaso",2008,0.151202749355208
"Kwadaso",2009,0.177105985599824
"Kwadaso",2010,0.2025554143549
"Kwadaso",2011,0.224279047869876
"Kwadaso",2012,0.244500145400479
"Kwadaso",2013,0.2672545331666
"Kwadaso",2014,0.289765503345657
"Kwadaso",2015,0.31115814033825
"Kwadaso",2016,0.321414179278174
"Kwadaso",2017,0.34101424715832
"Kwadaso",2018,0.359287686426022
"Kwadaso",2019,0.376742972422797
"Kwadaso",2020,0.39344258622257
"Kwadaso",2021,0.409443744953524
"Kwadaso",2022,0.424812305379042
"Kwadaso",2023,0.439549919517136
"Kwadaso",2024,0.453766836519157
"Kwadaso",2025,0.461632252180042
"Kwaebibirem",1970,0
"Kwaebibirem",1971,0
"Kwaebibirem",1972,0
"Kwaebibirem",1973,0
"Kwaebibirem",1974,0
"Kwaebibirem",1975,0
"Kwaebibirem",1976,0
"Kwaebibirem",1977,0
"Kwaebibirem",1978,0
"Kwaebibirem",1979,0
"Kwaebibirem",1980,0.971988664
"Kwaebibirem",1981,0.933644549319678
"Kwaebibirem",1982,0.896837655798749
"Kwaebibirem",1983,0.8603706117044
"Kwaebibirem",1984,0.825083049492182
"Kwaebibirem",1985,0.79207470147416
"Kwaebibirem",1986,0.760570086813414
"Kwaebibirem",1987,0.730534772268918
"Kwaebibirem",1988,0.701987698202422
"Kwaebibirem",1989,0.674995589678493
"Kwaebibirem",1990,0.887797469340292
"Kwaebibirem",1991,0.854416096506653
"Kwaebibirem",1992,0.822705695298226
"Kwaebibirem",1993,0.792667265364804
"Kwaebibirem",1994,0.764220251985159
"Kwaebibirem",1995,0.737469017055625
"Kwaebibirem",1996,0.712156945205599
"Kwaebibirem",1997,0.688279690245811
"Kwaebibirem",1998,0.665341403421339
"Kwaebibirem",1999,0.643229342370226
"Kwaebibirem",2000,0.655126193264455
"Kwaebibirem",2001,0.666747865528027
"Kwaebibirem",2002,0.677904618837419
"Kwaebibirem",2003,0.688582007124883
"Kwaebibirem",2004,0.698788393317069
"Kwaebibirem",2005,0.708531954265772
"Kwaebibirem",2006,0.718002496983036
"Kwaebibirem",2007,0.727036027830606
"Kwaebibirem",2008,0.735622766754783
"Kwaebibirem",2009,0.74384100424714
"Kwaebibirem",2010,0.751763166759326
"Kwaebibirem",2011,0.759468940156765
"Kwaebibirem",2012,0.766946716292735
"Kwaebibirem",2013,0.774164280727183
"Kwaebibirem",2014,0.781102271301026
"Kwaebibirem",2015,0.787695586143686
"Kwaebibirem",2016,0.794010183622109
"Kwaebibirem",2017,0.79904327284896
"Kwaebibirem",2018,0.804615731029118
"Kwaebibirem",2019,0.809938694583749
"Kwaebibirem",2020,0.945184411455084
"Kwaebibirem",2021,0.946630462419618
"Kwaebibirem",2022,0.948019344437507
"Kwaebibirem",2023,0.94935120680433
"Kwaebibirem",2024,0.950636012916758
"Kwaebibirem",2025,0.951870348074002
"Kwahu East",1970,0
"Kwahu East",1971,0
"Kwahu East",1972,0
"Kwahu East",1973,0
"Kwahu East",1974,0
"Kwahu East",1975,0
"Kwahu East",1976,0
"Kwahu East",1977,0
"Kwahu East",1978,0
"Kwahu East",1979,0
"Kwahu East",1980,0.971988664
"Kwahu East",1981,0.933644549319678
"Kwahu East",1982,0.896837655798749
"Kwahu East",1983,0.8603706117044
"Kwahu East",1984,0.825083049492182
"Kwahu East",1985,0.79207470147416
"Kwahu East",1986,0.760570086813414
"Kwahu East",1987,0.730534772268919
"Kwahu East",1988,0.701987698202423
"Kwahu East",1989,0.674995589678493
"Kwahu East",1990,0.887797469340292
"Kwahu East",1991,0.854416096506653
"Kwahu East",1992,0.822705695298226
"Kwahu East",1993,0.792667265364804
"Kwahu East",1994,0.764220251985159
"Kwahu East",1995,0.737469017055625
"Kwahu East",1996,0.712156945205599
"Kwahu East",1997,0.688279690245811
"Kwahu East",1998,0.665341403421339
"Kwahu East",1999,0.643229342370226
"Kwahu East",2000,0.653974832082489
"Kwahu East",2001,0.659362216265187
"Kwahu East",2002,0.668986972900086
"Kwahu East",2003,0.679959979112711
"Kwahu East",2004,0.690448942900493
"Kwahu East",2005,0.700462267502422
"Kwahu East",2006,0.710195014994191
"Kwahu East",2007,0.719478651352035
"Kwahu East",2008,0.728303125748251
"Kwahu East",2009,0.736748896252478
"Kwahu East",2010,0.744890394540567
"Kwahu East",2011,0.752809512688818
"Kwahu East",2012,0.760494321163279
"Kwahu East",2013,0.767911713623586
"Kwahu East",2014,0.775041791843116
"Kwahu East",2015,0.781817651518018
"Kwahu East",2016,0.788307077161769
"Kwahu East",2017,0.794421551603575
"Kwahu East",2018,0.800122168461104
"Kwahu East",2019,0.805567552668667
"Kwahu East",2020,0.94392373024402
"Kwahu East",2021,0.94540303834087
"Kwahu East",2022,0.946823862685948
"Kwahu East",2023,0.948186356008419
"Kwahu East",2024,0.949500710849025
"Kwahu East",2025,0.950763433973674
"Kwahu North",1970,0
"Kwahu North",1971,0
"Kwahu North",1972,0
"Kwahu North",1973,0
"Kwahu North",1974,0
"Kwahu North",1975,0
"Kwahu North",1976,0
"Kwahu North",1977,0
"Kwahu North",1978,0
"Kwahu North",1979,0
"Kwahu North",1980,0.971988664
"Kwahu North",1981,0.933644549319678
"Kwahu North",1982,0.896837655798749
"Kwahu North",1983,0.8603706117044
"Kwahu North",1984,0.825083049492182
"Kwahu North",1985,0.79207470147416
"Kwahu North",1986,0.760570086813414
"Kwahu North",1987,0.730534772268919
"Kwahu North",1988,0.701987698202423
"Kwahu North",1989,0.674995589678493
"Kwahu North",1990,0.887797469340292
"Kwahu North",1991,0.854416096506653
"Kwahu North",1992,0.822705695298226
"Kwahu North",1993,0.792667265364804
"Kwahu North",1994,0.764220251985159
"Kwahu North",1995,0.737469017055625
"Kwahu North",1996,0.712156945205599
"Kwahu North",1997,0.68827969024581
"Kwahu North",1998,0.665341403421339
"Kwahu North",1999,0.643229342370226
"Kwahu North",2000,0.643123218822069
"Kwahu North",2001,0.651279672345525
"Kwahu North",2002,0.655212604828983
"Kwahu North",2003,0.662393494149364
"Kwahu North",2004,0.671588988528796
"Kwahu North",2005,0.679632518774275
"Kwahu North",2006,0.686593289709178
"Kwahu North",2007,0.69663298564605
"Kwahu North",2008,0.705333328473601
"Kwahu North",2009,0.712319179779946
"Kwahu North",2010,0.717804474420075
"Kwahu North",2011,0.719969772793951
"Kwahu North",2012,0.72252290680499
"Kwahu North",2013,0.73111625836546
"Kwahu North",2014,0.739376744664646
"Kwahu North",2015,0.74722685433896
"Kwahu North",2016,0.754745118510728
"Kwahu North",2017,0.761828986428884
"Kwahu North",2018,0.768433383463343
"Kwahu North",2019,0.774742083067391
"Kwahu North",2020,0.780777667187059
"Kwahu North",2021,0.786560815270048
"Kwahu North",2022,0.792115329306035
"Kwahu North",2023,0.797441806368329
"Kwahu North",2024,0.802580092769251
"Kwahu North",2025,0.807516532198744
"Kwahu South",1970,0
"Kwahu South",1971,0
"Kwahu South",1972,0
"Kwahu South",1973,0
"Kwahu South",1974,0
"Kwahu South",1975,0
"Kwahu South",1976,0
"Kwahu South",1977,0
"Kwahu South",1978,0
"Kwahu South",1979,0
"Kwahu South",1980,0.971988664
"Kwahu South",1981,0.933644549319678
"Kwahu South",1982,0.896837655798749
"Kwahu South",1983,0.8603706117044
"Kwahu South",1984,0.825083049492182
"Kwahu South",1985,0.79207470147416
"Kwahu South",1986,0.760570086813414
"Kwahu South",1987,0.730534772268919
"Kwahu South",1988,0.701987698202423
"Kwahu South",1989,0.674995589678493
"Kwahu South",1990,0.887797469340292
"Kwahu South",1991,0.854416096506653
"Kwahu South",1992,0.822705695298226
"Kwahu South",1993,0.792667265364804
"Kwahu South",1994,0.764220251985159
"Kwahu South",1995,0.737469017055625
"Kwahu South",1996,0.712156945205599
"Kwahu South",1997,0.688279690245811
"Kwahu South",1998,0.665341403421339
"Kwahu South",1999,0.643229342370226
"Kwahu South",2000,0.653974832082489
"Kwahu South",2001,0.659362216265187
"Kwahu South",2002,0.668986972900087
"Kwahu South",2003,0.679959979112711
"Kwahu South",2004,0.690448942900493
"Kwahu South",2005,0.700462267502422
"Kwahu South",2006,0.710195014994191
"Kwahu South",2007,0.719478651352035
"Kwahu South",2008,0.728303125748251
"Kwahu South",2009,0.736748896252478
"Kwahu South",2010,0.744890394540567
"Kwahu South",2011,0.752809512688818
"Kwahu South",2012,0.760494321163279
"Kwahu South",2013,0.767911713623587
"Kwahu South",2014,0.775041791843116
"Kwahu South",2015,0.781817651518018
"Kwahu South",2016,0.788307077161769
"Kwahu South",2017,0.794421551603575
"Kwahu South",2018,0.800122168461104
"Kwahu South",2019,0.802457825486477
"Kwahu South",2020,0.942176577516314
"Kwahu South",2021,0.943701976003765
"Kwahu South",2022,0.942601093452786
"Kwahu South",2023,0.939606523051569
"Kwahu South",2024,0.93778502552389
"Kwahu South",2025,0.935551759459689
"Kwahu West",1970,0
"Kwahu West",1971,0
"Kwahu West",1972,0
"Kwahu West",1973,0
"Kwahu West",1974,0
"Kwahu West",1975,0
"Kwahu West",1976,0
"Kwahu West",1977,0
"Kwahu West",1978,0
"Kwahu West",1979,0
"Kwahu West",1980,0.971988664
"Kwahu West",1981,0.933644549319678
"Kwahu West",1982,0.896837655798749
"Kwahu West",1983,0.8603706117044
"Kwahu West",1984,0.825083049492182
"Kwahu West",1985,0.79207470147416
"Kwahu West",1986,0.760570086813414
"Kwahu West",1987,0.730534772268919
"Kwahu West",1988,0.701987698202423
"Kwahu West",1989,0.674995589678493
"Kwahu West",1990,0.887797469340292
"Kwahu West",1991,0.854416096506653
"Kwahu West",1992,0.822705695298226
"Kwahu West",1993,0.792667265364804
"Kwahu West",1994,0.764220251985159
"Kwahu West",1995,0.737469017055625
"Kwahu West",1996,0.712156945205599
"Kwahu West",1997,0.688279690245811
"Kwahu West",1998,0.665341403421339
"Kwahu West",1999,0.643229342370226
"Kwahu West",2000,0.653974832082489
"Kwahu West",2001,0.659362216265187
"Kwahu West",2002,0.668986972900086
"Kwahu West",2003,0.679959979112712
"Kwahu West",2004,0.690448942900493
"Kwahu West",2005,0.700462267502422
"Kwahu West",2006,0.710195014994191
"Kwahu West",2007,0.719478651352035
"Kwahu West",2008,0.728303125748251
"Kwahu West",2009,0.736748896252478
"Kwahu West",2010,0.744890394540567
"Kwahu West",2011,0.752809512688818
"Kwahu West",2012,0.760494321163279
"Kwahu West",2013,0.767911713623586
"Kwahu West",2014,0.775041791843116
"Kwahu West",2015,0.779534992777109
"Kwahu West",2016,0.782919106615489
"Kwahu West",2017,0.788064534075486
"Kwahu West",2018,0.793941428755748
"Kwahu West",2019,0.799555198332131
"Kwahu West",2020,0.942189706894154
"Kwahu West",2021,0.943714759024848
"Kwahu West",2022,0.945179518934848
"Kwahu West",2023,0.946584144076099
"Kwahu West",2024,0.947939142169074
"Kwahu West",2025,0.949240911959845
"La-Dade-Kotopon",1970,0
"La-Dade-Kotopon",1971,0
"La-Dade-Kotopon",1972,0
"La-Dade-Kotopon",1973,0
"La-Dade-Kotopon",1974,0
"La-Dade-Kotopon",1975,0
"La-Dade-Kotopon",1976,0
"La-Dade-Kotopon",1977,0
"La-Dade-Kotopon",1978,0
"La-Dade-Kotopon",1979,0
"La-Dade-Kotopon",1980,0.26191485
"La-Dade-Kotopon",1981,0.251582535008228
"La-Dade-Kotopon",1982,0.24166444403397
"La-Dade-Kotopon",1983,0.231837929859814
"La-Dade-Kotopon",1984,0.222329242252652
"La-Dade-Kotopon",1985,0.213434718231857
"La-Dade-Kotopon",1986,0.20494539450948
"La-Dade-Kotopon",1987,0.196851992605747
"La-Dade-Kotopon",1988,0.189159616244797
"La-Dade-Kotopon",1989,0.181886245353685
"La-Dade-Kotopon",1990,0.337015379398075
"La-Dade-Kotopon",1991,0.324343529771473
"La-Dade-Kotopon",1992,0.31230599501474
"La-Dade-Kotopon",1993,0.300903154603337
"La-Dade-Kotopon",1994,0.290104429288196
"La-Dade-Kotopon",1995,0.279949435722104
"La-Dade-Kotopon",1996,0.270340760554076
"La-Dade-Kotopon",1997,0.261276753934146
"La-Dade-Kotopon",1998,0.252569187508399
"La-Dade-Kotopon",1999,0.244175263328876
"La-Dade-Kotopon",2000,0.247708240376471
"La-Dade-Kotopon",2001,0.25412198666356
"La-Dade-Kotopon",2002,0.276162677389073
"La-Dade-Kotopon",2003,0.29456787379296
"La-Dade-Kotopon",2004,0.313704197195823
"La-Dade-Kotopon",2005,0.334013272674231
"La-Dade-Kotopon",2006,0.352459535549263
"La-Dade-Kotopon",2007,0.372233818173846
"La-Dade-Kotopon",2008,0.389885299398638
"La-Dade-Kotopon",2009,0.407308002955122
"La-Dade-Kotopon",2010,0.422495115330539
"La-Dade-Kotopon",2011,0.433993394775423
"La-Dade-Kotopon",2012,0.445125762136378
"La-Dade-Kotopon",2013,0.444140773731487
"La-Dade-Kotopon",2014,0.444743820448245
"La-Dade-Kotopon",2015,0.461468428930372
"La-Dade-Kotopon",2016,0.47748604269053
"La-Dade-Kotopon",2017,0.49257817800909
"La-Dade-Kotopon",2018,0.506648803674778
"La-Dade-Kotopon",2019,0.520089447855114
"La-Dade-Kotopon",2020,0.742514512701141
"La-Dade-Kotopon",2021,0.749307053785632
"La-Dade-Kotopon",2022,0.75583105494424
"La-Dade-Kotopon",2023,0.762087217463692
"La-Dade-Kotopon",2024,0.768122342447748
"La-Dade-Kotopon",2025,0.773920390008482
"La-Nkwantanang-Madina",1970,0
"La-Nkwantanang-Madina",1971,0
"La-Nkwantanang-Madina",1972,0
"La-Nkwantanang-Madina",1973,0
"La-Nkwantanang-Madina",1974,0
"La-Nkwantanang-Madina",1975,0
"La-Nkwantanang-Madina",1976,0
"La-Nkwantanang-Madina",1977,0
"La-Nkwantanang-Madina",1978,0
"La-Nkwantanang-Madina",1979,0
"La-Nkwantanang-Madina",1980,0
"La-Nkwantanang-Madina",1981,0
"La-Nkwantanang-Madina",1982,0
"La-Nkwantanang-Madina",1983,0
"La-Nkwantanang-Madina",1984,0
"La-Nkwantanang-Madina",1985,0
"La-Nkwantanang-Madina",1986,0
"La-Nkwantanang-Madina",1987,0
"La-Nkwantanang-Madina",1988,0
"La-Nkwantanang-Madina",1989,0
"La-Nkwantanang-Madina",1990,0
"La-Nkwantanang-Madina",1991,0
"La-Nkwantanang-Madina",1992,0
"La-Nkwantanang-Madina",1993,0
"La-Nkwantanang-Madina",1994,0
"La-Nkwantanang-Madina",1995,0
"La-Nkwantanang-Madina",1996,0
"La-Nkwantanang-Madina",1997,0
"La-Nkwantanang-Madina",1998,0
"La-Nkwantanang-Madina",1999,0
"La-Nkwantanang-Madina",2000,0.0131854724905023
"La-Nkwantanang-Madina",2001,0.0287636869102135
"La-Nkwantanang-Madina",2002,0.0444640478191923
"La-Nkwantanang-Madina",2003,0.0634412443448364
"La-Nkwantanang-Madina",2004,0.0819563133996319
"La-Nkwantanang-Madina",2005,0.109031173462345
"La-Nkwantanang-Madina",2006,0.134401284807132
"La-Nkwantanang-Madina",2007,0.162129944145088
"La-Nkwantanang-Madina",2008,0.188487163981949
"La-Nkwantanang-Madina",2009,0.213713259030406
"La-Nkwantanang-Madina",2010,0.238030544179154
"La-Nkwantanang-Madina",2011,0.261683617277426
"La-Nkwantanang-Madina",2012,0.284636846815087
"La-Nkwantanang-Madina",2013,0.306791349725363
"La-Nkwantanang-Madina",2014,0.328087693354255
"La-Nkwantanang-Madina",2015,0.341857602735882
"La-Nkwantanang-Madina",2016,0.351803105228602
"La-Nkwantanang-Madina",2017,0.360624691694608
"La-Nkwantanang-Madina",2018,0.641055504750157
"La-Nkwantanang-Madina",2019,0.64813247787784
"La-Nkwantanang-Madina",2020,0.653089138258542
"La-Nkwantanang-Madina",2021,0.657406269812123
"La-Nkwantanang-Madina",2022,0.661018649951571
"La-Nkwantanang-Madina",2023,0.669704121465901
"La-Nkwantanang-Madina",2024,0.678082725118136
"La-Nkwantanang-Madina",2025,0.686132192626519
"Lambussie",1970,0.915461313544121
"Lambussie",1971,0.875138123606189
"Lambussie",1972,0.838569290034116
"Lambussie",1973,0.803187176539937
"Lambussie",1974,0.769332831767938
"Lambussie",1975,0.737242082946285
"Lambussie",1976,0.706772256376848
"Lambussie",1977,0.678016799090235
"Lambussie",1978,0.649568735683206
"Lambussie",1979,0.622301686546963
"Lambussie",1980,0.928503899425421
"Lambussie",1981,0.891875221212056
"Lambussie",1982,0.856714992059508
"Lambussie",1983,0.821879408172367
"Lambussie",1984,0.788170538584911
"Lambussie",1985,0.756638915857751
"Lambussie",1986,0.726543752564367
"Lambussie",1987,0.697852155935795
"Lambussie",1988,0.670582218981131
"Lambussie",1989,0.644797681623417
"Lambussie",1990,0.837860166451137
"Lambussie",1991,0.806356446780091
"Lambussie",1992,0.776429709036101
"Lambussie",1993,0.748080896640128
"Lambussie",1994,0.721233985955624
"Lambussie",1995,0.695987468675633
"Lambussie",1996,0.672099163667008
"Lambussie",1997,0.64956496920724
"Lambussie",1998,0.627916927305141
"Lambussie",1999,0.607048637190921
"Lambussie",2000,0.620151967501439
"Lambussie",2001,0.632408371441426
"Lambussie",2002,0.644714756590087
"Lambussie",2003,0.656492381227241
"Lambussie",2004,0.667750470025465
"Lambussie",2005,0.678498042408666
"Lambussie",2006,0.687178175773765
"Lambussie",2007,0.69559364235099
"Lambussie",2008,0.701714722757457
"Lambussie",2009,0.710907732528565
"Lambussie",2010,0.715419731574566
"Lambussie",2011,0.716135820855117
"Lambussie",2012,0.716817554920281
"Lambussie",2013,0.714231249975081
"Lambussie",2014,0.715109744524242
"Lambussie",2015,0.723690789019868
"Lambussie",2016,0.731909089408578
"Lambussie",2017,0.737200367591357
"Lambussie",2018,0.74448770741879
"Lambussie",2019,0.75144877254616
"Lambussie",2020,0.758108480057319
"Lambussie",2021,0.764489647805595
"Lambussie",2022,0.770618539079891
"Lambussie",2023,0.776495812695246
"Lambussie",2024,0.782165435363117
"Lambussie",2025,0.787612338611446
"Lawra",1970,0.91546131354412
"Lawra",1971,0.875138123606189
"Lawra",1972,0.838569290034116
"Lawra",1973,0.803187176539936
"Lawra",1974,0.769332831767937
"Lawra",1975,0.737242082946284
"Lawra",1976,0.706772256376847
"Lawra",1977,0.678016799090234
"Lawra",1978,0.649568735683205
"Lawra",1979,0.622301686546962
"Lawra",1980,0.928503899425421
"Lawra",1981,0.891875221212056
"Lawra",1982,0.856714992059508
"Lawra",1983,0.821879408172367
"Lawra",1984,0.788170538584911
"Lawra",1985,0.756638915857751
"Lawra",1986,0.726543752564367
"Lawra",1987,0.697852155935795
"Lawra",1988,0.670582218981131
"Lawra",1989,0.644797681623417
"Lawra",1990,0.837860166451137
"Lawra",1991,0.806356446780091
"Lawra",1992,0.776429709036101
"Lawra",1993,0.748080896640128
"Lawra",1994,0.721233985955624
"Lawra",1995,0.695987468675632
"Lawra",1996,0.672099163667008
"Lawra",1997,0.649564969207239
"Lawra",1998,0.627916927305141
"Lawra",1999,0.607048637190921
"Lawra",2000,0.620151967501439
"Lawra",2001,0.624083665788436
"Lawra",2002,0.632675194717639
"Lawra",2003,0.643603931935853
"Lawra",2004,0.655284425649322
"Lawra",2005,0.666435248307324
"Lawra",2006,0.677273620733095
"Lawra",2007,0.687611863700646
"Lawra",2008,0.697438784623925
"Lawra",2009,0.706471202706737
"Lawra",2010,0.711074191245428
"Lawra",2011,0.710701618425348
"Lawra",2012,0.713723955075913
"Lawra",2013,0.710841244957949
"Lawra",2014,0.709654261054832
"Lawra",2015,0.712157358222858
"Lawra",2016,0.714716363783879
"Lawra",2017,0.71333271947004
"Lawra",2018,0.719007335992568
"Lawra",2019,0.723202232709102
"Lawra",2020,0.726672169620665
"Lawra",2021,0.730881020031429
"Lawra",2022,0.7348587751207
"Lawra",2023,0.737028870299319
"Lawra",2024,0.740113298546608
"Lawra",2025,0.741954327179991
"Ledzokuku",1970,0
"Ledzokuku",1971,0
"Ledzokuku",1972,0
"Ledzokuku",1973,0
"Ledzokuku",1974,0
"Ledzokuku",1975,0
"Ledzokuku",1976,0
"Ledzokuku",1977,0
"Ledzokuku",1978,0
"Ledzokuku",1979,0
"Ledzokuku",1980,0.26191485
"Ledzokuku",1981,0.251582535008228
"Ledzokuku",1982,0.24166444403397
"Ledzokuku",1983,0.231837929859814
"Ledzokuku",1984,0.222329242252652
"Ledzokuku",1985,0.213434718231857
"Ledzokuku",1986,0.20494539450948
"Ledzokuku",1987,0.196851992605747
"Ledzokuku",1988,0.189159616244797
"Ledzokuku",1989,0.181886245353685
"Ledzokuku",1990,0.337015379398074
"Ledzokuku",1991,0.324343529771473
"Ledzokuku",1992,0.31230599501474
"Ledzokuku",1993,0.300903154603337
"Ledzokuku",1994,0.290104429288196
"Ledzokuku",1995,0.279949435722104
"Ledzokuku",1996,0.270340760554076
"Ledzokuku",1997,0.261276753934146
"Ledzokuku",1998,0.252569187508398
"Ledzokuku",1999,0.244175263328876
"Ledzokuku",2000,0.263552297205759
"Ledzokuku",2001,0.286098128077453
"Ledzokuku",2002,0.307068308265633
"Ledzokuku",2003,0.32444899006783
"Ledzokuku",2004,0.342605992366798
"Ledzokuku",2005,0.361980155655479
"Ledzokuku",2006,0.379517702930914
"Ledzokuku",2007,0.398425202030445
"Ledzokuku",2008,0.415252770218465
"Ledzokuku",2009,0.433429795328962
"Ledzokuku",2010,0.450951964412954
"Ledzokuku",2011,0.467995525963873
"Ledzokuku",2012,0.484534805185315
"Ledzokuku",2013,0.500498550463255
"Ledzokuku",2014,0.515843936745221
"Ledzokuku",2015,0.53042697228878
"Ledzokuku",2016,0.543636208369972
"Ledzokuku",2017,0.55570534057427
"Ledzokuku",2018,0.568025472596806
"Ledzokuku",2019,0.579793997657741
"Ledzokuku",2020,0.591053041110072
"Ledzokuku",2021,0.601841179302938
"Ledzokuku",2022,0.612202813512289
"Ledzokuku",2023,0.622139057544875
"Ledzokuku",2024,0.631724242460116
"Ledzokuku",2025,0.640932893178007
"Lower-Manya Krobo",1970,0
"Lower-Manya Krobo",1971,0
"Lower-Manya Krobo",1972,0
"Lower-Manya Krobo",1973,0
"Lower-Manya Krobo",1974,0
"Lower-Manya Krobo",1975,0
"Lower-Manya Krobo",1976,0
"Lower-Manya Krobo",1977,0
"Lower-Manya Krobo",1978,0
"Lower-Manya Krobo",1979,0
"Lower-Manya Krobo",1980,0
"Lower-Manya Krobo",1981,0
"Lower-Manya Krobo",1982,0
"Lower-Manya Krobo",1983,0
"Lower-Manya Krobo",1984,0
"Lower-Manya Krobo",1985,0
"Lower-Manya Krobo",1986,0
"Lower-Manya Krobo",1987,0
"Lower-Manya Krobo",1988,0
"Lower-Manya Krobo",1989,0
"Lower-Manya Krobo",1990,0
"Lower-Manya Krobo",1991,0
"Lower-Manya Krobo",1992,0
"Lower-Manya Krobo",1993,0
"Lower-Manya Krobo",1994,0
"Lower-Manya Krobo",1995,0
"Lower-Manya Krobo",1996,0
"Lower-Manya Krobo",1997,0
"Lower-Manya Krobo",1998,0
"Lower-Manya Krobo",1999,0
"Lower-Manya Krobo",2000,0.032035773133831
"Lower-Manya Krobo",2001,0.0532778028469309
"Lower-Manya Krobo",2002,0.0821266636706373
"Lower-Manya Krobo",2003,0.112520703629247
"Lower-Manya Krobo",2004,0.136899242764614
"Lower-Manya Krobo",2005,0.164818734067111
"Lower-Manya Krobo",2006,0.191955910754015
"Lower-Manya Krobo",2007,0.217840860543663
"Lower-Manya Krobo",2008,0.242445559377333
"Lower-Manya Krobo",2009,0.2659943431739
"Lower-Manya Krobo",2010,0.288694744856655
"Lower-Manya Krobo",2011,0.310775098690479
"Lower-Manya Krobo",2012,0.332202142344166
"Lower-Manya Krobo",2013,0.352883567596563
"Lower-Manya Krobo",2014,0.372763893537254
"Lower-Manya Krobo",2015,0.389859568349194
"Lower-Manya Krobo",2016,0.403168599793054
"Lower-Manya Krobo",2017,0.420407297684819
"Lower-Manya Krobo",2018,0.436479196053013
"Lower-Manya Krobo",2019,0.45183151032829
"Lower-Manya Krobo",2020,0.466519194012031
"Lower-Manya Krobo",2021,0.480592570847653
"Lower-Manya Krobo",2022,0.494109563330889
"Lower-Manya Krobo",2023,0.507071624448511
"Lower-Manya Krobo",2024,0.519575720793932
"Lower-Manya Krobo",2025,0.531588619533605
"Mamprugu-Moagduri",1970,0
"Mamprugu-Moagduri",1971,0
"Mamprugu-Moagduri",1972,0
"Mamprugu-Moagduri",1973,0
"Mamprugu-Moagduri",1974,0
"Mamprugu-Moagduri",1975,0
"Mamprugu-Moagduri",1976,0
"Mamprugu-Moagduri",1977,0
"Mamprugu-Moagduri",1978,0
"Mamprugu-Moagduri",1979,0
"Mamprugu-Moagduri",1980,0.26191485
"Mamprugu-Moagduri",1981,0.251582535008228
"Mamprugu-Moagduri",1982,0.24166444403397
"Mamprugu-Moagduri",1983,0.231837929859814
"Mamprugu-Moagduri",1984,0.222329242252652
"Mamprugu-Moagduri",1985,0.213434718231857
"Mamprugu-Moagduri",1986,0.20494539450948
"Mamprugu-Moagduri",1987,0.196851992605747
"Mamprugu-Moagduri",1988,0.189159616244797
"Mamprugu-Moagduri",1989,0.181886245353685
"Mamprugu-Moagduri",1990,0.432546899325734
"Mamprugu-Moagduri",1991,0.416283044321556
"Mamprugu-Moagduri",1992,0.400833309226825
"Mamprugu-Moagduri",1993,0.3861981810844
"Mamprugu-Moagduri",1994,0.372338412547792
"Mamprugu-Moagduri",1995,0.359304850140251
"Mamprugu-Moagduri",1996,0.346972467392669
"Mamprugu-Moagduri",1997,0.335339146783024
"Mamprugu-Moagduri",1998,0.324163304111224
"Mamprugu-Moagduri",1999,0.313390009778151
"Mamprugu-Moagduri",2000,0.316478467900462
"Mamprugu-Moagduri",2001,0.323269181713888
"Mamprugu-Moagduri",2002,0.323192208117863
"Mamprugu-Moagduri",2003,0.323465553538465
"Mamprugu-Moagduri",2004,0.32679150949585
"Mamprugu-Moagduri",2005,0.344622288213504
"Mamprugu-Moagduri",2006,0.365593355941748
"Mamprugu-Moagduri",2007,0.385915989751235
"Mamprugu-Moagduri",2008,0.405233480743216
"Mamprugu-Moagduri",2009,0.423721958165252
"Mamprugu-Moagduri",2010,0.441544358999554
"Mamprugu-Moagduri",2011,0.458879951650701
"Mamprugu-Moagduri",2012,0.475702621400206
"Mamprugu-Moagduri",2013,0.491939895780813
"Mamprugu-Moagduri",2014,0.507548215958722
"Mamprugu-Moagduri",2015,0.522381122980241
"Mamprugu-Moagduri",2016,0.53318924088568
"Mamprugu-Moagduri",2017,0.546672461852618
"Mamprugu-Moagduri",2018,0.559243072371876
"Mamprugu-Moagduri",2019,0.571250861302751
"Mamprugu-Moagduri",2020,0.781430404748332
"Mamprugu-Moagduri",2021,0.787196333427039
"Mamprugu-Moagduri",2022,0.792734308819818
"Mamprugu-Moagduri",2023,0.79804492622218
"Mamprugu-Moagduri",2024,0.80218799524739
"Mamprugu-Moagduri",2025,0.807134238985345
"Mfantsiman",1970,0
"Mfantsiman",1971,0
"Mfantsiman",1972,0
"Mfantsiman",1973,0
"Mfantsiman",1974,0
"Mfantsiman",1975,0
"Mfantsiman",1976,0
"Mfantsiman",1977,0
"Mfantsiman",1978,0
"Mfantsiman",1979,0
"Mfantsiman",1980,0.26191485
"Mfantsiman",1981,0.251582535008228
"Mfantsiman",1982,0.24166444403397
"Mfantsiman",1983,0.231837929859814
"Mfantsiman",1984,0.222329242252652
"Mfantsiman",1985,0.213434718231857
"Mfantsiman",1986,0.20494539450948
"Mfantsiman",1987,0.196851992605747
"Mfantsiman",1988,0.189159616244797
"Mfantsiman",1989,0.181886245353685
"Mfantsiman",1990,0.337015379398074
"Mfantsiman",1991,0.324343529771473
"Mfantsiman",1992,0.31230599501474
"Mfantsiman",1993,0.300903154603337
"Mfantsiman",1994,0.290104429288196
"Mfantsiman",1995,0.279949435722104
"Mfantsiman",1996,0.270340760554076
"Mfantsiman",1997,0.261276753934146
"Mfantsiman",1998,0.252569187508398
"Mfantsiman",1999,0.244175263328876
"Mfantsiman",2000,0.25595937055369
"Mfantsiman",2001,0.273310260790155
"Mfantsiman",2002,0.288555787637473
"Mfantsiman",2003,0.298238376847257
"Mfantsiman",2004,0.316168047035731
"Mfantsiman",2005,0.33630403259696
"Mfantsiman",2006,0.357869213077492
"Mfantsiman",2007,0.378439282704987
"Mfantsiman",2008,0.397991971517796
"Mfantsiman",2009,0.416705553204246
"Mfantsiman",2010,0.434744948566455
"Mfantsiman",2011,0.452219628272895
"Mfantsiman",2012,0.469249358213483
"Mfantsiman",2013,0.485686487503327
"Mfantsiman",2014,0.501486921168965
"Mfantsiman",2015,0.516502397580951
"Mfantsiman",2016,0.530883128935529
"Mfantsiman",2017,0.544432958943478
"Mfantsiman",2018,0.557065670077542
"Mfantsiman",2019,0.569132779204038
"Mfantsiman",2020,0.78981606225496
"Mfantsiman",2021,0.795360774880943
"Mfantsiman",2022,0.800686279893884
"Mfantsiman",2023,0.805793149750144
"Mfantsiman",2024,0.810719587924348
"Mfantsiman",2025,0.815452501147273
"Mion",1970,0
"Mion",1971,0
"Mion",1972,0
"Mion",1973,0
"Mion",1974,0
"Mion",1975,0
"Mion",1976,0
"Mion",1977,0
"Mion",1978,0
"Mion",1979,0
"Mion",1980,0.26191485
"Mion",1981,0.251582535008228
"Mion",1982,0.24166444403397
"Mion",1983,0.231837929859814
"Mion",1984,0.222329242252652
"Mion",1985,0.213434718231857
"Mion",1986,0.20494539450948
"Mion",1987,0.196851992605747
"Mion",1988,0.189159616244797
"Mion",1989,0.181886245353685
"Mion",1990,0.432546899325734
"Mion",1991,0.416283044321556
"Mion",1992,0.400833309226825
"Mion",1993,0.3861981810844
"Mion",1994,0.372338412547792
"Mion",1995,0.35930485014025
"Mion",1996,0.346972467392669
"Mion",1997,0.335339146783024
"Mion",1998,0.324163304111224
"Mion",1999,0.313390009778151
"Mion",2000,0.328193464120237
"Mion",2001,0.348186230155442
"Mion",2002,0.362640370577318
"Mion",2003,0.383768696657428
"Mion",2004,0.401639825302223
"Mion",2005,0.420995516457849
"Mion",2006,0.439808853889265
"Mion",2007,0.457754062427592
"Mion",2008,0.474811713888424
"Mion",2009,0.491137333195686
"Mion",2010,0.506874796293402
"Mion",2011,0.522182400031018
"Mion",2012,0.537037084697203
"Mion",2013,0.550376617305477
"Mion",2014,0.559574868869221
"Mion",2015,0.572840705711953
"Mion",2016,0.585545759524077
"Mion",2017,0.597516730620853
"Mion",2018,0.608677447749487
"Mion",2019,0.619338468182227
"Mion",2020,0.822118844212814
"Mion",2021,0.826811400175935
"Mion",2022,0.831318438139994
"Mion",2023,0.835640442581591
"Mion",2024,0.837866364712036
"Mion",2025,0.841920479017475
"Mpohor",1970,0
"Mpohor",1971,0
"Mpohor",1972,0
"Mpohor",1973,0
"Mpohor",1974,0
"Mpohor",1975,0
"Mpohor",1976,0
"Mpohor",1977,0
"Mpohor",1978,0
"Mpohor",1979,0
"Mpohor",1980,0.26191485
"Mpohor",1981,0.251582535008228
"Mpohor",1982,0.24166444403397
"Mpohor",1983,0.231837929859814
"Mpohor",1984,0.222329242252652
"Mpohor",1985,0.213434718231857
"Mpohor",1986,0.20494539450948
"Mpohor",1987,0.196851992605747
"Mpohor",1988,0.189159616244797
"Mpohor",1989,0.181886245353685
"Mpohor",1990,0.337015379398074
"Mpohor",1991,0.324343529771473
"Mpohor",1992,0.31230599501474
"Mpohor",1993,0.300903154603337
"Mpohor",1994,0.290104429288196
"Mpohor",1995,0.279949435722104
"Mpohor",1996,0.270340760554076
"Mpohor",1997,0.261276753934146
"Mpohor",1998,0.252569187508398
"Mpohor",1999,0.244175263328876
"Mpohor",2000,0.255429322523228
"Mpohor",2001,0.26873759858528
"Mpohor",2002,0.291624299376623
"Mpohor",2003,0.314080613464609
"Mpohor",2004,0.334799553542527
"Mpohor",2005,0.356317386684946
"Mpohor",2006,0.377232282073922
"Mpohor",2007,0.39718207358118
"Mpohor",2008,0.416145162782417
"Mpohor",2009,0.434294447629742
"Mpohor",2010,0.451789875837337
"Mpohor",2011,0.46880742692285
"Mpohor",2012,0.485321465272615
"Mpohor",2013,0.501260848010892
"Mpohor",2014,0.516582815441238
"Mpohor",2015,0.531143595569438
"Mpohor",2016,0.545088851889748
"Mpohor",2017,0.5582283680867
"Mpohor",2018,0.570478537458572
"Mpohor",2019,0.582180232293485
"Mpohor",2020,0.593375338726112
"Mpohor",2021,0.604102214041086
"Mpohor",2022,0.614405007371689
"Mpohor",2023,0.624284826199666
"Mpohor",2024,0.633815579478741
"Mpohor",2025,0.642971936794897
"Nabdam",1970,0
"Nabdam",1971,0
"Nabdam",1972,0
"Nabdam",1973,0
"Nabdam",1974,0
"Nabdam",1975,0
"Nabdam",1976,0
"Nabdam",1977,0
"Nabdam",1978,0
"Nabdam",1979,0
"Nabdam",1980,0
"Nabdam",1981,0
"Nabdam",1982,0
"Nabdam",1983,0
"Nabdam",1984,0
"Nabdam",1985,0
"Nabdam",1986,0
"Nabdam",1987,0
"Nabdam",1988,0
"Nabdam",1989,0
"Nabdam",1990,0
"Nabdam",1991,0
"Nabdam",1992,0
"Nabdam",1993,0
"Nabdam",1994,0
"Nabdam",1995,0
"Nabdam",1996,0
"Nabdam",1997,0
"Nabdam",1998,0
"Nabdam",1999,0
"Nabdam",2000,0.0333459342572246
"Nabdam",2001,0.0398740462192848
"Nabdam",2002,0.0720175415017636
"Nabdam",2003,0.0979271046096323
"Nabdam",2004,0.127491563165336
"Nabdam",2005,0.155715373084804
"Nabdam",2006,0.183148341266918
"Nabdam",2007,0.209315433450745
"Nabdam",2008,0.234188320119177
"Nabdam",2009,0.257993782421763
"Nabdam",2010,0.280941615362127
"Nabdam",2011,0.303262642017248
"Nabdam",2012,0.324923237501082
"Nabdam",2013,0.345830087445555
"Nabdam",2014,0.365927106205956
"Nabdam",2015,0.383825018781849
"Nabdam",2016,0.395112220597282
"Nabdam",2017,0.406642008687391
"Nabdam",2018,0.800688551720894
"Nabdam",2019,0.802986260499813
"Nabdam",2020,0.805990892689818
"Nabdam",2021,0.811108908644792
"Nabdam",2022,0.81602458623948
"Nabdam",2023,0.820738453876522
"Nabdam",2024,0.82528577505934
"Nabdam",2025,0.829654464119062
"Nadowli-Kaleo",1970,0.915461313544121
"Nadowli-Kaleo",1971,0.87513812360619
"Nadowli-Kaleo",1972,0.838569290034116
"Nadowli-Kaleo",1973,0.803187176539937
"Nadowli-Kaleo",1974,0.769332831767938
"Nadowli-Kaleo",1975,0.737242082946284
"Nadowli-Kaleo",1976,0.706772256376848
"Nadowli-Kaleo",1977,0.678016799090235
"Nadowli-Kaleo",1978,0.649568735683206
"Nadowli-Kaleo",1979,0.622301686546963
"Nadowli-Kaleo",1980,0.928503899425421
"Nadowli-Kaleo",1981,0.891875221212057
"Nadowli-Kaleo",1982,0.856714992059508
"Nadowli-Kaleo",1983,0.821879408172367
"Nadowli-Kaleo",1984,0.788170538584911
"Nadowli-Kaleo",1985,0.756638915857751
"Nadowli-Kaleo",1986,0.726543752564367
"Nadowli-Kaleo",1987,0.697852155935795
"Nadowli-Kaleo",1988,0.670582218981131
"Nadowli-Kaleo",1989,0.644797681623417
"Nadowli-Kaleo",1990,0.837860166451137
"Nadowli-Kaleo",1991,0.806356446780092
"Nadowli-Kaleo",1992,0.776429709036101
"Nadowli-Kaleo",1993,0.748080896640128
"Nadowli-Kaleo",1994,0.721233985955624
"Nadowli-Kaleo",1995,0.695987468675633
"Nadowli-Kaleo",1996,0.672099163667008
"Nadowli-Kaleo",1997,0.64956496920724
"Nadowli-Kaleo",1998,0.627916927305141
"Nadowli-Kaleo",1999,0.607048637190921
"Nadowli-Kaleo",2000,0.619311929330395
"Nadowli-Kaleo",2001,0.628668264102244
"Nadowli-Kaleo",2002,0.641099862117133
"Nadowli-Kaleo",2003,0.652997319680071
"Nadowli-Kaleo",2004,0.664369955321226
"Nadowli-Kaleo",2005,0.675226880233771
"Nadowli-Kaleo",2006,0.68577959003912
"Nadowli-Kaleo",2007,0.695845352097115
"Nadowli-Kaleo",2008,0.705413268820192
"Nadowli-Kaleo",2009,0.714243102922375
"Nadowli-Kaleo",2010,0.718017381049917
"Nadowli-Kaleo",2011,0.72400441072664
"Nadowli-Kaleo",2012,0.72897095046155
"Nadowli-Kaleo",2013,0.737364608759488
"Nadowli-Kaleo",2014,0.74543313695623
"Nadowli-Kaleo",2015,0.752161976949678
"Nadowli-Kaleo",2016,0.758064769278413
"Nadowli-Kaleo",2017,0.760625939162791
"Nadowli-Kaleo",2018,0.76726369626772
"Nadowli-Kaleo",2019,0.77312257507275
"Nadowli-Kaleo",2020,0.779201552458533
"Nadowli-Kaleo",2021,0.785026278900596
"Nadowli-Kaleo",2022,0.790620727514733
"Nadowli-Kaleo",2023,0.795985499666954
"Nadowli-Kaleo",2024,0.801031005527082
"Nadowli-Kaleo",2025,0.806006179527213
"Nandom",1970,0.91546131354412
"Nandom",1971,0.875138123606189
"Nandom",1972,0.838569290034116
"Nandom",1973,0.803187176539936
"Nandom",1974,0.769332831767937
"Nandom",1975,0.737242082946284
"Nandom",1976,0.706772256376847
"Nandom",1977,0.678016799090234
"Nandom",1978,0.649568735683205
"Nandom",1979,0.622301686546962
"Nandom",1980,0.928503899425421
"Nandom",1981,0.891875221212056
"Nandom",1982,0.856714992059508
"Nandom",1983,0.821879408172367
"Nandom",1984,0.788170538584911
"Nandom",1985,0.75663891585775
"Nandom",1986,0.726543752564367
"Nandom",1987,0.697852155935794
"Nandom",1988,0.67058221898113
"Nandom",1989,0.644797681623417
"Nandom",1990,0.837860166451137
"Nandom",1991,0.806356446780091
"Nandom",1992,0.776429709036101
"Nandom",1993,0.748080896640127
"Nandom",1994,0.721233985955624
"Nandom",1995,0.695987468675632
"Nandom",1996,0.672099163667008
"Nandom",1997,0.649564969207239
"Nandom",1998,0.62791692730514
"Nandom",1999,0.607048637190921
"Nandom",2000,0.620151967501439
"Nandom",2001,0.624083665788436
"Nandom",2002,0.632675194717639
"Nandom",2003,0.643603931935853
"Nandom",2004,0.655284425649323
"Nandom",2005,0.666435248307324
"Nandom",2006,0.677273620733095
"Nandom",2007,0.687611863700646
"Nandom",2008,0.697438784623925
"Nandom",2009,0.706471202706737
"Nandom",2010,0.711074191245427
"Nandom",2011,0.710701618425348
"Nandom",2012,0.713723955075913
"Nandom",2013,0.719995159361013
"Nandom",2014,0.724091771076588
"Nandom",2015,0.726078244467051
"Nandom",2016,0.728513136525707
"Nandom",2017,0.726652842315499
"Nandom",2018,0.729077787915207
"Nandom",2019,0.734811404261886
"Nandom",2020,0.918874789256944
"Nandom",2021,0.918941892839276
"Nandom",2022,0.918853301207118
"Nandom",2023,0.916737443906406
"Nandom",2024,0.910270638861157
"Nandom",2025,0.908245044081992
"Nanton",1970,0
"Nanton",1971,0
"Nanton",1972,0
"Nanton",1973,0
"Nanton",1974,0
"Nanton",1975,0
"Nanton",1976,0
"Nanton",1977,0
"Nanton",1978,0
"Nanton",1979,0
"Nanton",1980,0.26191485
"Nanton",1981,0.251582535008228
"Nanton",1982,0.24166444403397
"Nanton",1983,0.231837929859814
"Nanton",1984,0.222329242252652
"Nanton",1985,0.213434718231857
"Nanton",1986,0.20494539450948
"Nanton",1987,0.196851992605747
"Nanton",1988,0.189159616244797
"Nanton",1989,0.181886245353685
"Nanton",1990,0.432546899325734
"Nanton",1991,0.416283044321556
"Nanton",1992,0.400833309226825
"Nanton",1993,0.3861981810844
"Nanton",1994,0.372338412547792
"Nanton",1995,0.35930485014025
"Nanton",1996,0.346972467392669
"Nanton",1997,0.335339146783024
"Nanton",1998,0.324163304111224
"Nanton",1999,0.313390009778151
"Nanton",2000,0.328550308232893
"Nanton",2001,0.35117704330755
"Nanton",2002,0.367085862576956
"Nanton",2003,0.378222296776001
"Nanton",2004,0.395060373687582
"Nanton",2005,0.414628896242775
"Nanton",2006,0.433649101458135
"Nanton",2007,0.451791632004652
"Nanton",2008,0.4690368460694
"Nanton",2009,0.485541978697991
"Nanton",2010,0.50145248786623
"Nanton",2011,0.516928411024801
"Nanton",2012,0.531946434902292
"Nanton",2013,0.546441861489412
"Nanton",2014,0.560375804710656
"Nanton",2015,0.573617516944134
"Nanton",2016,0.586299465959901
"Nanton",2017,0.59824866722764
"Nanton",2018,0.609389088015914
"Nanton",2019,0.620030720832537
"Nanton",2020,0.822442330279152
"Nanton",2021,0.827126352586963
"Nanton",2022,0.831625194269772
"Nanton",2023,0.835939338923134
"Nanton",2024,0.840101059802569
"Nanton",2025,0.844099296070618
"Nanumba North",1970,0
"Nanumba North",1971,0
"Nanumba North",1972,0
"Nanumba North",1973,0
"Nanumba North",1974,0
"Nanumba North",1975,0
"Nanumba North",1976,0
"Nanumba North",1977,0
"Nanumba North",1978,0
"Nanumba North",1979,0
"Nanumba North",1980,0.26191485
"Nanumba North",1981,0.251582535008228
"Nanumba North",1982,0.24166444403397
"Nanumba North",1983,0.231837929859814
"Nanumba North",1984,0.222329242252652
"Nanumba North",1985,0.213434718231857
"Nanumba North",1986,0.20494539450948
"Nanumba North",1987,0.196851992605747
"Nanumba North",1988,0.189159616244797
"Nanumba North",1989,0.181886245353685
"Nanumba North",1990,0.432546899325734
"Nanumba North",1991,0.416283044321555
"Nanumba North",1992,0.400833309226825
"Nanumba North",1993,0.3861981810844
"Nanumba North",1994,0.372338412547792
"Nanumba North",1995,0.35930485014025
"Nanumba North",1996,0.346972467392668
"Nanumba North",1997,0.335339146783024
"Nanumba North",1998,0.324163304111224
"Nanumba North",1999,0.313390009778151
"Nanumba North",2000,0.32849434291778
"Nanumba North",2001,0.336158491262054
"Nanumba North",2002,0.358382852889201
"Nanumba North",2003,0.373076471243512
"Nanumba North",2004,0.391615012748672
"Nanumba North",2005,0.411294985472298
"Nanumba North",2006,0.430423517980579
"Nanumba North",2007,0.448669377129421
"Nanumba North",2008,0.466012809238313
"Nanumba North",2009,0.482611944866173
"Nanumba North",2010,0.498613070427226
"Nanumba North",2011,0.514177134846222
"Nanumba North",2012,0.529280692073813
"Nanumba North",2013,0.543858675620973
"Nanumba North",2014,0.557871977941227
"Nanumba North",2015,0.571189106755317
"Nanumba North",2016,0.583943284287564
"Nanumba North",2017,0.594844213915277
"Nanumba North",2018,0.606079038976443
"Nanumba North",2019,0.616810849321144
"Nanumba North",2020,0.820937701053295
"Nanumba North",2021,0.825661415912094
"Nanumba North",2022,0.830198380919507
"Nanumba North",2023,0.834549083769089
"Nanumba North",2024,0.838746071200934
"Nanumba North",2025,0.842778188647702
"Nanumba South",1970,0
"Nanumba South",1971,0
"Nanumba South",1972,0
"Nanumba South",1973,0
"Nanumba South",1974,0
"Nanumba South",1975,0
"Nanumba South",1976,0
"Nanumba South",1977,0
"Nanumba South",1978,0
"Nanumba South",1979,0
"Nanumba South",1980,0.26191485
"Nanumba South",1981,0.251582535008228
"Nanumba South",1982,0.24166444403397
"Nanumba South",1983,0.231837929859814
"Nanumba South",1984,0.222329242252652
"Nanumba South",1985,0.213434718231857
"Nanumba South",1986,0.20494539450948
"Nanumba South",1987,0.196851992605747
"Nanumba South",1988,0.189159616244797
"Nanumba South",1989,0.181886245353685
"Nanumba South",1990,0.432546899325734
"Nanumba South",1991,0.416283044321555
"Nanumba South",1992,0.400833309226825
"Nanumba South",1993,0.3861981810844
"Nanumba South",1994,0.372338412547792
"Nanumba South",1995,0.35930485014025
"Nanumba South",1996,0.346972467392669
"Nanumba South",1997,0.335339146783024
"Nanumba South",1998,0.324163304111224
"Nanumba South",1999,0.313390009778151
"Nanumba South",2000,0.328494342917781
"Nanumba South",2001,0.336158491262055
"Nanumba South",2002,0.358382852889201
"Nanumba South",2003,0.373076471243513
"Nanumba South",2004,0.391615012748672
"Nanumba South",2005,0.400868436914369
"Nanumba South",2006,0.40997343773522
"Nanumba South",2007,0.415383887956242
"Nanumba South",2008,0.424314002190603
"Nanumba South",2009,0.430482402376003
"Nanumba South",2010,0.44239154790692
"Nanumba South",2011,0.458290333598593
"Nanumba South",2012,0.46942772360967
"Nanumba South",2013,0.474924375605687
"Nanumba South",2014,0.480806677299361
"Nanumba South",2015,0.494567245042305
"Nanumba South",2016,0.509600396459158
"Nanumba South",2017,0.520386543421602
"Nanumba South",2018,0.533686053058896
"Nanumba South",2019,0.54639010624423
"Nanumba South",2020,0.788030453740712
"Nanumba South",2021,0.793622271231987
"Nanumba South",2022,0.798993018841463
"Nanumba South",2023,0.804143273888783
"Nanumba South",2024,0.808383153784273
"Nanumba South",2025,0.81317448900615
"New Juaben North",1970,0
"New Juaben North",1971,0
"New Juaben North",1972,0
"New Juaben North",1973,0
"New Juaben North",1974,0
"New Juaben North",1975,0
"New Juaben North",1976,0
"New Juaben North",1977,0
"New Juaben North",1978,0
"New Juaben North",1979,0
"New Juaben North",1980,0
"New Juaben North",1981,0
"New Juaben North",1982,0
"New Juaben North",1983,0
"New Juaben North",1984,0
"New Juaben North",1985,0
"New Juaben North",1986,0
"New Juaben North",1987,0
"New Juaben North",1988,0
"New Juaben North",1989,0
"New Juaben North",1990,0
"New Juaben North",1991,0
"New Juaben North",1992,0
"New Juaben North",1993,0
"New Juaben North",1994,0
"New Juaben North",1995,0
"New Juaben North",1996,0
"New Juaben North",1997,0
"New Juaben North",1998,0
"New Juaben North",1999,0
"New Juaben North",2000,0.0268575190499815
"New Juaben North",2001,0.0596507980943153
"New Juaben North",2002,0.0819241761107971
"New Juaben North",2003,0.106822894265621
"New Juaben North",2004,0.128044906146555
"New Juaben North",2005,0.153656316724111
"New Juaben North",2006,0.181156188916824
"New Juaben North",2007,0.207387097870357
"New Juaben North",2008,0.23140903711407
"New Juaben North",2009,0.254650366187689
"New Juaben North",2010,0.276037915936622
"New Juaben North",2011,0.296678334763077
"New Juaben North",2012,0.316625183539671
"New Juaben North",2013,0.335685659687393
"New Juaben North",2014,0.355235005067307
"New Juaben North",2015,0.374655666196977
"New Juaben North",2016,0.393255363121088
"New Juaben North",2017,0.410780391946612
"New Juaben North",2018,0.893110059866531
"New Juaben North",2019,0.896022122637418
"New Juaben North",2020,0.89880811672789
"New Juaben North",2021,0.901477587662945
"New Juaben North",2022,0.90404152231664
"New Juaben North",2023,0.906500196294894
"New Juaben North",2024,0.908872002447255
"New Juaben North",2025,0.911150637092364
"New Juaben South",1970,0
"New Juaben South",1971,0
"New Juaben South",1972,0
"New Juaben South",1973,0
"New Juaben South",1974,0
"New Juaben South",1975,0
"New Juaben South",1976,0
"New Juaben South",1977,0
"New Juaben South",1978,0
"New Juaben South",1979,0
"New Juaben South",1980,0.971988664
"New Juaben South",1981,0.933644549319678
"New Juaben South",1982,0.896837655798749
"New Juaben South",1983,0.8603706117044
"New Juaben South",1984,0.825083049492181
"New Juaben South",1985,0.79207470147416
"New Juaben South",1986,0.760570086813414
"New Juaben South",1987,0.730534772268918
"New Juaben South",1988,0.701987698202422
"New Juaben South",1989,0.674995589678493
"New Juaben South",1990,0.887797469340293
"New Juaben South",1991,0.854416096506653
"New Juaben South",1992,0.822705695298226
"New Juaben South",1993,0.792667265364804
"New Juaben South",1994,0.764220251985159
"New Juaben South",1995,0.737469017055625
"New Juaben South",1996,0.712156945205599
"New Juaben South",1997,0.68827969024581
"New Juaben South",1998,0.665341403421339
"New Juaben South",1999,0.643229342370226
"New Juaben South",2000,0.648637778057212
"New Juaben South",2001,0.660478099094845
"New Juaben South",2002,0.662636731291524
"New Juaben South",2003,0.668284960933628
"New Juaben South",2004,0.671105663912111
"New Juaben South",2005,0.679150202978943
"New Juaben South",2006,0.689575433987917
"New Juaben South",2007,0.699519599673473
"New Juaben South",2008,0.70806032623003
"New Juaben South",2009,0.716484821619034
"New Juaben South",2010,0.723589337508855
"New Juaben South",2011,0.730336854974481
"New Juaben South",2012,0.73680186346105
"New Juaben South",2013,0.742849640482875
"New Juaben South",2014,0.749890336345947
"New Juaben South",2015,0.757423771103192
"New Juaben South",2016,0.764638747068571
"New Juaben South",2017,0.771436850407814
"New Juaben South",2018,0.958536009241312
"New Juaben South",2019,0.959665636067467
"New Juaben South",2020,0.960746359221366
"New Juaben South",2021,0.961781881535659
"New Juaben South",2022,0.962776464960946
"New Juaben South",2023,0.963730216408329
"New Juaben South",2024,0.96465027070212
"New Juaben South",2025,0.965534182562762
"Ningo Prampram",1970,0
"Ningo Prampram",1971,0
"Ningo Prampram",1972,0
"Ningo Prampram",1973,0
"Ningo Prampram",1974,0
"Ningo Prampram",1975,0
"Ningo Prampram",1976,0
"Ningo Prampram",1977,0
"Ningo Prampram",1978,0
"Ningo Prampram",1979,0
"Ningo Prampram",1980,0
"Ningo Prampram",1981,0
"Ningo Prampram",1982,0
"Ningo Prampram",1983,0
"Ningo Prampram",1984,0
"Ningo Prampram",1985,0
"Ningo Prampram",1986,0
"Ningo Prampram",1987,0
"Ningo Prampram",1988,0
"Ningo Prampram",1989,0
"Ningo Prampram",1990,0
"Ningo Prampram",1991,0
"Ningo Prampram",1992,0
"Ningo Prampram",1993,0
"Ningo Prampram",1994,0
"Ningo Prampram",1995,0
"Ningo Prampram",1996,0
"Ningo Prampram",1997,0
"Ningo Prampram",1998,0
"Ningo Prampram",1999,0
"Ningo Prampram",2000,0.0240246371134377
"Ningo Prampram",2001,0.0466996448514595
"Ningo Prampram",2002,0.0774051334774208
"Ningo Prampram",2003,0.102755113293693
"Ningo Prampram",2004,0.131558381737622
"Ningo Prampram",2005,0.157602854247873
"Ningo Prampram",2006,0.184974493336645
"Ningo Prampram",2007,0.211083086417191
"Ningo Prampram",2008,0.235900367305817
"Ningo Prampram",2009,0.259652610160551
"Ningo Prampram",2010,0.282549140967692
"Ningo Prampram",2011,0.304820266776571
"Ningo Prampram",2012,0.326432437872879
"Ningo Prampram",2013,0.34729254850197
"Ningo Prampram",2014,0.367344638404099
"Ningo Prampram",2015,0.37730484115
"Ningo Prampram",2016,0.386847982096725
"Ningo Prampram",2017,0.395431089938913
"Ningo Prampram",2018,0.578005559081306
"Ningo Prampram",2019,0.582508601874154
"Ningo Prampram",2020,0.58690552661052
"Ningo Prampram",2021,0.592791676038558
"Ningo Prampram",2022,0.603388813363067
"Ningo Prampram",2023,0.612504153372254
"Ningo Prampram",2024,0.622242926608615
"Ningo Prampram",2025,0.631688655451348
"Nkoranza North",1970,0.954342586644847
"Nkoranza North",1971,0.912306798984791
"Nkoranza North",1972,0.874184821894739
"Nkoranza North",1973,0.837299966998718
"Nkoranza North",1974,0.802007767884594
"Nkoranza North",1975,0.768554067783098
"Nkoranza North",1976,0.736790133389933
"Nkoranza North",1977,0.706813380597595
"Nkoranza North",1978,0.677157077250602
"Nkoranza North",1979,0.648731947954737
"Nkoranza North",1980,0.937843214544404
"Nkoranza North",1981,0.900846108402585
"Nkoranza North",1982,0.86533222165106
"Nkoranza North",1983,0.830146245594886
"Nkoranza North",1984,0.796098316843999
"Nkoranza North",1985,0.764249534693982
"Nkoranza North",1986,0.733851660540979
"Nkoranza North",1987,0.704871470765575
"Nkoranza North",1988,0.677327240364592
"Nkoranza North",1989,0.651283350386248
"Nkoranza North",1990,0.844004927670153
"Nkoranza North",1991,0.812270163676151
"Nkoranza North",1992,0.782123946996577
"Nkoranza North",1993,0.753567227971322
"Nkoranza North",1994,0.726523425416039
"Nkoranza North",1995,0.701091753349474
"Nkoranza North",1996,0.677028254512472
"Nkoranza North",1997,0.654328797101006
"Nkoranza North",1998,0.632521991178759
"Nkoranza North",1999,0.611500655646061
"Nkoranza North",2000,0.624455529241862
"Nkoranza North",2001,0.632681861736762
"Nkoranza North",2002,0.641549363153434
"Nkoranza North",2003,0.652727005151328
"Nkoranza North",2004,0.66410850005732
"Nkoranza North",2005,0.674973882496875
"Nkoranza North",2006,0.685534812846155
"Nkoranza North",2007,0.695608416116572
"Nkoranza North",2008,0.705183786231356
"Nkoranza North",2009,0.714348227630517
"Nkoranza North",2010,0.72318250555995
"Nkoranza North",2011,0.731775480489395
"Nkoranza North",2012,0.740114207772207
"Nkoranza North",2013,0.748162763970015
"Nkoranza North",2014,0.755899557668305
"Nkoranza North",2015,0.76325199151534
"Nkoranza North",2016,0.770293617971635
"Nkoranza North",2017,0.776928387727758
"Nkoranza North",2018,0.998053181481446
"Nkoranza North",2019,0.998106219753546
"Nkoranza North",2020,0.998156961898982
"Nkoranza North",2021,0.998205581773262
"Nkoranza North",2022,0.998252279483617
"Nkoranza North",2023,0.998297060049739
"Nkoranza North",2024,0.998340258466111
"Nkoranza North",2025,0.998381759921894
"Nkoranza South",1970,0.954342586644847
"Nkoranza South",1971,0.912306798984791
"Nkoranza South",1972,0.874184821894739
"Nkoranza South",1973,0.837299966998717
"Nkoranza South",1974,0.802007767884594
"Nkoranza South",1975,0.768554067783098
"Nkoranza South",1976,0.736790133389933
"Nkoranza South",1977,0.706813380597594
"Nkoranza South",1978,0.677157077250602
"Nkoranza South",1979,0.648731947954737
"Nkoranza South",1980,0.937843214544404
"Nkoranza South",1981,0.900846108402585
"Nkoranza South",1982,0.86533222165106
"Nkoranza South",1983,0.830146245594886
"Nkoranza South",1984,0.796098316843999
"Nkoranza South",1985,0.764249534693982
"Nkoranza South",1986,0.733851660540979
"Nkoranza South",1987,0.704871470765575
"Nkoranza South",1988,0.677327240364592
"Nkoranza South",1989,0.651283350386248
"Nkoranza South",1990,0.844004927670153
"Nkoranza South",1991,0.812270163676151
"Nkoranza South",1992,0.782123946996577
"Nkoranza South",1993,0.753567227971322
"Nkoranza South",1994,0.726523425416039
"Nkoranza South",1995,0.701091753349474
"Nkoranza South",1996,0.677028254512472
"Nkoranza South",1997,0.654328797101006
"Nkoranza South",1998,0.632521991178759
"Nkoranza South",1999,0.611500655646061
"Nkoranza South",2000,0.624455529241862
"Nkoranza South",2001,0.632681861736761
"Nkoranza South",2002,0.641549363153434
"Nkoranza South",2003,0.652727005151328
"Nkoranza South",2004,0.66410850005732
"Nkoranza South",2005,0.674973882496875
"Nkoranza South",2006,0.685534812846155
"Nkoranza South",2007,0.695608416116572
"Nkoranza South",2008,0.705183786231356
"Nkoranza South",2009,0.714348227630517
"Nkoranza South",2010,0.72318250555995
"Nkoranza South",2011,0.731775480489395
"Nkoranza South",2012,0.740114207772207
"Nkoranza South",2013,0.748162763970015
"Nkoranza South",2014,0.755899557668305
"Nkoranza South",2015,0.76325199151534
"Nkoranza South",2016,0.770293617971635
"Nkoranza South",2017,0.776928387727758
"Nkoranza South",2018,0.934172458677537
"Nkoranza South",2019,0.93596583541762
"Nkoranza South",2020,0.937681573501912
"Nkoranza South",2021,0.939325551485874
"Nkoranza South",2022,0.940904535571312
"Nkoranza South",2023,0.942418695488512
"Nkoranza South",2024,0.943879358365752
"Nkoranza South",2025,0.945282642117922
"Nkwanta North",1970,0
"Nkwanta North",1971,0
"Nkwanta North",1972,0
"Nkwanta North",1973,0
"Nkwanta North",1974,0
"Nkwanta North",1975,0
"Nkwanta North",1976,0
"Nkwanta North",1977,0
"Nkwanta North",1978,0
"Nkwanta North",1979,0
"Nkwanta North",1980,0.971988664
"Nkwanta North",1981,0.933644549319678
"Nkwanta North",1982,0.896837655798749
"Nkwanta North",1983,0.8603706117044
"Nkwanta North",1984,0.825083049492182
"Nkwanta North",1985,0.79207470147416
"Nkwanta North",1986,0.760570086813414
"Nkwanta North",1987,0.730534772268919
"Nkwanta North",1988,0.701987698202422
"Nkwanta North",1989,0.674995589678493
"Nkwanta North",1990,0.887797469340292
"Nkwanta North",1991,0.854416096506653
"Nkwanta North",1992,0.822705695298226
"Nkwanta North",1993,0.792667265364804
"Nkwanta North",1994,0.764220251985159
"Nkwanta North",1995,0.737469017055625
"Nkwanta North",1996,0.712156945205599
"Nkwanta North",1997,0.68827969024581
"Nkwanta North",1998,0.665341403421339
"Nkwanta North",1999,0.643229342370226
"Nkwanta North",2000,0.636619927026521
"Nkwanta North",2001,0.648865229605992
"Nkwanta North",2002,0.647739000835449
"Nkwanta North",2003,0.659416372466902
"Nkwanta North",2004,0.670578630630746
"Nkwanta North",2005,0.681234717976123
"Nkwanta North",2006,0.691097959111749
"Nkwanta North",2007,0.700993352104195
"Nkwanta North",2008,0.710399326092884
"Nkwanta North",2009,0.719401641030902
"Nkwanta North",2010,0.728079633360911
"Nkwanta North",2011,0.736520591538289
"Nkwanta North",2012,0.744711799917775
"Nkwanta North",2013,0.752617970575993
"Nkwanta North",2014,0.760217894068204
"Nkwanta North",2015,0.767440257349179
"Nkwanta North",2016,0.774357311676271
"Nkwanta North",2017,0.779890747626624
"Nkwanta North",2018,0.89852173702855
"Nkwanta North",2019,0.901286366434128
"Nkwanta North",2020,0.903931309827275
"Nkwanta North",2021,0.912327289093084
"Nkwanta North",2022,0.914608872504872
"Nkwanta North",2023,0.916796786988455
"Nkwanta North",2024,0.918907399895617
"Nkwanta North",2025,0.920935101732836
"Nkwanta South",1970,0
"Nkwanta South",1971,0
"Nkwanta South",1972,0
"Nkwanta South",1973,0
"Nkwanta South",1974,0
"Nkwanta South",1975,0
"Nkwanta South",1976,0
"Nkwanta South",1977,0
"Nkwanta South",1978,0
"Nkwanta South",1979,0
"Nkwanta South",1980,0.971988664
"Nkwanta South",1981,0.933644549319678
"Nkwanta South",1982,0.896837655798749
"Nkwanta South",1983,0.8603706117044
"Nkwanta South",1984,0.825083049492182
"Nkwanta South",1985,0.79207470147416
"Nkwanta South",1986,0.760570086813414
"Nkwanta South",1987,0.730534772268918
"Nkwanta South",1988,0.701987698202422
"Nkwanta South",1989,0.674995589678493
"Nkwanta South",1990,0.887797469340292
"Nkwanta South",1991,0.854416096506653
"Nkwanta South",1992,0.822705695298226
"Nkwanta South",1993,0.792667265364804
"Nkwanta South",1994,0.764220251985159
"Nkwanta South",1995,0.737469017055625
"Nkwanta South",1996,0.712156945205599
"Nkwanta South",1997,0.68827969024581
"Nkwanta South",1998,0.665341403421339
"Nkwanta South",1999,0.643229342370226
"Nkwanta South",2000,0.636619927026521
"Nkwanta South",2001,0.648865229605992
"Nkwanta South",2002,0.647739000835449
"Nkwanta South",2003,0.659416372466902
"Nkwanta South",2004,0.670578630630746
"Nkwanta South",2005,0.681234717976123
"Nkwanta South",2006,0.691097959111749
"Nkwanta South",2007,0.700993352104195
"Nkwanta South",2008,0.710399326092884
"Nkwanta South",2009,0.719401641030901
"Nkwanta South",2010,0.727322899901377
"Nkwanta South",2011,0.735787348615938
"Nkwanta South",2012,0.744001352498134
"Nkwanta South",2013,0.750549573426848
"Nkwanta South",2014,0.758213040985383
"Nkwanta South",2015,0.76549579149681
"Nkwanta South",2016,0.772470680321759
"Nkwanta South",2017,0.779042568466538
"Nkwanta South",2018,0.785169639026809
"Nkwanta South",2019,0.79102238340542
"Nkwanta South",2020,0.942823365920925
"Nkwanta South",2021,0.944331701944556
"Nkwanta South",2022,0.945780406610944
"Nkwanta South",2023,0.947169635646205
"Nkwanta South",2024,0.948509781595613
"Nkwanta South",2025,0.949797282678609
"North Dayi",1970,0
"North Dayi",1971,0
"North Dayi",1972,0
"North Dayi",1973,0
"North Dayi",1974,0
"North Dayi",1975,0
"North Dayi",1976,0
"North Dayi",1977,0
"North Dayi",1978,0
"North Dayi",1979,0
"North Dayi",1980,0.971988664
"North Dayi",1981,0.933644549319678
"North Dayi",1982,0.896837655798749
"North Dayi",1983,0.8603706117044
"North Dayi",1984,0.825083049492182
"North Dayi",1985,0.79207470147416
"North Dayi",1986,0.760570086813414
"North Dayi",1987,0.730534772268919
"North Dayi",1988,0.701987698202423
"North Dayi",1989,0.674995589678493
"North Dayi",1990,0.887797469340292
"North Dayi",1991,0.854416096506653
"North Dayi",1992,0.822705695298226
"North Dayi",1993,0.792667265364804
"North Dayi",1994,0.764220251985159
"North Dayi",1995,0.737469017055625
"North Dayi",1996,0.712156945205599
"North Dayi",1997,0.688279690245811
"North Dayi",1998,0.665341403421339
"North Dayi",1999,0.643229342370226
"North Dayi",2000,0.647884440082192
"North Dayi",2001,0.65975014735351
"North Dayi",2002,0.662255575112354
"North Dayi",2003,0.670594295409889
"North Dayi",2004,0.681390209300143
"North Dayi",2005,0.688807370763028
"North Dayi",2006,0.693685713532603
"North Dayi",2007,0.699502172415716
"North Dayi",2008,0.704698085430359
"North Dayi",2009,0.709907951497023
"North Dayi",2010,0.71054016689883
"North Dayi",2011,0.712739220477431
"North Dayi",2012,0.715610826056196
"North Dayi",2013,0.71151725731273
"North Dayi",2014,0.715462868931518
"North Dayi",2015,0.72403327713407
"North Dayi",2016,0.732241390854763
"North Dayi",2017,0.739975249645325
"North Dayi",2018,0.747185642985721
"North Dayi",2019,0.754073206736695
"North Dayi",2020,0.760662594884437
"North Dayi",2021,0.766976384350233
"North Dayi",2022,0.773040561110844
"North Dayi",2023,0.778855777024931
"North Dayi",2024,0.784465534562666
"North Dayi",2025,0.789854924358883
"North Gonja",1970,0
"North Gonja",1971,0
"North Gonja",1972,0
"North Gonja",1973,0
"North Gonja",1974,0
"North Gonja",1975,0
"North Gonja",1976,0
"North Gonja",1977,0
"North Gonja",1978,0
"North Gonja",1979,0
"North Gonja",1980,0.26191485
"North Gonja",1981,0.251582535008228
"North Gonja",1982,0.24166444403397
"North Gonja",1983,0.231837929859814
"North Gonja",1984,0.222329242252652
"North Gonja",1985,0.213434718231857
"North Gonja",1986,0.20494539450948
"North Gonja",1987,0.196851992605747
"North Gonja",1988,0.189159616244797
"North Gonja",1989,0.181886245353685
"North Gonja",1990,0.432546899325734
"North Gonja",1991,0.416283044321556
"North Gonja",1992,0.400833309226825
"North Gonja",1993,0.3861981810844
"North Gonja",1994,0.372338412547792
"North Gonja",1995,0.35930485014025
"North Gonja",1996,0.346972467392669
"North Gonja",1997,0.335339146783024
"North Gonja",1998,0.324163304111224
"North Gonja",1999,0.313390009778151
"North Gonja",2000,0.322220624107723
"North Gonja",2001,0.325349720558659
"North Gonja",2002,0.335839338139033
"North Gonja",2003,0.344763052552832
"North Gonja",2004,0.35428736647344
"North Gonja",2005,0.375174809920255
"North Gonja",2006,0.395476979369282
"North Gonja",2007,0.41484231876594
"North Gonja",2008,0.433249862436632
"North Gonja",2009,0.450077386816374
"North Gonja",2010,0.467084700176434
"North Gonja",2011,0.482937176780569
"North Gonja",2012,0.499011940857971
"North Gonja",2013,0.504574167234863
"North Gonja",2014,0.515254724436956
"North Gonja",2015,0.524767418778369
"North Gonja",2016,0.538902322544795
"North Gonja",2017,0.545640624888742
"North Gonja",2018,0.558239847878015
"North Gonja",2019,0.570274968218148
"North Gonja",2020,0.829444244785526
"North Gonja",2021,0.893122640170124
"North Gonja",2022,0.912250221065614
"North Gonja",2023,0.914498569552086
"North Gonja",2024,0.916667481258165
"North Gonja",2025,0.918751191746365
"North Tongu",1970,0
"North Tongu",1971,0
"North Tongu",1972,0
"North Tongu",1973,0
"North Tongu",1974,0
"North Tongu",1975,0
"North Tongu",1976,0
"North Tongu",1977,0
"North Tongu",1978,0
"North Tongu",1979,0
"North Tongu",1980,0.971988664
"North Tongu",1981,0.933644549319678
"North Tongu",1982,0.896837655798749
"North Tongu",1983,0.8603706117044
"North Tongu",1984,0.825083049492182
"North Tongu",1985,0.79207470147416
"North Tongu",1986,0.760570086813414
"North Tongu",1987,0.730534772268918
"North Tongu",1988,0.701987698202422
"North Tongu",1989,0.674995589678493
"North Tongu",1990,0.887797469340292
"North Tongu",1991,0.854416096506653
"North Tongu",1992,0.822705695298226
"North Tongu",1993,0.792667265364804
"North Tongu",1994,0.764220251985159
"North Tongu",1995,0.737469017055625
"North Tongu",1996,0.712156945205599
"North Tongu",1997,0.688279690245811
"North Tongu",1998,0.665341403421339
"North Tongu",1999,0.643229342370226
"North Tongu",2000,0.640040103592818
"North Tongu",2001,0.652170151924616
"North Tongu",2002,0.64994940484668
"North Tongu",2003,0.651057417367203
"North Tongu",2004,0.65581229391112
"North Tongu",2005,0.663029981390184
"North Tongu",2006,0.672383881209811
"North Tongu",2007,0.682878762489218
"North Tongu",2008,0.69285457450637
"North Tongu",2009,0.702402272772265
"North Tongu",2010,0.711606000134743
"North Tongu",2011,0.720558333207685
"North Tongu",2012,0.729245785999425
"North Tongu",2013,0.735059545671266
"North Tongu",2014,0.743198888644473
"North Tongu",2015,0.750933873329675
"North Tongu",2016,0.758341879158971
"North Tongu",2017,0.762197894019107
"North Tongu",2018,0.919684504392819
"North Tongu",2019,0.9218725846218
"North Tongu",2020,0.923965938737778
"North Tongu",2021,0.925971739104868
"North Tongu",2022,0.927898241095221
"North Tongu",2023,0.929745651794987
"North Tongu",2024,0.93152779131507
"North Tongu",2025,0.93323992316397
"North-East Gonja",1970,0
"North-East Gonja",1971,0
"North-East Gonja",1972,0
"North-East Gonja",1973,0
"North-East Gonja",1974,0
"North-East Gonja",1975,0
"North-East Gonja",1976,0
"North-East Gonja",1977,0
"North-East Gonja",1978,0
"North-East Gonja",1979,0
"North-East Gonja",1980,0
"North-East Gonja",1981,0
"North-East Gonja",1982,0
"North-East Gonja",1983,0
"North-East Gonja",1984,0
"North-East Gonja",1985,0
"North-East Gonja",1986,0
"North-East Gonja",1987,0
"North-East Gonja",1988,0
"North-East Gonja",1989,0
"North-East Gonja",1990,0
"North-East Gonja",1991,0
"North-East Gonja",1992,0
"North-East Gonja",1993,0
"North-East Gonja",1994,0
"North-East Gonja",1995,0
"North-East Gonja",1996,0
"North-East Gonja",1997,0
"North-East Gonja",1998,0
"North-East Gonja",1999,0
"North-East Gonja",2000,0.0168820391004129
"North-East Gonja",2001,0.0483494545825449
"North-East Gonja",2002,0.075876740346762
"North-East Gonja",2003,0.100688748039749
"North-East Gonja",2004,0.130162696734052
"North-East Gonja",2005,0.158300101109539
"North-East Gonja",2006,0.185649084863414
"North-East Gonja",2007,0.211736068024363
"North-East Gonja",2008,0.236532807804437
"North-East Gonja",2009,0.260265391075955
"North-East Gonja",2010,0.279890854222186
"North-East Gonja",2011,0.300704438107205
"North-East Gonja",2012,0.322444564592823
"North-East Gonja",2013,0.343428178018775
"North-East Gonja",2014,0.363598986811221
"North-East Gonja",2015,0.382767720406953
"North-East Gonja",2016,0.401126139459687
"North-East Gonja",2017,0.4184238311588
"North-East Gonja",2018,0.434550730344457
"North-East Gonja",2019,0.449955582895906
"North-East Gonja",2020,0.464693530374921
"North-East Gonja",2021,0.590740397375046
"North-East Gonja",2022,0.724121149244845
"North-East Gonja",2023,0.731189791514686
"North-East Gonja",2024,0.738008690389746
"North-East Gonja",2025,0.744559722902556
"Nsawam-Adoagyiri",1970,0
"Nsawam-Adoagyiri",1971,0
"Nsawam-Adoagyiri",1972,0
"Nsawam-Adoagyiri",1973,0
"Nsawam-Adoagyiri",1974,0
"Nsawam-Adoagyiri",1975,0
"Nsawam-Adoagyiri",1976,0
"Nsawam-Adoagyiri",1977,0
"Nsawam-Adoagyiri",1978,0
"Nsawam-Adoagyiri",1979,0
"Nsawam-Adoagyiri",1980,0
"Nsawam-Adoagyiri",1981,0
"Nsawam-Adoagyiri",1982,0
"Nsawam-Adoagyiri",1983,0
"Nsawam-Adoagyiri",1984,0
"Nsawam-Adoagyiri",1985,0
"Nsawam-Adoagyiri",1986,0
"Nsawam-Adoagyiri",1987,0
"Nsawam-Adoagyiri",1988,0
"Nsawam-Adoagyiri",1989,0
"Nsawam-Adoagyiri",1990,0
"Nsawam-Adoagyiri",1991,0
"Nsawam-Adoagyiri",1992,0
"Nsawam-Adoagyiri",1993,0
"Nsawam-Adoagyiri",1994,0
"Nsawam-Adoagyiri",1995,0
"Nsawam-Adoagyiri",1996,0
"Nsawam-Adoagyiri",1997,0
"Nsawam-Adoagyiri",1998,0
"Nsawam-Adoagyiri",1999,0
"Nsawam-Adoagyiri",2000,0.0313962523019206
"Nsawam-Adoagyiri",2001,0.0626737756171497
"Nsawam-Adoagyiri",2002,0.0940539720934081
"Nsawam-Adoagyiri",2003,0.124085875911868
"Nsawam-Adoagyiri",2004,0.152793009173813
"Nsawam-Adoagyiri",2005,0.180198370614522
"Nsawam-Adoagyiri",2006,0.206835823551156
"Nsawam-Adoagyiri",2007,0.232244109009297
"Nsawam-Adoagyiri",2008,0.256395718985667
"Nsawam-Adoagyiri",2009,0.279510858314024
"Nsawam-Adoagyiri",2010,0.30179323825515
"Nsawam-Adoagyiri",2011,0.323466988360353
"Nsawam-Adoagyiri",2012,0.344499458815238
"Nsawam-Adoagyiri",2013,0.364800041229512
"Nsawam-Adoagyiri",2014,0.384314276358683
"Nsawam-Adoagyiri",2015,0.40285905452621
"Nsawam-Adoagyiri",2016,0.415385547880652
"Nsawam-Adoagyiri",2017,0.432271375133961
"Nsawam-Adoagyiri",2018,0.44801428687718
"Nsawam-Adoagyiri",2019,0.463052344183971
"Nsawam-Adoagyiri",2020,0.845138905539414
"Nsawam-Adoagyiri",2021,0.84922418567519
"Nsawam-Adoagyiri",2022,0.85314795617691
"Nsawam-Adoagyiri",2023,0.8569106388238
"Nsawam-Adoagyiri",2024,0.860540381494123
"Nsawam-Adoagyiri",2025,0.864027537218544
"Nzema East",1970,0
"Nzema East",1971,0
"Nzema East",1972,0
"Nzema East",1973,0
"Nzema East",1974,0
"Nzema East",1975,0
"Nzema East",1976,0
"Nzema East",1977,0
"Nzema East",1978,0
"Nzema East",1979,0
"Nzema East",1980,0.26191485
"Nzema East",1981,0.251582535008228
"Nzema East",1982,0.24166444403397
"Nzema East",1983,0.231837929859814
"Nzema East",1984,0.222329242252652
"Nzema East",1985,0.213434718231857
"Nzema East",1986,0.20494539450948
"Nzema East",1987,0.196851992605747
"Nzema East",1988,0.189159616244797
"Nzema East",1989,0.181886245353685
"Nzema East",1990,0.337015379398074
"Nzema East",1991,0.324343529771473
"Nzema East",1992,0.31230599501474
"Nzema East",1993,0.300903154603337
"Nzema East",1994,0.290104429288196
"Nzema East",1995,0.279949435722104
"Nzema East",1996,0.270340760554076
"Nzema East",1997,0.261276753934146
"Nzema East",1998,0.252569187508398
"Nzema East",1999,0.244175263328876
"Nzema East",2000,0.258861894073401
"Nzema East",2001,0.276182681571791
"Nzema East",2002,0.30041493825505
"Nzema East",2003,0.321645992769448
"Nzema East",2004,0.34387830795744
"Nzema East",2005,0.365102462519694
"Nzema East",2006,0.385731908312444
"Nzema East",2007,0.405409422104485
"Nzema East",2008,0.424113700250012
"Nzema East",2009,0.442015280964226
"Nzema East",2010,0.459271928971166
"Nzema East",2011,0.476057221993909
"Nzema East",2012,0.492345874297446
"Nzema East",2013,0.508067713974565
"Nzema East",2014,0.523180564919505
"Nzema East",2015,0.537542617359566
"Nzema East",2016,0.551297546752017
"Nzema East",2017,0.564257732881892
"Nzema East",2018,0.576340710124142
"Nzema East",2019,0.587882698491312
"Nzema East",2020,0.598925012449894
"Nzema East",2021,0.609505485778606
"Nzema East",2022,0.619667665056806
"Nzema East",2023,0.629412642651166
"Nzema East",2024,0.638813318795039
"Nzema East",2025,0.64784470878766
"Obuasi",1970,0
"Obuasi",1971,0
"Obuasi",1972,0
"Obuasi",1973,0
"Obuasi",1974,0
"Obuasi",1975,0
"Obuasi",1976,0
"Obuasi",1977,0
"Obuasi",1978,0
"Obuasi",1979,0
"Obuasi",1980,0.26191485
"Obuasi",1981,0.251582535008228
"Obuasi",1982,0.24166444403397
"Obuasi",1983,0.231837929859814
"Obuasi",1984,0.222329242252652
"Obuasi",1985,0.213434718231857
"Obuasi",1986,0.20494539450948
"Obuasi",1987,0.196851992605747
"Obuasi",1988,0.189159616244797
"Obuasi",1989,0.181886245353685
"Obuasi",1990,0.337015379398074
"Obuasi",1991,0.324343529771473
"Obuasi",1992,0.31230599501474
"Obuasi",1993,0.300903154603337
"Obuasi",1994,0.290104429288196
"Obuasi",1995,0.279949435722104
"Obuasi",1996,0.270340760554076
"Obuasi",1997,0.261276753934146
"Obuasi",1998,0.252569187508398
"Obuasi",1999,0.244175263328876
"Obuasi",2000,0.260070547738663
"Obuasi",2001,0.277319904252334
"Obuasi",2002,0.30151408852257
"Obuasi",2003,0.321334357273542
"Obuasi",2004,0.33226619192666
"Obuasi",2005,0.353865973980613
"Obuasi",2006,0.374860522041893
"Obuasi",2007,0.394886290702081
"Obuasi",2008,0.413921599281035
"Obuasi",2009,0.432140004198607
"Obuasi",2010,0.449702062316796
"Obuasi",2011,0.466784423356881
"Obuasi",2012,0.483361354074054
"Obuasi",2013,0.499361440650737
"Obuasi",2014,0.514741760543674
"Obuasi",2015,0.529357994214743
"Obuasi",2016,0.54335635990573
"Obuasi",2017,0.556545916877853
"Obuasi",2018,0.568842740020088
"Obuasi",2019,0.580588999804849
"Obuasi",2020,0.591826741886735
"Obuasi",2021,0.602594469630967
"Obuasi",2022,0.612936500309198
"Obuasi",2023,0.622853945620927
"Obuasi",2024,0.632420995996096
"Obuasi",2025,0.641612224551876
"Obuasi East",1970,0
"Obuasi East",1971,0
"Obuasi East",1972,0
"Obuasi East",1973,0
"Obuasi East",1974,0
"Obuasi East",1975,0
"Obuasi East",1976,0
"Obuasi East",1977,0
"Obuasi East",1978,0
"Obuasi East",1979,0
"Obuasi East",1980,0
"Obuasi East",1981,0
"Obuasi East",1982,0
"Obuasi East",1983,0
"Obuasi East",1984,0
"Obuasi East",1985,0
"Obuasi East",1986,0
"Obuasi East",1987,0
"Obuasi East",1988,0
"Obuasi East",1989,0
"Obuasi East",1990,0
"Obuasi East",1991,0
"Obuasi East",1992,0
"Obuasi East",1993,0
"Obuasi East",1994,0
"Obuasi East",1995,0
"Obuasi East",1996,0
"Obuasi East",1997,0
"Obuasi East",1998,0
"Obuasi East",1999,0
"Obuasi East",2000,0.0240375366879918
"Obuasi East",2001,0.0492408121257478
"Obuasi East",2002,0.0810707229305434
"Obuasi East",2003,0.108198638880075
"Obuasi East",2004,0.126115765016158
"Obuasi East",2005,0.154384079107517
"Obuasi East",2006,0.181860304437938
"Obuasi East",2007,0.208068657697849
"Obuasi East",2008,0.232980764699287
"Obuasi East",2009,0.256823764187296
"Obuasi East",2010,0.279807781976716
"Obuasi East",2011,0.302164005113456
"Obuasi East",2012,0.323858755690718
"Obuasi East",2013,0.344798572199461
"Obuasi East",2014,0.364927280557403
"Obuasi East",2015,0.384056005246126
"Obuasi East",2016,0.399648899523722
"Obuasi East",2017,0.416989259374948
"Obuasi East",2018,0.433155938723157
"Obuasi East",2019,0.448598790367397
"Obuasi East",2020,0.463373091886928
"Obuasi East",2021,0.477529463799924
"Obuasi East",2022,0.491126170189076
"Obuasi East",2023,0.503623282074613
"Obuasi East",2024,0.51621485239681
"Obuasi East",2025,0.528311788878703
"Offinso",1970,0
"Offinso",1971,0
"Offinso",1972,0
"Offinso",1973,0
"Offinso",1974,0
"Offinso",1975,0
"Offinso",1976,0
"Offinso",1977,0
"Offinso",1978,0
"Offinso",1979,0
"Offinso",1980,0.26191485
"Offinso",1981,0.251582535008228
"Offinso",1982,0.24166444403397
"Offinso",1983,0.231837929859814
"Offinso",1984,0.222329242252652
"Offinso",1985,0.213434718231857
"Offinso",1986,0.20494539450948
"Offinso",1987,0.196851992605747
"Offinso",1988,0.189159616244797
"Offinso",1989,0.181886245353685
"Offinso",1990,0.337015379398074
"Offinso",1991,0.324343529771473
"Offinso",1992,0.31230599501474
"Offinso",1993,0.300903154603337
"Offinso",1994,0.290104429288196
"Offinso",1995,0.279949435722104
"Offinso",1996,0.270340760554076
"Offinso",1997,0.261276753934146
"Offinso",1998,0.252569187508398
"Offinso",1999,0.244175263328876
"Offinso",2000,0.262263543638624
"Offinso",2001,0.282742174440678
"Offinso",2002,0.300463962105959
"Offinso",2003,0.320085786260999
"Offinso",2004,0.336534451159233
"Offinso",2005,0.357996164018459
"Offinso",2006,0.37885651163562
"Offinso",2007,0.39875427244157
"Offinso",2008,0.417667904342476
"Offinso",2009,0.435769854358332
"Offinso",2010,0.453219653046491
"Offinso",2011,0.470192820955508
"Offinso",2012,0.835732412586084
"Offinso",2013,0.840819712270479
"Offinso",2014,0.845709954342748
"Offinso",2015,0.848299527774707
"Offinso",2016,0.847813205054168
"Offinso",2017,0.851427608101683
"Offinso",2018,0.855294668726995
"Offinso",2019,0.859236957472061
"Offinso",2020,0.8630085771145
"Offinso",2021,0.866622450183363
"Offinso",2022,0.870093450475458
"Offinso",2023,0.873421951100225
"Offinso",2024,0.876506412887691
"Offinso",2025,0.879594341664793
"Offinso North",1970,0
"Offinso North",1971,0
"Offinso North",1972,0
"Offinso North",1973,0
"Offinso North",1974,0
"Offinso North",1975,0
"Offinso North",1976,0
"Offinso North",1977,0
"Offinso North",1978,0
"Offinso North",1979,0
"Offinso North",1980,0.26191485
"Offinso North",1981,0.251582535008228
"Offinso North",1982,0.24166444403397
"Offinso North",1983,0.231837929859814
"Offinso North",1984,0.222329242252652
"Offinso North",1985,0.213434718231857
"Offinso North",1986,0.20494539450948
"Offinso North",1987,0.196851992605747
"Offinso North",1988,0.189159616244797
"Offinso North",1989,0.181886245353685
"Offinso North",1990,0.337015379398075
"Offinso North",1991,0.324343529771473
"Offinso North",1992,0.31230599501474
"Offinso North",1993,0.300903154603337
"Offinso North",1994,0.290104429288196
"Offinso North",1995,0.279949435722104
"Offinso North",1996,0.270340760554076
"Offinso North",1997,0.261276753934146
"Offinso North",1998,0.252569187508398
"Offinso North",1999,0.244175263328876
"Offinso North",2000,0.262263543638624
"Offinso North",2001,0.282742174440678
"Offinso North",2002,0.300463962105959
"Offinso North",2003,0.320085786260999
"Offinso North",2004,0.336534451159233
"Offinso North",2005,0.357996164018459
"Offinso North",2006,0.37885651163562
"Offinso North",2007,0.39875427244157
"Offinso North",2008,0.417667904342476
"Offinso North",2009,0.435769854358332
"Offinso North",2010,0.45321965304649
"Offinso North",2011,0.470192820955508
"Offinso North",2012,0.486663789331511
"Offinso North",2013,0.502561600845247
"Offinso North",2014,0.517843607321087
"Offinso North",2015,0.532366411734033
"Offinso North",2016,0.546275297675936
"Offinso North",2017,0.559380544931163
"Offinso North",2018,0.571598764851165
"Offinso North",2019,0.583269940701029
"Offinso North",2020,0.594435849372933
"Offinso North",2021,0.605134748112549
"Offinso North",2022,0.615410670908578
"Offinso North",2023,0.625264722354363
"Offinso North",2024,0.634770618642981
"Offinso North",2025,0.643903095424225
"Oforikrom",1970,0
"Oforikrom",1971,0
"Oforikrom",1972,0
"Oforikrom",1973,0
"Oforikrom",1974,0
"Oforikrom",1975,0
"Oforikrom",1976,0
"Oforikrom",1977,0
"Oforikrom",1978,0
"Oforikrom",1979,0
"Oforikrom",1980,0
"Oforikrom",1981,0
"Oforikrom",1982,0
"Oforikrom",1983,0
"Oforikrom",1984,0
"Oforikrom",1985,0
"Oforikrom",1986,0
"Oforikrom",1987,0
"Oforikrom",1988,0
"Oforikrom",1989,0
"Oforikrom",1990,0
"Oforikrom",1991,0
"Oforikrom",1992,0
"Oforikrom",1993,0
"Oforikrom",1994,0
"Oforikrom",1995,0
"Oforikrom",1996,0
"Oforikrom",1997,0
"Oforikrom",1998,0
"Oforikrom",1999,0
"Oforikrom",2000,0.0214004990247016
"Oforikrom",2001,0.0498241483998988
"Oforikrom",2002,0.0740578632747634
"Oforikrom",2003,0.094896184986822
"Oforikrom",2004,0.115360604707703
"Oforikrom",2005,0.140446528461353
"Oforikrom",2006,0.161402762191051
"Oforikrom",2007,0.183845351760226
"Oforikrom",2008,0.209327520619732
"Oforikrom",2009,0.233423932696559
"Oforikrom",2010,0.257131630977006
"Oforikrom",2011,0.277161108340015
"Oforikrom",2012,0.295738176155444
"Oforikrom",2013,0.316905743162873
"Oforikrom",2014,0.3378913584156
"Oforikrom",2015,0.357834419314214
"Oforikrom",2016,0.373403576550649
"Oforikrom",2017,0.391501998383278
"Oforikrom",2018,0.408375430364337
"Oforikrom",2019,0.424493391338279
"Oforikrom",2020,0.43991357543348
"Oforikrom",2021,0.454688816126242
"Oforikrom",2022,0.46887992460822
"Oforikrom",2023,0.472877213890965
"Oforikrom",2024,0.477005984936799
"Oforikrom",2025,0.484249195761179
"Okai Koi North",1970,0
"Okai Koi North",1971,0
"Okai Koi North",1972,0
"Okai Koi North",1973,0
"Okai Koi North",1974,0
"Okai Koi North",1975,0
"Okai Koi North",1976,0
"Okai Koi North",1977,0
"Okai Koi North",1978,0
"Okai Koi North",1979,0
"Okai Koi North",1980,0.26191485
"Okai Koi North",1981,0.251582535008228
"Okai Koi North",1982,0.24166444403397
"Okai Koi North",1983,0.231837929859814
"Okai Koi North",1984,0.222329242252652
"Okai Koi North",1985,0.213434718231857
"Okai Koi North",1986,0.20494539450948
"Okai Koi North",1987,0.196851992605747
"Okai Koi North",1988,0.189159616244797
"Okai Koi North",1989,0.181886245353684
"Okai Koi North",1990,0.337015379398074
"Okai Koi North",1991,0.324343529771473
"Okai Koi North",1992,0.31230599501474
"Okai Koi North",1993,0.300903154603337
"Okai Koi North",1994,0.290104429288196
"Okai Koi North",1995,0.279949435722103
"Okai Koi North",1996,0.270340760554076
"Okai Koi North",1997,0.261276753934145
"Okai Koi North",1998,0.252569187508398
"Okai Koi North",1999,0.244175263328875
"Okai Koi North",2000,0.269378945307895
"Okai Koi North",2001,0.293999656654083
"Okai Koi North",2002,0.31470530618821
"Okai Koi North",2003,0.33183282325431
"Okai Koi North",2004,0.349747828447125
"Okai Koi North",2005,0.368890968383483
"Okai Koi North",2006,0.386203965667557
"Okai Koi North",2007,0.404897276485135
"Okai Koi North",2008,0.421521249989217
"Okai Koi North",2009,0.437960541502015
"Okai Koi North",2010,0.452199670805177
"Okai Koi North",2011,0.462775860766517
"Okai Koi North",2012,0.473013421288543
"Okai Koi North",2013,0.484601362541353
"Okai Koi North",2014,0.493967610966991
"Okai Koi North",2015,0.509209572961336
"Okai Koi North",2016,0.523807215736251
"Okai Koi North",2017,0.537561424283782
"Okai Koi North",2018,0.550384680616644
"Okai Koi North",2019,0.562633803697469
"Okai Koi North",2020,0.574352639176501
"Okai Koi North",2021,0.585581338767415
"Okai Koi North",2022,0.596366116986577
"Okai Koi North",2023,0.606708133125905
"Okai Koi North",2024,0.616684753745
"Okai Koi North",2025,0.626269463423378
"Okere",1970,0
"Okere",1971,0
"Okere",1972,0
"Okere",1973,0
"Okere",1974,0
"Okere",1975,0
"Okere",1976,0
"Okere",1977,0
"Okere",1978,0
"Okere",1979,0
"Okere",1980,0.971988664
"Okere",1981,0.933644549319678
"Okere",1982,0.896837655798749
"Okere",1983,0.8603706117044
"Okere",1984,0.825083049492182
"Okere",1985,0.79207470147416
"Okere",1986,0.760570086813414
"Okere",1987,0.730534772268919
"Okere",1988,0.701987698202423
"Okere",1989,0.674995589678493
"Okere",1990,0.887797469340292
"Okere",1991,0.854416096506653
"Okere",1992,0.822705695298226
"Okere",1993,0.792667265364804
"Okere",1994,0.764220251985159
"Okere",1995,0.737469017055625
"Okere",1996,0.712156945205599
"Okere",1997,0.688279690245811
"Okere",1998,0.665341403421339
"Okere",1999,0.643229342370226
"Okere",2000,0.652110246117005
"Okere",2001,0.663833550770824
"Okere",2002,0.673965497444021
"Okere",2003,0.682580367791488
"Okere",2004,0.68773400104643
"Okere",2005,0.692329928345201
"Okere",2006,0.697348737696289
"Okere",2007,0.702194985488995
"Okere",2008,0.707571274867387
"Okere",2009,0.715962747453528
"Okere",2010,0.724747093549104
"Okere",2011,0.733291500502768
"Okere",2012,0.740522812320348
"Okere",2013,0.747076858572337
"Okere",2014,0.747717787643323
"Okere",2015,0.755316660711384
"Okere",2016,0.762594308732068
"Okere",2017,0.769451463010704
"Okere",2018,0.775844491495409
"Okere",2019,0.781951286114158
"Okere",2020,0.93711256188135
"Okere",2021,0.938771550555238
"Okere",2022,0.940364951890016
"Okere",2023,0.941892937165728
"Okere",2024,0.943366936935403
"Okere",2025,0.944783033667727
"Old Tafo",1970,0
"Old Tafo",1971,0
"Old Tafo",1972,0
"Old Tafo",1973,0
"Old Tafo",1974,0
"Old Tafo",1975,0
"Old Tafo",1976,0
"Old Tafo",1977,0
"Old Tafo",1978,0
"Old Tafo",1979,0
"Old Tafo",1980,0
"Old Tafo",1981,0
"Old Tafo",1982,0
"Old Tafo",1983,0
"Old Tafo",1984,0
"Old Tafo",1985,0
"Old Tafo",1986,0
"Old Tafo",1987,0
"Old Tafo",1988,0
"Old Tafo",1989,0
"Old Tafo",1990,0
"Old Tafo",1991,0
"Old Tafo",1992,0
"Old Tafo",1993,0
"Old Tafo",1994,0
"Old Tafo",1995,0
"Old Tafo",1996,0
"Old Tafo",1997,0
"Old Tafo",1998,0
"Old Tafo",1999,0
"Old Tafo",2000,0.0214004990247017
"Old Tafo",2001,0.0498241483998988
"Old Tafo",2002,0.0740578632747635
"Old Tafo",2003,0.0948961849868221
"Old Tafo",2004,0.115360604707703
"Old Tafo",2005,0.140446528461353
"Old Tafo",2006,0.161402762191051
"Old Tafo",2007,0.183845351760226
"Old Tafo",2008,0.209327520619732
"Old Tafo",2009,0.233423932696558
"Old Tafo",2010,0.257131630977006
"Old Tafo",2011,0.277161108340015
"Old Tafo",2012,0.295738176155444
"Old Tafo",2013,0.316905743162872
"Old Tafo",2014,0.3378913584156
"Old Tafo",2015,0.357834419314213
"Old Tafo",2016,0.376934432747154
"Old Tafo",2017,0.394930870395892
"Old Tafo",2018,0.411709220982233
"Old Tafo",2019,0.42773635762292
"Old Tafo",2020,0.443069649341263
"Old Tafo",2021,0.457761631898162
"Old Tafo",2022,0.471872773815628
"Old Tafo",2023,0.485404591947544
"Old Tafo",2024,0.498458315125887
"Old Tafo",2025,0.510999249743251
"Prestea-Huni Valley",1970,0
"Prestea-Huni Valley",1971,0
"Prestea-Huni Valley",1972,0
"Prestea-Huni Valley",1973,0
"Prestea-Huni Valley",1974,0
"Prestea-Huni Valley",1975,0
"Prestea-Huni Valley",1976,0
"Prestea-Huni Valley",1977,0
"Prestea-Huni Valley",1978,0
"Prestea-Huni Valley",1979,0
"Prestea-Huni Valley",1980,0.26191485
"Prestea-Huni Valley",1981,0.251582535008228
"Prestea-Huni Valley",1982,0.24166444403397
"Prestea-Huni Valley",1983,0.231837929859814
"Prestea-Huni Valley",1984,0.222329242252652
"Prestea-Huni Valley",1985,0.213434718231857
"Prestea-Huni Valley",1986,0.20494539450948
"Prestea-Huni Valley",1987,0.196851992605747
"Prestea-Huni Valley",1988,0.189159616244797
"Prestea-Huni Valley",1989,0.181886245353684
"Prestea-Huni Valley",1990,0.337015379398074
"Prestea-Huni Valley",1991,0.324343529771473
"Prestea-Huni Valley",1992,0.31230599501474
"Prestea-Huni Valley",1993,0.300903154603337
"Prestea-Huni Valley",1994,0.290104429288196
"Prestea-Huni Valley",1995,0.279949435722103
"Prestea-Huni Valley",1996,0.270340760554076
"Prestea-Huni Valley",1997,0.261276753934146
"Prestea-Huni Valley",1998,0.252569187508398
"Prestea-Huni Valley",1999,0.244175263328875
"Prestea-Huni Valley",2000,0.263429317133451
"Prestea-Huni Valley",2001,0.28823371796203
"Prestea-Huni Valley",2002,0.311916622630956
"Prestea-Huni Valley",2003,0.334726429365225
"Prestea-Huni Valley",2004,0.356530047462769
"Prestea-Huni Valley",2005,0.377344944903974
"Prestea-Huni Valley",2006,0.397576601113672
"Prestea-Huni Valley",2007,0.416874681057345
"Prestea-Huni Valley",2008,0.435218291879108
"Prestea-Huni Valley",2009,0.452774683372059
"Prestea-Huni Valley",2010,0.469698578144398
"Prestea-Huni Valley",2011,0.48616020688745
"Prestea-Huni Valley",2012,0.502134771441205
"Prestea-Huni Valley",2013,0.517553452996055
"Prestea-Huni Valley",2014,0.532374888711691
"Prestea-Huni Valley",2015,0.546460003278127
"Prestea-Huni Valley",2016,0.559949701714647
"Prestea-Huni Valley",2017,0.56793512379866
"Prestea-Huni Valley",2018,0.579916128305853
"Prestea-Huni Valley",2019,0.591360709544117
"Prestea-Huni Valley",2020,0.60230983331181
"Prestea-Huni Valley",2021,0.61280101409433
"Prestea-Huni Valley",2022,0.622877430965272
"Prestea-Huni Valley",2023,0.632540167072419
"Prestea-Huni Valley",2024,0.641861507416963
"Prestea-Huni Valley",2025,0.650816678153315
"Pru",1970,0
"Pru",1971,0
"Pru",1972,0
"Pru",1973,0
"Pru",1974,0
"Pru",1975,0
"Pru",1976,0
"Pru",1977,0
"Pru",1978,0
"Pru",1979,0
"Pru",1980,0
"Pru",1981,0
"Pru",1982,0
"Pru",1983,0
"Pru",1984,0
"Pru",1985,0
"Pru",1986,0
"Pru",1987,0
"Pru",1988,0
"Pru",1989,0
"Pru",1990,0
"Pru",1991,0
"Pru",1992,0
"Pru",1993,0
"Pru",1994,0
"Pru",1995,0
"Pru",1996,0
"Pru",1997,0
"Pru",1998,0
"Pru",1999,0
"Pru",2000,0.0333459342572246
"Pru",2001,0.0567654176531294
"Pru",2002,0.0854912574268131
"Pru",2003,0.1154190207298
"Pru",2004,0.144410200749105
"Pru",2005,0.166379898470227
"Pru",2006,0.193466348930415
"Pru",2007,0.219302913221205
"Pru",2008,0.243861619667911
"Pru",2009,0.267366384849
"Pru",2010,0.290024353756393
"Pru",2011,0.31206343384065
"Pru",2012,0.333450424946249
"Pru",2013,0.35409319139938
"Pru",2014,0.373936355997441
"Pru",2015,0.392793722590443
"Pru",2016,0.408121705459619
"Pru",2017,0.417303796227409
"Pru",2018,0.433168493784458
"Pru",2019,0.4486110033841
"Pru",2020,0.463384977666788
"Pru",2021,0.477541036029498
"Pru",2022,0.491137441264428
"Pru",2023,0.504175654894693
"Pru",2024,0.516753213195462
"Pru",2025,0.528836688089255
"Pru West",1970,0
"Pru West",1971,0
"Pru West",1972,0
"Pru West",1973,0
"Pru West",1974,0
"Pru West",1975,0
"Pru West",1976,0
"Pru West",1977,0
"Pru West",1978,0
"Pru West",1979,0
"Pru West",1980,0
"Pru West",1981,0
"Pru West",1982,0
"Pru West",1983,0
"Pru West",1984,0
"Pru West",1985,0
"Pru West",1986,0
"Pru West",1987,0
"Pru West",1988,0
"Pru West",1989,0
"Pru West",1990,0
"Pru West",1991,0
"Pru West",1992,0
"Pru West",1993,0
"Pru West",1994,0
"Pru West",1995,0
"Pru West",1996,0
"Pru West",1997,0
"Pru West",1998,0
"Pru West",1999,0
"Pru West",2000,0.0333459342572246
"Pru West",2001,0.0567654176531295
"Pru West",2002,0.0854912574268131
"Pru West",2003,0.1154190207298
"Pru West",2004,0.144410200749105
"Pru West",2005,0.166379898470227
"Pru West",2006,0.193466348930415
"Pru West",2007,0.219302913221205
"Pru West",2008,0.243861619667911
"Pru West",2009,0.267366384849
"Pru West",2010,0.290024353756393
"Pru West",2011,0.31206343384065
"Pru West",2012,0.333450424946249
"Pru West",2013,0.35409319139938
"Pru West",2014,0.373936355997442
"Pru West",2015,0.392793722590443
"Pru West",2016,0.410853936971138
"Pru West",2017,0.426766015218172
"Pru West",2018,0.442661588623095
"Pru West",2019,0.457845472499628
"Pru West",2020,0.472372017453721
"Pru West",2021,0.486290995126482
"Pru West",2022,0.499659692545343
"Pru West",2023,0.512479546756342
"Pru West",2024,0.524846460531395
"Pru West",2025,0.536727565634714
"Pusiga",1970,0
"Pusiga",1971,0
"Pusiga",1972,0
"Pusiga",1973,0
"Pusiga",1974,0
"Pusiga",1975,0
"Pusiga",1976,0
"Pusiga",1977,0
"Pusiga",1978,0
"Pusiga",1979,0
"Pusiga",1980,0
"Pusiga",1981,0
"Pusiga",1982,0
"Pusiga",1983,0
"Pusiga",1984,0
"Pusiga",1985,0
"Pusiga",1986,0
"Pusiga",1987,0
"Pusiga",1988,0
"Pusiga",1989,0
"Pusiga",1990,0
"Pusiga",1991,0
"Pusiga",1992,0
"Pusiga",1993,0
"Pusiga",1994,0
"Pusiga",1995,0
"Pusiga",1996,0
"Pusiga",1997,0
"Pusiga",1998,0
"Pusiga",1999,0
"Pusiga",2000,0.0333459342572245
"Pusiga",2001,0.0402833550640792
"Pusiga",2002,0.0724131473351251
"Pusiga",2003,0.0992665112613517
"Pusiga",2004,0.128787072220036
"Pusiga",2005,0.156968975150683
"Pusiga",2006,0.182710193868929
"Pusiga",2007,0.208891321701984
"Pusiga",2008,0.231150064763254
"Pusiga",2009,0.255049972051783
"Pusiga",2010,0.278088847448366
"Pusiga",2011,0.300498429789651
"Pusiga",2012,0.32224496078736
"Pusiga",2013,0.343234755861149
"Pusiga",2014,0.363411506854017
"Pusiga",2015,0.382585887444772
"Pusiga",2016,0.40094971477868
"Pusiga",2017,0.418015908770793
"Pusiga",2018,0.434154119498393
"Pusiga",2019,0.449569777142238
"Pusiga",2020,0.771330471637753
"Pusiga",2021,0.777362839451823
"Pusiga",2022,0.783156720433714
"Pusiga",2023,0.788712737387089
"Pusiga",2024,0.794072453766404
"Pusiga",2025,0.799221624754809
"Saboba",1970,0
"Saboba",1971,0
"Saboba",1972,0
"Saboba",1973,0
"Saboba",1974,0
"Saboba",1975,0
"Saboba",1976,0
"Saboba",1977,0
"Saboba",1978,0
"Saboba",1979,0
"Saboba",1980,0.26191485
"Saboba",1981,0.251582535008228
"Saboba",1982,0.24166444403397
"Saboba",1983,0.231837929859814
"Saboba",1984,0.222329242252652
"Saboba",1985,0.213434718231857
"Saboba",1986,0.20494539450948
"Saboba",1987,0.196851992605747
"Saboba",1988,0.189159616244797
"Saboba",1989,0.181886245353685
"Saboba",1990,0.432546899325734
"Saboba",1991,0.416283044321555
"Saboba",1992,0.400833309226824
"Saboba",1993,0.3861981810844
"Saboba",1994,0.372338412547792
"Saboba",1995,0.35930485014025
"Saboba",1996,0.346972467392669
"Saboba",1997,0.335339146783024
"Saboba",1998,0.324163304111224
"Saboba",1999,0.313390009778151
"Saboba",2000,0.336285661372442
"Saboba",2001,0.347907564432256
"Saboba",2002,0.369738585710115
"Saboba",2003,0.3906316075805
"Saboba",2004,0.410602994233289
"Saboba",2005,0.429668745755661
"Saboba",2006,0.44820026777107
"Saboba",2007,0.465876665077577
"Saboba",2008,0.482678800516328
"Saboba",2009,0.498759869317151
"Saboba",2010,0.514261592226505
"Saboba",2011,0.529339894877532
"Saboba",2012,0.543972062983105
"Saboba",2013,0.558095060809912
"Saboba",2014,0.57167100137639
"Saboba",2015,0.584206317905446
"Saboba",2016,0.589768300173103
"Saboba",2017,0.595274787445613
"Saboba",2018,0.60649767285676
"Saboba",2019,0.617218078123154
"Saboba",2020,0.627474376860333
"Saboba",2021,0.637301709758769
"Saboba",2022,0.646740523660361
"Saboba",2023,0.655791833174813
"Saboba",2024,0.664523349342954
"Saboba",2025,0.672911865927768
"Sagnarigu",1970,0
"Sagnarigu",1971,0
"Sagnarigu",1972,0
"Sagnarigu",1973,0
"Sagnarigu",1974,0
"Sagnarigu",1975,0
"Sagnarigu",1976,0
"Sagnarigu",1977,0
"Sagnarigu",1978,0
"Sagnarigu",1979,0
"Sagnarigu",1980,0.26191485
"Sagnarigu",1981,0.251582535008228
"Sagnarigu",1982,0.24166444403397
"Sagnarigu",1983,0.231837929859814
"Sagnarigu",1984,0.222329242252652
"Sagnarigu",1985,0.213434718231857
"Sagnarigu",1986,0.20494539450948
"Sagnarigu",1987,0.196851992605747
"Sagnarigu",1988,0.189159616244797
"Sagnarigu",1989,0.181886245353685
"Sagnarigu",1990,0.432546899325734
"Sagnarigu",1991,0.416283044321556
"Sagnarigu",1992,0.400833309226825
"Sagnarigu",1993,0.386198181084401
"Sagnarigu",1994,0.372338412547792
"Sagnarigu",1995,0.359304850140251
"Sagnarigu",1996,0.346972467392669
"Sagnarigu",1997,0.335339146783025
"Sagnarigu",1998,0.324163304111225
"Sagnarigu",1999,0.313390009778152
"Sagnarigu",2000,0.318639256663168
"Sagnarigu",2001,0.32724406654166
"Sagnarigu",2002,0.347576841492887
"Sagnarigu",2003,0.367542502258622
"Sagnarigu",2004,0.388270609239519
"Sagnarigu",2005,0.408058766371399
"Sagnarigu",2006,0.427292451920249
"Sagnarigu",2007,0.445638611892819
"Sagnarigu",2008,0.463077384019005
"Sagnarigu",2009,0.479767768130319
"Sagnarigu",2010,0.49585685480415
"Sagnarigu",2011,0.511506477730918
"Sagnarigu",2012,0.526693061974052
"Sagnarigu",2013,0.536966388992369
"Sagnarigu",2014,0.551191432040863
"Sagnarigu",2015,0.55783437262748
"Sagnarigu",2016,0.562300812090863
"Sagnarigu",2017,0.565326651562015
"Sagnarigu",2018,0.577379988071519
"Sagnarigu",2019,0.588893662804914
"Sagnarigu",2020,0.807892144860318
"Sagnarigu",2021,0.812960005237144
"Sagnarigu",2022,0.817827510130942
"Sagnarigu",2023,0.822495182766107
"Sagnarigu",2024,0.826997941070467
"Sagnarigu",2025,0.831323817812396
"Savelugu",1970,0
"Savelugu",1971,0
"Savelugu",1972,0
"Savelugu",1973,0
"Savelugu",1974,0
"Savelugu",1975,0
"Savelugu",1976,0
"Savelugu",1977,0
"Savelugu",1978,0
"Savelugu",1979,0
"Savelugu",1980,0.26191485
"Savelugu",1981,0.251582535008228
"Savelugu",1982,0.24166444403397
"Savelugu",1983,0.231837929859814
"Savelugu",1984,0.222329242252652
"Savelugu",1985,0.213434718231857
"Savelugu",1986,0.20494539450948
"Savelugu",1987,0.196851992605747
"Savelugu",1988,0.189159616244797
"Savelugu",1989,0.181886245353684
"Savelugu",1990,0.432546899325734
"Savelugu",1991,0.416283044321555
"Savelugu",1992,0.400833309226824
"Savelugu",1993,0.3861981810844
"Savelugu",1994,0.372338412547792
"Savelugu",1995,0.35930485014025
"Savelugu",1996,0.346972467392668
"Savelugu",1997,0.335339146783024
"Savelugu",1998,0.324163304111224
"Savelugu",1999,0.313390009778151
"Savelugu",2000,0.328550308232893
"Savelugu",2001,0.35117704330755
"Savelugu",2002,0.367085862576956
"Savelugu",2003,0.378222296776001
"Savelugu",2004,0.395060373687582
"Savelugu",2005,0.414628896242775
"Savelugu",2006,0.433649101458135
"Savelugu",2007,0.451791632004653
"Savelugu",2008,0.4690368460694
"Savelugu",2009,0.485541978697992
"Savelugu",2010,0.50145248786623
"Savelugu",2011,0.516928411024802
"Savelugu",2012,0.531946434902292
"Savelugu",2013,0.546441861489412
"Savelugu",2014,0.560375804710656
"Savelugu",2015,0.573617516944134
"Savelugu",2016,0.583806583739314
"Savelugu",2017,0.595109271266175
"Savelugu",2018,0.606336746381787
"Savelugu",2019,0.617061535858669
"Savelugu",2020,0.821054845569638
"Savelugu",2021,0.825775470122462
"Savelugu",2022,0.830309466997695
"Savelugu",2023,0.834657323569842
"Savelugu",2024,0.837726019498247
"Savelugu",2025,0.841783643103517
"Sawla-Tuna-Kalba",1970,0
"Sawla-Tuna-Kalba",1971,0
"Sawla-Tuna-Kalba",1972,0
"Sawla-Tuna-Kalba",1973,0
"Sawla-Tuna-Kalba",1974,0
"Sawla-Tuna-Kalba",1975,0
"Sawla-Tuna-Kalba",1976,0
"Sawla-Tuna-Kalba",1977,0
"Sawla-Tuna-Kalba",1978,0
"Sawla-Tuna-Kalba",1979,0
"Sawla-Tuna-Kalba",1980,0.26191485
"Sawla-Tuna-Kalba",1981,0.251582535008228
"Sawla-Tuna-Kalba",1982,0.24166444403397
"Sawla-Tuna-Kalba",1983,0.231837929859814
"Sawla-Tuna-Kalba",1984,0.222329242252652
"Sawla-Tuna-Kalba",1985,0.213434718231857
"Sawla-Tuna-Kalba",1986,0.20494539450948
"Sawla-Tuna-Kalba",1987,0.196851992605747
"Sawla-Tuna-Kalba",1988,0.189159616244797
"Sawla-Tuna-Kalba",1989,0.181886245353685
"Sawla-Tuna-Kalba",1990,0.432546899325734
"Sawla-Tuna-Kalba",1991,0.416283044321556
"Sawla-Tuna-Kalba",1992,0.400833309226825
"Sawla-Tuna-Kalba",1993,0.3861981810844
"Sawla-Tuna-Kalba",1994,0.372338412547792
"Sawla-Tuna-Kalba",1995,0.35930485014025
"Sawla-Tuna-Kalba",1996,0.346972467392669
"Sawla-Tuna-Kalba",1997,0.335339146783024
"Sawla-Tuna-Kalba",1998,0.324163304111224
"Sawla-Tuna-Kalba",1999,0.313390009778151
"Sawla-Tuna-Kalba",2000,0.322220624107723
"Sawla-Tuna-Kalba",2001,0.325349720558659
"Sawla-Tuna-Kalba",2002,0.335839338139033
"Sawla-Tuna-Kalba",2003,0.344763052552832
"Sawla-Tuna-Kalba",2004,0.35428736647344
"Sawla-Tuna-Kalba",2005,0.375174809920255
"Sawla-Tuna-Kalba",2006,0.395476979369282
"Sawla-Tuna-Kalba",2007,0.41484231876594
"Sawla-Tuna-Kalba",2008,0.433249862436631
"Sawla-Tuna-Kalba",2009,0.450867443088901
"Sawla-Tuna-Kalba",2010,0.467850322584492
"Sawla-Tuna-Kalba",2011,0.484369324918479
"Sawla-Tuna-Kalba",2012,0.50039956550201
"Sawla-Tuna-Kalba",2013,0.515871985671797
"Sawla-Tuna-Kalba",2014,0.530745078425937
"Sawla-Tuna-Kalba",2015,0.544879283736309
"Sawla-Tuna-Kalba",2016,0.558415997717402
"Sawla-Tuna-Kalba",2017,0.571170576659708
"Sawla-Tuna-Kalba",2018,0.583061863216088
"Sawla-Tuna-Kalba",2019,0.594420743428533
"Sawla-Tuna-Kalba",2020,0.605287876329179
"Sawla-Tuna-Kalba",2021,0.713366120228211
"Sawla-Tuna-Kalba",2022,0.86034431986779
"Sawla-Tuna-Kalba",2023,0.863922615344605
"Sawla-Tuna-Kalba",2024,0.865155486592567
"Sawla-Tuna-Kalba",2025,0.868527242674173
"Sefwi-Akontombra",1970,0
"Sefwi-Akontombra",1971,0
"Sefwi-Akontombra",1972,0
"Sefwi-Akontombra",1973,0
"Sefwi-Akontombra",1974,0
"Sefwi-Akontombra",1975,0
"Sefwi-Akontombra",1976,0
"Sefwi-Akontombra",1977,0
"Sefwi-Akontombra",1978,0
"Sefwi-Akontombra",1979,0
"Sefwi-Akontombra",1980,0.26191485
"Sefwi-Akontombra",1981,0.251582535008228
"Sefwi-Akontombra",1982,0.24166444403397
"Sefwi-Akontombra",1983,0.231837929859814
"Sefwi-Akontombra",1984,0.222329242252652
"Sefwi-Akontombra",1985,0.213434718231857
"Sefwi-Akontombra",1986,0.20494539450948
"Sefwi-Akontombra",1987,0.196851992605747
"Sefwi-Akontombra",1988,0.189159616244797
"Sefwi-Akontombra",1989,0.181886245353685
"Sefwi-Akontombra",1990,0.337015379398074
"Sefwi-Akontombra",1991,0.324343529771473
"Sefwi-Akontombra",1992,0.31230599501474
"Sefwi-Akontombra",1993,0.300903154603337
"Sefwi-Akontombra",1994,0.290104429288196
"Sefwi-Akontombra",1995,0.279949435722104
"Sefwi-Akontombra",1996,0.270340760554076
"Sefwi-Akontombra",1997,0.261276753934146
"Sefwi-Akontombra",1998,0.252569187508398
"Sefwi-Akontombra",1999,0.244175263328876
"Sefwi-Akontombra",2000,0.253397062429562
"Sefwi-Akontombra",2001,0.267610830822929
"Sefwi-Akontombra",2002,0.283583791236764
"Sefwi-Akontombra",2003,0.303037361037077
"Sefwi-Akontombra",2004,0.322194223318807
"Sefwi-Akontombra",2005,0.341662706273184
"Sefwi-Akontombra",2006,0.360115843644479
"Sefwi-Akontombra",2007,0.379522897876641
"Sefwi-Akontombra",2008,0.397954676802503
"Sefwi-Akontombra",2009,0.416669417805221
"Sefwi-Akontombra",2010,0.4347099307175
"Sefwi-Akontombra",2011,0.452257677846106
"Sefwi-Akontombra",2012,0.46928622487838
"Sefwi-Akontombra",2013,0.48572221242276
"Sefwi-Akontombra",2014,0.496543629472512
"Sefwi-Akontombra",2015,0.511708000433142
"Sefwi-Akontombra",2016,0.526231332158528
"Sefwi-Akontombra",2017,0.539915523259517
"Sefwi-Akontombra",2018,0.552673501269626
"Sefwi-Akontombra",2019,0.564860268721807
"Sefwi-Akontombra",2020,0.576519448064768
"Sefwi-Akontombra",2021,0.587690986615072
"Sefwi-Akontombra",2022,0.596387765799629
"Sefwi-Akontombra",2023,0.604270360043332
"Sefwi-Akontombra",2024,0.613324004973967
"Sefwi-Akontombra",2025,0.622992749403341
"Sefwi-Wiawso",1970,0
"Sefwi-Wiawso",1971,0
"Sefwi-Wiawso",1972,0
"Sefwi-Wiawso",1973,0
"Sefwi-Wiawso",1974,0
"Sefwi-Wiawso",1975,0
"Sefwi-Wiawso",1976,0
"Sefwi-Wiawso",1977,0
"Sefwi-Wiawso",1978,0
"Sefwi-Wiawso",1979,0
"Sefwi-Wiawso",1980,0.26191485
"Sefwi-Wiawso",1981,0.251582535008228
"Sefwi-Wiawso",1982,0.24166444403397
"Sefwi-Wiawso",1983,0.231837929859814
"Sefwi-Wiawso",1984,0.222329242252652
"Sefwi-Wiawso",1985,0.213434718231857
"Sefwi-Wiawso",1986,0.20494539450948
"Sefwi-Wiawso",1987,0.196851992605747
"Sefwi-Wiawso",1988,0.189159616244797
"Sefwi-Wiawso",1989,0.181886245353685
"Sefwi-Wiawso",1990,0.337015379398075
"Sefwi-Wiawso",1991,0.324343529771473
"Sefwi-Wiawso",1992,0.31230599501474
"Sefwi-Wiawso",1993,0.300903154603337
"Sefwi-Wiawso",1994,0.290104429288196
"Sefwi-Wiawso",1995,0.279949435722104
"Sefwi-Wiawso",1996,0.270340760554076
"Sefwi-Wiawso",1997,0.261276753934146
"Sefwi-Wiawso",1998,0.252569187508398
"Sefwi-Wiawso",1999,0.244175263328876
"Sefwi-Wiawso",2000,0.253397062429562
"Sefwi-Wiawso",2001,0.267610830822929
"Sefwi-Wiawso",2002,0.283583791236764
"Sefwi-Wiawso",2003,0.303037361037077
"Sefwi-Wiawso",2004,0.322194223318807
"Sefwi-Wiawso",2005,0.341662706273184
"Sefwi-Wiawso",2006,0.360115843644479
"Sefwi-Wiawso",2007,0.379522897876641
"Sefwi-Wiawso",2008,0.397954676802503
"Sefwi-Wiawso",2009,0.411410520028439
"Sefwi-Wiawso",2010,0.42598732288877
"Sefwi-Wiawso",2011,0.442795516141886
"Sefwi-Wiawso",2012,0.4592289616799
"Sefwi-Wiawso",2013,0.471236193250205
"Sefwi-Wiawso",2014,0.486348686005818
"Sefwi-Wiawso",2015,0.501820134031516
"Sefwi-Wiawso",2016,0.51663756183862
"Sefwi-Wiawso",2017,0.53059885650375
"Sefwi-Wiawso",2018,0.543615182351281
"Sefwi-Wiawso",2019,0.556048730681588
"Sefwi-Wiawso",2020,0.567944007293801
"Sefwi-Wiawso",2021,0.579341768433835
"Sefwi-Wiawso",2022,0.590288924433067
"Sefwi-Wiawso",2023,0.600786652037945
"Sefwi-Wiawso",2024,0.610131447008027
"Sefwi-Wiawso",2025,0.619226382543218
"Sekondi-Takoradi",1970,0
"Sekondi-Takoradi",1971,0
"Sekondi-Takoradi",1972,0
"Sekondi-Takoradi",1973,0
"Sekondi-Takoradi",1974,0
"Sekondi-Takoradi",1975,0
"Sekondi-Takoradi",1976,0
"Sekondi-Takoradi",1977,0
"Sekondi-Takoradi",1978,0
"Sekondi-Takoradi",1979,0
"Sekondi-Takoradi",1980,0
"Sekondi-Takoradi",1981,0
"Sekondi-Takoradi",1982,0
"Sekondi-Takoradi",1983,0
"Sekondi-Takoradi",1984,0
"Sekondi-Takoradi",1985,0
"Sekondi-Takoradi",1986,0
"Sekondi-Takoradi",1987,0
"Sekondi-Takoradi",1988,0
"Sekondi-Takoradi",1989,0
"Sekondi-Takoradi",1990,0
"Sekondi-Takoradi",1991,0
"Sekondi-Takoradi",1992,0
"Sekondi-Takoradi",1993,0
"Sekondi-Takoradi",1994,0
"Sekondi-Takoradi",1995,0
"Sekondi-Takoradi",1996,0
"Sekondi-Takoradi",1997,0
"Sekondi-Takoradi",1998,0
"Sekondi-Takoradi",1999,0
"Sekondi-Takoradi",2000,0.0247998018698011
"Sekondi-Takoradi",2001,0.0489309817982543
"Sekondi-Takoradi",2002,0.0676457272263322
"Sekondi-Takoradi",2003,0.0903847295428119
"Sekondi-Takoradi",2004,0.108052577537404
"Sekondi-Takoradi",2005,0.126952665945126
"Sekondi-Takoradi",2006,0.147421554779344
"Sekondi-Takoradi",2007,0.167158878684275
"Sekondi-Takoradi",2008,0.185528665698473
"Sekondi-Takoradi",2009,0.20249810321482
"Sekondi-Takoradi",2010,0.221071189412108
"Sekondi-Takoradi",2011,0.236220793689813
"Sekondi-Takoradi",2012,0.248307513087331
"Sekondi-Takoradi",2013,0.257687621252434
"Sekondi-Takoradi",2014,0.267562434619397
"Sekondi-Takoradi",2015,0.289623839732407
"Sekondi-Takoradi",2016,0.310752649204042
"Sekondi-Takoradi",2017,0.327962245516251
"Sekondi-Takoradi",2018,0.346597612121986
"Sekondi-Takoradi",2019,0.364398620951934
"Sekondi-Takoradi",2020,0.381428990592477
"Sekondi-Takoradi",2021,0.39774707142551
"Sekondi-Takoradi",2022,0.413420024586449
"Sekondi-Takoradi",2023,0.428449534813496
"Sekondi-Takoradi",2024,0.442948034874416
"Sekondi-Takoradi",2025,0.456876991297784
"Sekyere Afram Plains",1970,0
"Sekyere Afram Plains",1971,0
"Sekyere Afram Plains",1972,0
"Sekyere Afram Plains",1973,0
"Sekyere Afram Plains",1974,0
"Sekyere Afram Plains",1975,0
"Sekyere Afram Plains",1976,0
"Sekyere Afram Plains",1977,0
"Sekyere Afram Plains",1978,0
"Sekyere Afram Plains",1979,0
"Sekyere Afram Plains",1980,0.26191485
"Sekyere Afram Plains",1981,0.251582535008228
"Sekyere Afram Plains",1982,0.24166444403397
"Sekyere Afram Plains",1983,0.231837929859814
"Sekyere Afram Plains",1984,0.222329242252652
"Sekyere Afram Plains",1985,0.213434718231857
"Sekyere Afram Plains",1986,0.20494539450948
"Sekyere Afram Plains",1987,0.196851992605747
"Sekyere Afram Plains",1988,0.189159616244797
"Sekyere Afram Plains",1989,0.181886245353685
"Sekyere Afram Plains",1990,0.337015379398074
"Sekyere Afram Plains",1991,0.324343529771473
"Sekyere Afram Plains",1992,0.31230599501474
"Sekyere Afram Plains",1993,0.300903154603337
"Sekyere Afram Plains",1994,0.290104429288196
"Sekyere Afram Plains",1995,0.279949435722104
"Sekyere Afram Plains",1996,0.270340760554076
"Sekyere Afram Plains",1997,0.261276753934146
"Sekyere Afram Plains",1998,0.252569187508398
"Sekyere Afram Plains",1999,0.244175263328876
"Sekyere Afram Plains",2000,0.259914714484968
"Sekyere Afram Plains",2001,0.279218419765004
"Sekyere Afram Plains",2002,0.296224529897729
"Sekyere Afram Plains",2003,0.315231804335546
"Sekyere Afram Plains",2004,0.33767433757697
"Sekyere Afram Plains",2005,0.359099177511848
"Sekyere Afram Plains",2006,0.379923685397829
"Sekyere Afram Plains",2007,0.399787260273062
"Sekyere Afram Plains",2008,0.418668397054738
"Sekyere Afram Plains",2009,0.4367392464852
"Sekyere Afram Plains",2010,0.454159065035654
"Sekyere Afram Plains",2011,0.471103071696436
"Sekyere Afram Plains",2012,0.48754574164282
"Sekyere Afram Plains",2013,0.490072612708264
"Sekyere Afram Plains",2014,0.491927951845054
"Sekyere Afram Plains",2015,0.507231349446074
"Sekyere Afram Plains",2016,0.515183787595593
"Sekyere Afram Plains",2017,0.529187072636848
"Sekyere Afram Plains",2018,0.542242546746144
"Sekyere Afram Plains",2019,0.554713490560428
"Sekyere Afram Plains",2020,0.913986403879139
"Sekyere Afram Plains",2021,0.916255467241136
"Sekyere Afram Plains",2022,0.918434824247371
"Sekyere Afram Plains",2023,0.920524709164225
"Sekyere Afram Plains",2024,0.922540756003847
"Sekyere Afram Plains",2025,0.924477606606226
"Sekyere Central",1970,0
"Sekyere Central",1971,0
"Sekyere Central",1972,0
"Sekyere Central",1973,0
"Sekyere Central",1974,0
"Sekyere Central",1975,0
"Sekyere Central",1976,0
"Sekyere Central",1977,0
"Sekyere Central",1978,0
"Sekyere Central",1979,0
"Sekyere Central",1980,0.26191485
"Sekyere Central",1981,0.251582535008228
"Sekyere Central",1982,0.24166444403397
"Sekyere Central",1983,0.231837929859814
"Sekyere Central",1984,0.222329242252652
"Sekyere Central",1985,0.213434718231857
"Sekyere Central",1986,0.20494539450948
"Sekyere Central",1987,0.196851992605747
"Sekyere Central",1988,0.189159616244797
"Sekyere Central",1989,0.181886245353685
"Sekyere Central",1990,0.337015379398074
"Sekyere Central",1991,0.324343529771473
"Sekyere Central",1992,0.31230599501474
"Sekyere Central",1993,0.300903154603337
"Sekyere Central",1994,0.290104429288196
"Sekyere Central",1995,0.279949435722104
"Sekyere Central",1996,0.270340760554076
"Sekyere Central",1997,0.261276753934146
"Sekyere Central",1998,0.252569187508398
"Sekyere Central",1999,0.244175263328876
"Sekyere Central",2000,0.267011585685189
"Sekyere Central",2001,0.291218705486469
"Sekyere Central",2002,0.310538668223711
"Sekyere Central",2003,0.332773762388561
"Sekyere Central",2004,0.353730257458399
"Sekyere Central",2005,0.374635722208253
"Sekyere Central",2006,0.394955407996651
"Sekyere Central",2007,0.414337455452897
"Sekyere Central",2008,0.432760880814593
"Sekyere Central",2009,0.447240343990934
"Sekyere Central",2010,0.460991514740954
"Sekyere Central",2011,0.477585693616126
"Sekyere Central",2012,0.490032834361797
"Sekyere Central",2013,0.50285929720452
"Sekyere Central",2014,0.517428013168591
"Sekyere Central",2015,0.531963335496229
"Sekyere Central",2016,0.545884210186498
"Sekyere Central",2017,0.559000753494643
"Sekyere Central",2018,0.915557660047335
"Sekyere Central",2019,0.917858170218411
"Sekyere Central",2020,0.920059086972598
"Sekyere Central",2021,0.922167951210993
"Sekyere Central",2022,0.92419344249084
"Sekyere Central",2023,0.926135778538977
"Sekyere Central",2024,0.928009489583903
"Sekyere Central",2025,0.929809595759376
"Sekyere East",1970,0
"Sekyere East",1971,0
"Sekyere East",1972,0
"Sekyere East",1973,0
"Sekyere East",1974,0
"Sekyere East",1975,0
"Sekyere East",1976,0
"Sekyere East",1977,0
"Sekyere East",1978,0
"Sekyere East",1979,0
"Sekyere East",1980,0.26191485
"Sekyere East",1981,0.251582535008228
"Sekyere East",1982,0.24166444403397
"Sekyere East",1983,0.231837929859814
"Sekyere East",1984,0.222329242252652
"Sekyere East",1985,0.213434718231857
"Sekyere East",1986,0.20494539450948
"Sekyere East",1987,0.196851992605747
"Sekyere East",1988,0.189159616244797
"Sekyere East",1989,0.181886245353685
"Sekyere East",1990,0.337015379398074
"Sekyere East",1991,0.324343529771473
"Sekyere East",1992,0.31230599501474
"Sekyere East",1993,0.300903154603337
"Sekyere East",1994,0.290104429288196
"Sekyere East",1995,0.279949435722104
"Sekyere East",1996,0.270340760554076
"Sekyere East",1997,0.261276753934146
"Sekyere East",1998,0.252569187508398
"Sekyere East",1999,0.244175263328876
"Sekyere East",2000,0.259914714484968
"Sekyere East",2001,0.279218419765004
"Sekyere East",2002,0.296224529897729
"Sekyere East",2003,0.315231804335546
"Sekyere East",2004,0.33767433757697
"Sekyere East",2005,0.359099177511848
"Sekyere East",2006,0.379923685397829
"Sekyere East",2007,0.399787260273062
"Sekyere East",2008,0.418668397054738
"Sekyere East",2009,0.4367392464852
"Sekyere East",2010,0.454159065035654
"Sekyere East",2011,0.471103071696436
"Sekyere East",2012,0.48754574164282
"Sekyere East",2013,0.50341623945587
"Sekyere East",2014,0.518671990232905
"Sekyere East",2015,0.533169843316386
"Sekyere East",2016,0.547054832689434
"Sekyere East",2017,0.560137564090788
"Sekyere East",2018,0.879337411784281
"Sekyere East",2019,0.882624690554792
"Sekyere East",2020,0.885769656837777
"Sekyere East",2021,0.888783086088352
"Sekyere East",2022,0.891677380826889
"Sekyere East",2023,0.894452852170817
"Sekyere East",2024,0.897130262867583
"Sekyere East",2025,0.899702497013598
"Sekyere Kumawu",1970,0
"Sekyere Kumawu",1971,0
"Sekyere Kumawu",1972,0
"Sekyere Kumawu",1973,0
"Sekyere Kumawu",1974,0
"Sekyere Kumawu",1975,0
"Sekyere Kumawu",1976,0
"Sekyere Kumawu",1977,0
"Sekyere Kumawu",1978,0
"Sekyere Kumawu",1979,0
"Sekyere Kumawu",1980,0.26191485
"Sekyere Kumawu",1981,0.251582535008228
"Sekyere Kumawu",1982,0.24166444403397
"Sekyere Kumawu",1983,0.231837929859814
"Sekyere Kumawu",1984,0.222329242252652
"Sekyere Kumawu",1985,0.213434718231857
"Sekyere Kumawu",1986,0.20494539450948
"Sekyere Kumawu",1987,0.196851992605747
"Sekyere Kumawu",1988,0.189159616244797
"Sekyere Kumawu",1989,0.181886245353685
"Sekyere Kumawu",1990,0.337015379398075
"Sekyere Kumawu",1991,0.324343529771473
"Sekyere Kumawu",1992,0.31230599501474
"Sekyere Kumawu",1993,0.300903154603337
"Sekyere Kumawu",1994,0.290104429288196
"Sekyere Kumawu",1995,0.279949435722104
"Sekyere Kumawu",1996,0.270340760554076
"Sekyere Kumawu",1997,0.261276753934146
"Sekyere Kumawu",1998,0.252569187508398
"Sekyere Kumawu",1999,0.244175263328876
"Sekyere Kumawu",2000,0.259914714484968
"Sekyere Kumawu",2001,0.279218419765004
"Sekyere Kumawu",2002,0.296224529897729
"Sekyere Kumawu",2003,0.315231804335546
"Sekyere Kumawu",2004,0.33767433757697
"Sekyere Kumawu",2005,0.359099177511848
"Sekyere Kumawu",2006,0.379923685397829
"Sekyere Kumawu",2007,0.399787260273062
"Sekyere Kumawu",2008,0.418668397054738
"Sekyere Kumawu",2009,0.4367392464852
"Sekyere Kumawu",2010,0.454159065035654
"Sekyere Kumawu",2011,0.471103071696436
"Sekyere Kumawu",2012,0.48754574164282
"Sekyere Kumawu",2013,0.50341623945587
"Sekyere Kumawu",2014,0.518671990232905
"Sekyere Kumawu",2015,0.533169843316386
"Sekyere Kumawu",2016,0.547054832689433
"Sekyere Kumawu",2017,0.560137564090788
"Sekyere Kumawu",2018,0.57233479214021
"Sekyere Kumawu",2019,0.58398591598458
"Sekyere Kumawu",2020,0.919640800597962
"Sekyere Kumawu",2021,0.921760699351019
"Sekyere Kumawu",2022,0.923796788901166
"Sekyere Kumawu",2023,0.925749288114485
"Sekyere Kumawu",2024,0.925845709387571
"Sekyere Kumawu",2025,0.927699920389795
"Sekyere South",1970,0
"Sekyere South",1971,0
"Sekyere South",1972,0
"Sekyere South",1973,0
"Sekyere South",1974,0
"Sekyere South",1975,0
"Sekyere South",1976,0
"Sekyere South",1977,0
"Sekyere South",1978,0
"Sekyere South",1979,0
"Sekyere South",1980,0.26191485
"Sekyere South",1981,0.251582535008228
"Sekyere South",1982,0.24166444403397
"Sekyere South",1983,0.231837929859814
"Sekyere South",1984,0.222329242252652
"Sekyere South",1985,0.213434718231857
"Sekyere South",1986,0.20494539450948
"Sekyere South",1987,0.196851992605747
"Sekyere South",1988,0.189159616244797
"Sekyere South",1989,0.181886245353685
"Sekyere South",1990,0.337015379398074
"Sekyere South",1991,0.324343529771473
"Sekyere South",1992,0.31230599501474
"Sekyere South",1993,0.300903154603337
"Sekyere South",1994,0.290104429288196
"Sekyere South",1995,0.279949435722104
"Sekyere South",1996,0.270340760554076
"Sekyere South",1997,0.261276753934146
"Sekyere South",1998,0.252569187508398
"Sekyere South",1999,0.244175263328876
"Sekyere South",2000,0.255779380971685
"Sekyere South",2001,0.265879821882435
"Sekyere South",2002,0.274134067325849
"Sekyere South",2003,0.284810003173034
"Sekyere South",2004,0.292946348807594
"Sekyere South",2005,0.305258243035751
"Sekyere South",2006,0.318178364866478
"Sekyere South",2007,0.328946329041086
"Sekyere South",2008,0.338972036610202
"Sekyere South",2009,0.359520268867354
"Sekyere South",2010,0.379328218617009
"Sekyere South",2011,0.398595126106459
"Sekyere South",2012,0.415432273123182
"Sekyere South",2013,0.429261316896805
"Sekyere South",2014,0.442345892060307
"Sekyere South",2015,0.459142727408039
"Sekyere South",2016,0.473968555288059
"Sekyere South",2017,0.489162288650302
"Sekyere South",2018,0.837107897413531
"Sekyere South",2019,0.841545658600611
"Sekyere South",2020,0.845791300750133
"Sekyere South",2021,0.849859370512934
"Sekyere South",2022,0.853766611045702
"Sekyere South",2023,0.857513442350802
"Sekyere South",2024,0.859763790285981
"Sekyere South",2025,0.863270364495165
"Sene East",1970,0.954342586644847
"Sene East",1971,0.912306798984791
"Sene East",1972,0.874184821894739
"Sene East",1973,0.837299966998717
"Sene East",1974,0.802007767884594
"Sene East",1975,0.768554067783098
"Sene East",1976,0.736790133389933
"Sene East",1977,0.706813380597594
"Sene East",1978,0.677157077250602
"Sene East",1979,0.648731947954737
"Sene East",1980,0.937843214544404
"Sene East",1981,0.900846108402585
"Sene East",1982,0.86533222165106
"Sene East",1983,0.830146245594886
"Sene East",1984,0.796098316843998
"Sene East",1985,0.764249534693981
"Sene East",1986,0.733851660540979
"Sene East",1987,0.704871470765575
"Sene East",1988,0.677327240364592
"Sene East",1989,0.651283350386248
"Sene East",1990,0.844004927670153
"Sene East",1991,0.812270163676151
"Sene East",1992,0.782123946996577
"Sene East",1993,0.753567227971322
"Sene East",1994,0.726523425416038
"Sene East",1995,0.701091753349473
"Sene East",1996,0.677028254512472
"Sene East",1997,0.654328797101005
"Sene East",1998,0.632521991178759
"Sene East",1999,0.61150065564606
"Sene East",2000,0.624455529241862
"Sene East",2001,0.637110751744435
"Sene East",2002,0.63450252777205
"Sene East",2003,0.639971523909812
"Sene East",2004,0.650557287422601
"Sene East",2005,0.661861023044124
"Sene East",2006,0.965976194470503
"Sene East",2007,0.967066115812055
"Sene East",2008,0.968102130429784
"Sene East",2009,0.969093684295487
"Sene East",2010,0.970049515867767
"Sene East",2011,0.970979239474267
"Sene East",2012,0.971007041847347
"Sene East",2013,0.971735238224273
"Sene East",2014,0.972240220972578
"Sene East",2015,0.97307636013299
"Sene East",2016,0.973877153415268
"Sene East",2017,0.974631677825664
"Sene East",2018,0.975335132327643
"Sene East",2019,0.976007091193069
"Sene East",2020,0.976649959693993
"Sene East",2021,0.977265940461557
"Sene East",2022,0.977857568718388
"Sene East",2023,0.978424908060588
"Sene East",2024,0.978972202640597
"Sene East",2025,0.979497997883115
"Sene West",1970,0.954342586644847
"Sene West",1971,0.912306798984791
"Sene West",1972,0.874184821894739
"Sene West",1973,0.837299966998717
"Sene West",1974,0.802007767884594
"Sene West",1975,0.768554067783098
"Sene West",1976,0.736790133389933
"Sene West",1977,0.706813380597594
"Sene West",1978,0.677157077250602
"Sene West",1979,0.648731947954737
"Sene West",1980,0.937843214544403
"Sene West",1981,0.900846108402585
"Sene West",1982,0.86533222165106
"Sene West",1983,0.830146245594886
"Sene West",1984,0.796098316843998
"Sene West",1985,0.764249534693981
"Sene West",1986,0.733851660540979
"Sene West",1987,0.704871470765575
"Sene West",1988,0.677327240364592
"Sene West",1989,0.651283350386248
"Sene West",1990,0.844004927670153
"Sene West",1991,0.812270163676151
"Sene West",1992,0.782123946996577
"Sene West",1993,0.753567227971322
"Sene West",1994,0.726523425416038
"Sene West",1995,0.701091753349474
"Sene West",1996,0.677028254512472
"Sene West",1997,0.654328797101005
"Sene West",1998,0.632521991178759
"Sene West",1999,0.61150065564606
"Sene West",2000,0.624455529241862
"Sene West",2001,0.637110751744435
"Sene West",2002,0.63450252777205
"Sene West",2003,0.639971523909812
"Sene West",2004,0.650557287422601
"Sene West",2005,0.661861023044124
"Sene West",2006,0.965976194470503
"Sene West",2007,0.967066115812055
"Sene West",2008,0.968102130429784
"Sene West",2009,0.969093684295487
"Sene West",2010,0.970049515867767
"Sene West",2011,0.970979239474267
"Sene West",2012,0.971007041847347
"Sene West",2013,0.971904941848082
"Sene West",2014,0.972768061505403
"Sene West",2015,0.973588301831047
"Sene West",2016,0.974373868365577
"Sene West",2017,0.97511404581138
"Sene West",2018,0.975804124421614
"Sene West",2019,0.976463306271588
"Sene West",2020,0.977093950898117
"Sene West",2021,0.977698219050238
"Sene West",2022,0.978278597744383
"Sene West",2023,0.978835149367401
"Sene West",2024,0.979372037370958
"Sene West",2025,0.979887834837893
"Shai-Osudoku",1970,0
"Shai-Osudoku",1971,0
"Shai-Osudoku",1972,0
"Shai-Osudoku",1973,0
"Shai-Osudoku",1974,0
"Shai-Osudoku",1975,0
"Shai-Osudoku",1976,0
"Shai-Osudoku",1977,0
"Shai-Osudoku",1978,0
"Shai-Osudoku",1979,0
"Shai-Osudoku",1980,0.26191485
"Shai-Osudoku",1981,0.251582535008228
"Shai-Osudoku",1982,0.24166444403397
"Shai-Osudoku",1983,0.231837929859814
"Shai-Osudoku",1984,0.222329242252652
"Shai-Osudoku",1985,0.213434718231857
"Shai-Osudoku",1986,0.20494539450948
"Shai-Osudoku",1987,0.196851992605747
"Shai-Osudoku",1988,0.189159616244797
"Shai-Osudoku",1989,0.181886245353685
"Shai-Osudoku",1990,0.337015379398074
"Shai-Osudoku",1991,0.324343529771473
"Shai-Osudoku",1992,0.31230599501474
"Shai-Osudoku",1993,0.300903154603337
"Shai-Osudoku",1994,0.290104429288196
"Shai-Osudoku",1995,0.279949435722104
"Shai-Osudoku",1996,0.270340760554076
"Shai-Osudoku",1997,0.261276753934146
"Shai-Osudoku",1998,0.252569187508398
"Shai-Osudoku",1999,0.244175263328876
"Shai-Osudoku",2000,0.260057648164109
"Shai-Osudoku",2001,0.274778736978046
"Shai-Osudoku",2002,0.297848499069447
"Shai-Osudoku",2003,0.31589083168716
"Shai-Osudoku",2004,0.337708808648124
"Shai-Osudoku",2005,0.357084749120969
"Shai-Osudoku",2006,0.3779747109406
"Shai-Osudoku",2007,0.397900719421422
"Shai-Osudoku",2008,0.416841201887564
"Shai-Osudoku",2009,0.434968850171862
"Shai-Osudoku",2010,0.452443421307772
"Shai-Osudoku",2011,0.469440685019996
"Shai-Osudoku",2012,0.485935036256214
"Shai-Osudoku",2013,0.501855416953246
"Shai-Osudoku",2014,0.51715911839037
"Shai-Osudoku",2015,0.530528082508637
"Shai-Osudoku",2016,0.542701996831891
"Shai-Osudoku",2017,0.554595768785005
"Shai-Osudoku",2018,0.772899863144478
"Shai-Osudoku",2019,0.779086879929917
"Shai-Osudoku",2020,0.785006049109307
"Shai-Osudoku",2021,0.790677651263129
"Shai-Osudoku",2022,0.796125029285941
"Shai-Osudoku",2023,0.801348768734642
"Shai-Osudoku",2024,0.806387947361962
"Shai-Osudoku",2025,0.811229172262095
"Shama",1970,0
"Shama",1971,0
"Shama",1972,0
"Shama",1973,0
"Shama",1974,0
"Shama",1975,0
"Shama",1976,0
"Shama",1977,0
"Shama",1978,0
"Shama",1979,0
"Shama",1980,0.26191485
"Shama",1981,0.251582535008228
"Shama",1982,0.24166444403397
"Shama",1983,0.231837929859814
"Shama",1984,0.222329242252652
"Shama",1985,0.213434718231857
"Shama",1986,0.20494539450948
"Shama",1987,0.196851992605747
"Shama",1988,0.189159616244797
"Shama",1989,0.181886245353685
"Shama",1990,0.337015379398074
"Shama",1991,0.324343529771473
"Shama",1992,0.31230599501474
"Shama",1993,0.300903154603337
"Shama",1994,0.290104429288196
"Shama",1995,0.279949435722104
"Shama",1996,0.270340760554076
"Shama",1997,0.261276753934146
"Shama",1998,0.252569187508398
"Shama",1999,0.244175263328876
"Shama",2000,0.260832812920472
"Shama",2001,0.27701007392484
"Shama",2002,0.288089092818358
"Shama",2003,0.303520447936279
"Shama",2004,0.314203004447906
"Shama",2005,0.326434560818222
"Shama",2006,0.340421772383299
"Shama",2007,0.353976511688507
"Shama",2008,0.366469500280221
"Shama",2009,0.380180409067933
"Shama",2010,0.396325990360837
"Shama",2011,0.408971967696368
"Shama",2012,0.4196639409402
"Shama",2013,0.424888661878426
"Shama",2014,0.429040795574434
"Shama",2015,0.445887326371819
"Shama",2016,0.462368370868721
"Shama",2017,0.476813804228709
"Shama",2018,0.491321570341861
"Shama",2019,0.505179782962349
"Shama",2020,0.518438047465152
"Shama",2021,0.531141790039676
"Shama",2022,0.54334329610993
"Shama",2023,0.555043877256646
"Shama",2024,0.566331063193231
"Shama",2025,0.57717485533673
"Sissala East",1970,0.915461313544121
"Sissala East",1971,0.87513812360619
"Sissala East",1972,0.838569290034116
"Sissala East",1973,0.803187176539936
"Sissala East",1974,0.769332831767938
"Sissala East",1975,0.737242082946284
"Sissala East",1976,0.706772256376847
"Sissala East",1977,0.678016799090234
"Sissala East",1978,0.649568735683206
"Sissala East",1979,0.622301686546962
"Sissala East",1980,0.928503899425421
"Sissala East",1981,0.891875221212056
"Sissala East",1982,0.856714992059508
"Sissala East",1983,0.821879408172367
"Sissala East",1984,0.788170538584911
"Sissala East",1985,0.756638915857751
"Sissala East",1986,0.726543752564367
"Sissala East",1987,0.697852155935795
"Sissala East",1988,0.670582218981131
"Sissala East",1989,0.644797681623417
"Sissala East",1990,0.837860166451137
"Sissala East",1991,0.806356446780091
"Sissala East",1992,0.776429709036101
"Sissala East",1993,0.748080896640127
"Sissala East",1994,0.721233985955624
"Sissala East",1995,0.695987468675632
"Sissala East",1996,0.672099163667007
"Sissala East",1997,0.649564969207239
"Sissala East",1998,0.62791692730514
"Sissala East",1999,0.60704863719092
"Sissala East",2000,0.609412144718281
"Sissala East",2001,0.622574304196796
"Sissala East",2002,0.632824353765664
"Sissala East",2003,0.644996142539518
"Sissala East",2004,0.656631008063843
"Sissala East",2005,0.667738271617423
"Sissala East",2006,0.671691532906837
"Sissala East",2007,0.6749273642067
"Sissala East",2008,0.674970547859756
"Sissala East",2009,0.676901589505854
"Sissala East",2010,0.678007714355493
"Sissala East",2011,0.683471121038524
"Sissala East",2012,0.687004276940533
"Sissala East",2013,0.693520730520802
"Sissala East",2014,0.696937102709053
"Sissala East",2015,0.706065516744431
"Sissala East",2016,0.714808047872602
"Sissala East",2017,0.716297907229772
"Sissala East",2018,0.724164864808143
"Sissala East",2019,0.73167959656954
"Sissala East",2020,0.738869001443653
"Sissala East",2021,0.74575771216182
"Sissala East",2022,0.769091060341185
"Sissala East",2023,0.775007471428474
"Sissala East",2024,0.780714848795644
"Sissala East",2025,0.786198023627867
"Sissala West",1970,0.915461313544121
"Sissala West",1971,0.875138123606189
"Sissala West",1972,0.838569290034116
"Sissala West",1973,0.803187176539937
"Sissala West",1974,0.769332831767938
"Sissala West",1975,0.737242082946284
"Sissala West",1976,0.706772256376848
"Sissala West",1977,0.678016799090235
"Sissala West",1978,0.649568735683206
"Sissala West",1979,0.622301686546963
"Sissala West",1980,0.928503899425421
"Sissala West",1981,0.891875221212056
"Sissala West",1982,0.856714992059508
"Sissala West",1983,0.821879408172367
"Sissala West",1984,0.788170538584911
"Sissala West",1985,0.756638915857751
"Sissala West",1986,0.726543752564367
"Sissala West",1987,0.697852155935795
"Sissala West",1988,0.670582218981131
"Sissala West",1989,0.644797681623417
"Sissala West",1990,0.837860166451137
"Sissala West",1991,0.806356446780091
"Sissala West",1992,0.776429709036101
"Sissala West",1993,0.748080896640128
"Sissala West",1994,0.721233985955624
"Sissala West",1995,0.695987468675632
"Sissala West",1996,0.672099163667008
"Sissala West",1997,0.649564969207239
"Sissala West",1998,0.62791692730514
"Sissala West",1999,0.60704863719092
"Sissala West",2000,0.609412144718281
"Sissala West",2001,0.622574304196796
"Sissala West",2002,0.632824353765664
"Sissala West",2003,0.644996142539518
"Sissala West",2004,0.656631008063843
"Sissala West",2005,0.667738271617423
"Sissala West",2006,0.678534305481213
"Sissala West",2007,0.688832163571454
"Sissala West",2008,0.69862069702434
"Sissala West",2009,0.707989153818944
"Sissala West",2010,0.717020097167112
"Sissala West",2011,0.725804365717401
"Sissala West",2012,0.734328726654246
"Sissala West",2013,0.742556456825014
"Sissala West",2014,0.750465484155129
"Sissala West",2015,0.757981595157535
"Sissala West",2016,0.765179979690342
"Sissala West",2017,0.765656763970075
"Sissala West",2018,0.772155018102161
"Sissala West",2019,0.778362327120107
"Sissala West",2020,0.784300910043051
"Sissala West",2021,0.800640556214004
"Sissala West",2022,0.805828660873028
"Sissala West",2023,0.81080377125785
"Sissala West",2024,0.815603105176769
"Sissala West",2025,0.820213907172627
"South Dayi",1970,0
"South Dayi",1971,0
"South Dayi",1972,0
"South Dayi",1973,0
"South Dayi",1974,0
"South Dayi",1975,0
"South Dayi",1976,0
"South Dayi",1977,0
"South Dayi",1978,0
"South Dayi",1979,0
"South Dayi",1980,0.971988664
"South Dayi",1981,0.933644549319678
"South Dayi",1982,0.896837655798749
"South Dayi",1983,0.8603706117044
"South Dayi",1984,0.825083049492182
"South Dayi",1985,0.79207470147416
"South Dayi",1986,0.760570086813413
"South Dayi",1987,0.730534772268918
"South Dayi",1988,0.701987698202422
"South Dayi",1989,0.674995589678493
"South Dayi",1990,0.887797469340292
"South Dayi",1991,0.854416096506653
"South Dayi",1992,0.822705695298226
"South Dayi",1993,0.792667265364803
"South Dayi",1994,0.764220251985158
"South Dayi",1995,0.737469017055625
"South Dayi",1996,0.712156945205599
"South Dayi",1997,0.68827969024581
"South Dayi",1998,0.665341403421339
"South Dayi",1999,0.643229342370226
"South Dayi",2000,0.647884440082192
"South Dayi",2001,0.65975014735351
"South Dayi",2002,0.662255575112354
"South Dayi",2003,0.670594295409888
"South Dayi",2004,0.681390209300143
"South Dayi",2005,0.688221425194564
"South Dayi",2006,0.698351908979106
"South Dayi",2007,0.708014928354082
"South Dayi",2008,0.717200021756902
"South Dayi",2009,0.725990935238772
"South Dayi",2010,0.734465142183842
"South Dayi",2011,0.742707881251773
"South Dayi",2012,0.750706735398936
"South Dayi",2013,0.758427245368631
"South Dayi",2014,0.765848699777732
"South Dayi",2015,0.772901460225999
"South Dayi",2016,0.77965608129375
"South Dayi",2017,0.786020428487192
"South Dayi",2018,0.791954005484428
"South Dayi",2019,0.797621919551033
"South Dayi",2020,0.803044458945695
"South Dayi",2021,0.807698811907363
"South Dayi",2022,0.81257300788556
"South Dayi",2023,0.817375312793467
"South Dayi",2024,0.822007946654985
"South Dayi",2025,0.826458597060984
"South Tongu",1970,0
"South Tongu",1971,0
"South Tongu",1972,0
"South Tongu",1973,0
"South Tongu",1974,0
"South Tongu",1975,0
"South Tongu",1976,0
"South Tongu",1977,0
"South Tongu",1978,0
"South Tongu",1979,0
"South Tongu",1980,0.971988664
"South Tongu",1981,0.933644549319678
"South Tongu",1982,0.896837655798749
"South Tongu",1983,0.8603706117044
"South Tongu",1984,0.825083049492181
"South Tongu",1985,0.79207470147416
"South Tongu",1986,0.760570086813414
"South Tongu",1987,0.730534772268918
"South Tongu",1988,0.701987698202422
"South Tongu",1989,0.674995589678493
"South Tongu",1990,0.887797469340292
"South Tongu",1991,0.854416096506653
"South Tongu",1992,0.822705695298226
"South Tongu",1993,0.792667265364804
"South Tongu",1994,0.764220251985159
"South Tongu",1995,0.737469017055625
"South Tongu",1996,0.712156945205599
"South Tongu",1997,0.688279690245811
"South Tongu",1998,0.665341403421339
"South Tongu",1999,0.643229342370226
"South Tongu",2000,0.653892474427444
"South Tongu",2001,0.66555572095879
"South Tongu",2002,0.669550365791337
"South Tongu",2003,0.673671045724906
"South Tongu",2004,0.679084798581112
"South Tongu",2005,0.683636672301676
"South Tongu",2006,0.688294619649642
"South Tongu",2007,0.692663505339485
"South Tongu",2008,0.698032021408426
"South Tongu",2009,0.702659672784795
"South Tongu",2010,0.70599827016572
"South Tongu",2011,0.710122582698436
"South Tongu",2012,0.715198897370556
"South Tongu",2013,0.718428885705319
"South Tongu",2014,0.721931512840384
"South Tongu",2015,0.727242964052139
"South Tongu",2016,0.732057743692632
"South Tongu",2017,0.739167874801105
"South Tongu",2018,0.926057214326526
"South Tongu",2019,0.928071679233761
"South Tongu",2020,0.929236749714439
"South Tongu",2021,0.931103504574603
"South Tongu",2022,0.93289645815693
"South Tongu",2023,0.934347407843344
"South Tongu",2024,0.935092355216755
"South Tongu",2025,0.936715355964136
"Suaman",1970,0
"Suaman",1971,0
"Suaman",1972,0
"Suaman",1973,0
"Suaman",1974,0
"Suaman",1975,0
"Suaman",1976,0
"Suaman",1977,0
"Suaman",1978,0
"Suaman",1979,0
"Suaman",1980,0.26191485
"Suaman",1981,0.251582535008228
"Suaman",1982,0.24166444403397
"Suaman",1983,0.231837929859814
"Suaman",1984,0.222329242252652
"Suaman",1985,0.213434718231857
"Suaman",1986,0.20494539450948
"Suaman",1987,0.196851992605747
"Suaman",1988,0.189159616244797
"Suaman",1989,0.181886245353685
"Suaman",1990,0.337015379398074
"Suaman",1991,0.324343529771473
"Suaman",1992,0.31230599501474
"Suaman",1993,0.300903154603337
"Suaman",1994,0.290104429288196
"Suaman",1995,0.279949435722104
"Suaman",1996,0.270340760554076
"Suaman",1997,0.261276753934146
"Suaman",1998,0.252569187508398
"Suaman",1999,0.244175263328876
"Suaman",2000,0.269378945307895
"Suaman",2001,0.293999656654083
"Suaman",2002,0.317635429248718
"Suaman",2003,0.340255658850343
"Suaman",2004,0.361878062462014
"Suaman",2005,0.382519962884035
"Suaman",2006,0.402583469515898
"Suaman",2007,0.421721159031722
"Suaman",2008,0.439912312220571
"Suaman",2009,0.457322788827105
"Suaman",2010,0.474106025527174
"Suaman",2011,0.490430838188787
"Suaman",2012,0.506272634754693
"Suaman",2013,0.521563168382978
"Suaman",2014,0.536261420008658
"Suaman",2015,0.550229470206089
"Suaman",2016,0.562353193127843
"Suaman",2017,0.574202651789663
"Suaman",2018,0.581863385277603
"Suaman",2019,0.591742237647923
"Suaman",2020,0.595823738282645
"Suaman",2021,0.603663092751381
"Suaman",2022,0.611689714105292
"Suaman",2023,0.620246794062928
"Suaman",2024,0.62861526735222
"Suaman",2025,0.637354895770127
"Suame",1970,0
"Suame",1971,0
"Suame",1972,0
"Suame",1973,0
"Suame",1974,0
"Suame",1975,0
"Suame",1976,0
"Suame",1977,0
"Suame",1978,0
"Suame",1979,0
"Suame",1980,0
"Suame",1981,0
"Suame",1982,0
"Suame",1983,0
"Suame",1984,0
"Suame",1985,0
"Suame",1986,0
"Suame",1987,0
"Suame",1988,0
"Suame",1989,0
"Suame",1990,0
"Suame",1991,0
"Suame",1992,0
"Suame",1993,0
"Suame",1994,0
"Suame",1995,0
"Suame",1996,0
"Suame",1997,0
"Suame",1998,0
"Suame",1999,0
"Suame",2000,0.0214004990247017
"Suame",2001,0.0498241483998988
"Suame",2002,0.0740578632747635
"Suame",2003,0.094896184986822
"Suame",2004,0.115360604707703
"Suame",2005,0.140446528461353
"Suame",2006,0.161402762191051
"Suame",2007,0.183845351760226
"Suame",2008,0.209327520619732
"Suame",2009,0.233423932696559
"Suame",2010,0.257131630977006
"Suame",2011,0.277161108340015
"Suame",2012,0.295738176155444
"Suame",2013,0.316905743162872
"Suame",2014,0.3378913584156
"Suame",2015,0.357834419314213
"Suame",2016,0.360111731627874
"Suame",2017,0.367742363987809
"Suame",2018,0.373026688552277
"Suame",2019,0.379463549554861
"Suame",2020,0.388755671011515
"Suame",2021,0.404880471911449
"Suame",2022,0.420367786370789
"Suame",2023,0.435219279172814
"Suame",2024,0.449546051372443
"Suame",2025,0.463310025908958
"Suhum",1970,0
"Suhum",1971,0
"Suhum",1972,0
"Suhum",1973,0
"Suhum",1974,0
"Suhum",1975,0
"Suhum",1976,0
"Suhum",1977,0
"Suhum",1978,0
"Suhum",1979,0
"Suhum",1980,0.971988664
"Suhum",1981,0.933644549319678
"Suhum",1982,0.896837655798749
"Suhum",1983,0.8603706117044
"Suhum",1984,0.825083049492182
"Suhum",1985,0.79207470147416
"Suhum",1986,0.760570086813414
"Suhum",1987,0.730534772268919
"Suhum",1988,0.701987698202423
"Suhum",1989,0.674995589678494
"Suhum",1990,0.887797469340292
"Suhum",1991,0.854416096506653
"Suhum",1992,0.822705695298226
"Suhum",1993,0.792667265364804
"Suhum",1994,0.764220251985159
"Suhum",1995,0.737469017055625
"Suhum",1996,0.712156945205599
"Suhum",1997,0.688279690245811
"Suhum",1998,0.665341403421339
"Suhum",1999,0.643229342370226
"Suhum",2000,0.652416510583046
"Suhum",2001,0.657588860566054
"Suhum",2002,0.666209174244052
"Suhum",2003,0.677274263847404
"Suhum",2004,0.687851249033522
"Suhum",2005,0.697948603559787
"Suhum",2006,0.707763026425904
"Suhum",2007,0.717124569302485
"Suhum",2008,0.726023097017183
"Suhum",2009,0.734539742828529
"Suhum",2010,0.742749563028903
"Suhum",2011,0.750735136917406
"Suhum",2012,0.758484434849697
"Suhum",2013,0.765964072663271
"Suhum",2014,0.773153985149353
"Suhum",2015,0.779100224912084
"Suhum",2016,0.781568459986159
"Suhum",2017,0.783825959965214
"Suhum",2018,0.788977447369938
"Suhum",2019,0.794726453483743
"Suhum",2020,0.940797048403159
"Suhum",2021,0.942358839264707
"Suhum",2022,0.943858885457068
"Suhum",2023,0.944221547352732
"Suhum",2024,0.943130118016561
"Suhum",2025,0.944552136351548
"Sunyani Municipal",1970,0.954342586644847
"Sunyani Municipal",1971,0.912306798984791
"Sunyani Municipal",1972,0.874184821894739
"Sunyani Municipal",1973,0.837299966998717
"Sunyani Municipal",1974,0.802007767884594
"Sunyani Municipal",1975,0.768554067783098
"Sunyani Municipal",1976,0.736790133389933
"Sunyani Municipal",1977,0.706813380597594
"Sunyani Municipal",1978,0.677157077250602
"Sunyani Municipal",1979,0.648731947954737
"Sunyani Municipal",1980,0.937843214544404
"Sunyani Municipal",1981,0.900846108402585
"Sunyani Municipal",1982,0.86533222165106
"Sunyani Municipal",1983,0.830146245594886
"Sunyani Municipal",1984,0.796098316843999
"Sunyani Municipal",1985,0.764249534693982
"Sunyani Municipal",1986,0.73385166054098
"Sunyani Municipal",1987,0.704871470765575
"Sunyani Municipal",1988,0.677327240364592
"Sunyani Municipal",1989,0.651283350386249
"Sunyani Municipal",1990,0.844004927670153
"Sunyani Municipal",1991,0.812270163676151
"Sunyani Municipal",1992,0.782123946996577
"Sunyani Municipal",1993,0.753567227971322
"Sunyani Municipal",1994,0.726523425416039
"Sunyani Municipal",1995,0.701091753349474
"Sunyani Municipal",1996,0.677028254512472
"Sunyani Municipal",1997,0.654328797101006
"Sunyani Municipal",1998,0.632521991178759
"Sunyani Municipal",1999,0.611500655646061
"Sunyani Municipal",2000,0.624455529241862
"Sunyani Municipal",2001,0.631209294237356
"Sunyani Municipal",2002,0.63698521538703
"Sunyani Municipal",2003,0.644039313674918
"Sunyani Municipal",2004,0.652570388169605
"Sunyani Municipal",2005,0.663809004222729
"Sunyani Municipal",2006,0.674732710039769
"Sunyani Municipal",2007,0.685152348746231
"Sunyani Municipal",2008,0.695056639633853
"Sunyani Municipal",2009,0.704535886112243
"Sunyani Municipal",2010,0.713673627770929
"Sunyani Municipal",2011,0.722561777499978
"Sunyani Municipal",2012,0.731186945994927
"Sunyani Municipal",2013,0.739511975821751
"Sunyani Municipal",2014,0.747514533885493
"Sunyani Municipal",2015,0.755119529063758
"Sunyani Municipal",2016,0.762403040396384
"Sunyani Municipal",2017,0.769265719211856
"Sunyani Municipal",2018,0.775663898305679
"Sunyani Municipal",2019,0.78177561292629
"Sunyani Municipal",2020,0.913753460456384
"Sunyani Municipal",2021,0.918955320978701
"Sunyani Municipal",2022,0.921064417336689
"Sunyani Municipal",2023,0.923086926110671
"Sunyani Municipal",2024,0.925037977285315
"Sunyani Municipal",2025,0.926912385443205
"Sunyani West",1970,0.954342586644847
"Sunyani West",1971,0.912306798984791
"Sunyani West",1972,0.874184821894739
"Sunyani West",1973,0.837299966998718
"Sunyani West",1974,0.802007767884594
"Sunyani West",1975,0.768554067783098
"Sunyani West",1976,0.736790133389933
"Sunyani West",1977,0.706813380597594
"Sunyani West",1978,0.677157077250602
"Sunyani West",1979,0.648731947954737
"Sunyani West",1980,0.937843214544404
"Sunyani West",1981,0.900846108402585
"Sunyani West",1982,0.86533222165106
"Sunyani West",1983,0.830146245594886
"Sunyani West",1984,0.796098316843999
"Sunyani West",1985,0.764249534693982
"Sunyani West",1986,0.733851660540979
"Sunyani West",1987,0.704871470765575
"Sunyani West",1988,0.677327240364592
"Sunyani West",1989,0.651283350386249
"Sunyani West",1990,0.844004927670153
"Sunyani West",1991,0.812270163676151
"Sunyani West",1992,0.782123946996577
"Sunyani West",1993,0.753567227971322
"Sunyani West",1994,0.726523425416038
"Sunyani West",1995,0.701091753349474
"Sunyani West",1996,0.677028254512472
"Sunyani West",1997,0.654328797101005
"Sunyani West",1998,0.632521991178759
"Sunyani West",1999,0.61150065564606
"Sunyani West",2000,0.624455529241862
"Sunyani West",2001,0.631209294237356
"Sunyani West",2002,0.63698521538703
"Sunyani West",2003,0.644039313674918
"Sunyani West",2004,0.652570388169605
"Sunyani West",2005,0.663809004222729
"Sunyani West",2006,0.674732710039769
"Sunyani West",2007,0.685152348746231
"Sunyani West",2008,0.695056639633853
"Sunyani West",2009,0.704535886112242
"Sunyani West",2010,0.713673627770929
"Sunyani West",2011,0.722561777499977
"Sunyani West",2012,0.731186945994927
"Sunyani West",2013,0.737142652177094
"Sunyani West",2014,0.745217999191875
"Sunyani West",2015,0.752892167204285
"Sunyani West",2016,0.760241927247081
"Sunyani West",2017,0.767167027001997
"Sunyani West",2018,0.903757118108153
"Sunyani West",2019,0.906379117081772
"Sunyani West",2020,0.908887604782914
"Sunyani West",2021,0.911291175929043
"Sunyani West",2022,0.919005989401507
"Sunyani West",2023,0.917503669177039
"Sunyani West",2024,0.917320977946845
"Sunyani West",2025,0.919388347900464
"Tain",1970,0.954342586644847
"Tain",1971,0.912306798984791
"Tain",1972,0.874184821894739
"Tain",1973,0.837299966998717
"Tain",1974,0.802007767884594
"Tain",1975,0.768554067783098
"Tain",1976,0.736790133389933
"Tain",1977,0.706813380597594
"Tain",1978,0.677157077250602
"Tain",1979,0.648731947954737
"Tain",1980,0.937843214544404
"Tain",1981,0.900846108402585
"Tain",1982,0.86533222165106
"Tain",1983,0.830146245594886
"Tain",1984,0.796098316843998
"Tain",1985,0.764249534693982
"Tain",1986,0.733851660540979
"Tain",1987,0.704871470765575
"Tain",1988,0.677327240364592
"Tain",1989,0.651283350386248
"Tain",1990,0.844004927670153
"Tain",1991,0.812270163676151
"Tain",1992,0.782123946996577
"Tain",1993,0.753567227971322
"Tain",1994,0.726523425416038
"Tain",1995,0.701091753349474
"Tain",1996,0.677028254512472
"Tain",1997,0.654328797101005
"Tain",1998,0.632521991178759
"Tain",1999,0.61150065564606
"Tain",2000,0.624455529241862
"Tain",2001,0.636715271684412
"Tain",2002,0.648877468638704
"Tain",2003,0.653451378684367
"Tain",2004,0.664809133035238
"Tain",2005,0.6756518514739
"Tain",2006,0.68619075287609
"Tain",2007,0.69624334371047
"Tain",2008,0.705798740649156
"Tain",2009,0.714944066024632
"Tain",2010,0.723759916615313
"Tain",2011,0.732334967537705
"Tain",2012,0.740656301146282
"Tain",2013,0.748688068935042
"Tain",2014,0.756408724526803
"Tain",2015,0.763745821999973
"Tain",2016,0.770772760392669
"Tain",2017,0.777393690743827
"Tain",2018,0.783566484093696
"Tain",2019,0.789462904124019
"Tain",2020,0.79510405702898
"Tain",2021,0.903499603086478
"Tain",2022,0.906010917069488
"Tain",2023,0.908419130684586
"Tain",2024,0.910742259297412
"Tain",2025,0.912974128599613
"Talensi",1970,0
"Talensi",1971,0
"Talensi",1972,0
"Talensi",1973,0
"Talensi",1974,0
"Talensi",1975,0
"Talensi",1976,0
"Talensi",1977,0
"Talensi",1978,0
"Talensi",1979,0
"Talensi",1980,0
"Talensi",1981,0
"Talensi",1982,0
"Talensi",1983,0
"Talensi",1984,0
"Talensi",1985,0
"Talensi",1986,0
"Talensi",1987,0
"Talensi",1988,0
"Talensi",1989,0
"Talensi",1990,0
"Talensi",1991,0
"Talensi",1992,0
"Talensi",1993,0
"Talensi",1994,0
"Talensi",1995,0
"Talensi",1996,0
"Talensi",1997,0
"Talensi",1998,0
"Talensi",1999,0
"Talensi",2000,0.0333459342572245
"Talensi",2001,0.0398740462192847
"Talensi",2002,0.0720175415017636
"Talensi",2003,0.0979271046096322
"Talensi",2004,0.127491563165336
"Talensi",2005,0.155715373084804
"Talensi",2006,0.183148341266918
"Talensi",2007,0.209315433450745
"Talensi",2008,0.234188320119177
"Talensi",2009,0.257993782421763
"Talensi",2010,0.280941615362127
"Talensi",2011,0.303262642017248
"Talensi",2012,0.324923237501082
"Talensi",2013,0.336556566848004
"Talensi",2014,0.351387320401018
"Talensi",2015,0.368037067267711
"Talensi",2016,0.382840709306154
"Talensi",2017,0.396655031571448
"Talensi",2018,0.853183909261246
"Talensi",2019,0.857183702613864
"Talensi",2020,0.861010337381117
"Talensi",2021,0.864676924587885
"Talensi",2022,0.868198554989165
"Talensi",2023,0.8715756071368
"Talensi",2024,0.874833344084216
"Talensi",2025,0.877963107562416
"Tamale",1970,0
"Tamale",1971,0
"Tamale",1972,0
"Tamale",1973,0
"Tamale",1974,0
"Tamale",1975,0
"Tamale",1976,0
"Tamale",1977,0
"Tamale",1978,0
"Tamale",1979,0
"Tamale",1980,0.26191485
"Tamale",1981,0.251582535008228
"Tamale",1982,0.24166444403397
"Tamale",1983,0.231837929859814
"Tamale",1984,0.222329242252652
"Tamale",1985,0.213434718231857
"Tamale",1986,0.20494539450948
"Tamale",1987,0.196851992605747
"Tamale",1988,0.189159616244797
"Tamale",1989,0.181886245353685
"Tamale",1990,0.432546899325734
"Tamale",1991,0.416283044321556
"Tamale",1992,0.400833309226825
"Tamale",1993,0.3861981810844
"Tamale",1994,0.372338412547792
"Tamale",1995,0.359304850140251
"Tamale",1996,0.346972467392669
"Tamale",1997,0.335339146783025
"Tamale",1998,0.324163304111224
"Tamale",1999,0.313390009778151
"Tamale",2000,0.318639256663168
"Tamale",2001,0.32724406654166
"Tamale",2002,0.347576841492887
"Tamale",2003,0.367542502258621
"Tamale",2004,0.388270609239519
"Tamale",2005,0.408058766371399
"Tamale",2006,0.427292451920249
"Tamale",2007,0.445638611892819
"Tamale",2008,0.463077384019005
"Tamale",2009,0.479767768130318
"Tamale",2010,0.49585685480415
"Tamale",2011,0.511506477730917
"Tamale",2012,0.526693061974052
"Tamale",2013,0.54135118336214
"Tamale",2014,0.555441519367374
"Tamale",2015,0.568831854873396
"Tamale",2016,0.581656144451451
"Tamale",2017,0.592740565997524
"Tamale",2018,0.604033724463167
"Tamale",2019,0.614821256461763
"Tamale",2020,0.820007974648626
"Tamale",2021,0.824756215956925
"Tamale",2022,0.829316737772159
"Tamale",2023,0.833690030320086
"Tamale",2024,0.837908809329825
"Tamale",2025,0.841961862317346
"Tano North",1970,0.954342586644847
"Tano North",1971,0.912306798984791
"Tano North",1972,0.874184821894739
"Tano North",1973,0.837299966998717
"Tano North",1974,0.802007767884594
"Tano North",1975,0.768554067783098
"Tano North",1976,0.736790133389933
"Tano North",1977,0.706813380597595
"Tano North",1978,0.677157077250602
"Tano North",1979,0.648731947954737
"Tano North",1980,0.937843214544404
"Tano North",1981,0.900846108402585
"Tano North",1982,0.86533222165106
"Tano North",1983,0.830146245594887
"Tano North",1984,0.796098316843999
"Tano North",1985,0.764249534693982
"Tano North",1986,0.73385166054098
"Tano North",1987,0.704871470765575
"Tano North",1988,0.677327240364592
"Tano North",1989,0.651283350386249
"Tano North",1990,0.844004927670153
"Tano North",1991,0.812270163676151
"Tano North",1992,0.782123946996577
"Tano North",1993,0.753567227971322
"Tano North",1994,0.726523425416039
"Tano North",1995,0.701091753349474
"Tano North",1996,0.677028254512473
"Tano North",1997,0.654328797101006
"Tano North",1998,0.632521991178759
"Tano North",1999,0.611500655646061
"Tano North",2000,0.624455529241862
"Tano North",2001,0.637110751744435
"Tano North",2002,0.649259708653092
"Tano North",2003,0.660886669167869
"Tano North",2004,0.672000739955612
"Tano North",2005,0.681525134977747
"Tano North",2006,0.691873198368265
"Tano North",2007,0.70174375728359
"Tano North",2008,0.711126125470709
"Tano North",2009,0.720105847654339
"Tano North",2010,0.728762061169606
"Tano North",2011,0.737012840059759
"Tano North",2012,0.745188745117298
"Tano North",2013,0.753080144978665
"Tano North",2014,0.760665869823915
"Tano North",2015,0.767874739839259
"Tano North",2016,0.774778871297785
"Tano North",2017,0.781284090351598
"Tano North",2018,0.952428097108021
"Tano North",2019,0.95372412522048
"Tano North",2020,0.954964045835685
"Tano North",2021,0.956152107237318
"Tano North",2022,0.957293199188671
"Tano North",2023,0.958387444349539
"Tano North",2024,0.959443028549678
"Tano North",2025,0.960457146304147
"Tano South",1970,0.954342586644847
"Tano South",1971,0.912306798984791
"Tano South",1972,0.874184821894739
"Tano South",1973,0.837299966998717
"Tano South",1974,0.802007767884594
"Tano South",1975,0.768554067783098
"Tano South",1976,0.736790133389933
"Tano South",1977,0.706813380597594
"Tano South",1978,0.677157077250602
"Tano South",1979,0.648731947954736
"Tano South",1980,0.937843214544404
"Tano South",1981,0.900846108402585
"Tano South",1982,0.86533222165106
"Tano South",1983,0.830146245594886
"Tano South",1984,0.796098316843998
"Tano South",1985,0.764249534693982
"Tano South",1986,0.733851660540979
"Tano South",1987,0.704871470765575
"Tano South",1988,0.677327240364591
"Tano South",1989,0.651283350386248
"Tano South",1990,0.844004927670152
"Tano South",1991,0.812270163676151
"Tano South",1992,0.782123946996577
"Tano South",1993,0.753567227971322
"Tano South",1994,0.726523425416038
"Tano South",1995,0.701091753349474
"Tano South",1996,0.677028254512472
"Tano South",1997,0.654328797101005
"Tano South",1998,0.632521991178758
"Tano South",1999,0.61150065564606
"Tano South",2000,0.624455529241862
"Tano South",2001,0.637110751744434
"Tano South",2002,0.649259708653091
"Tano South",2003,0.660886669167868
"Tano South",2004,0.672000739955612
"Tano South",2005,0.682610825060122
"Tano South",2006,0.692923611601417
"Tano South",2007,0.702760521494169
"Tano South",2008,0.712110904915114
"Tano South",2009,0.721060014964513
"Tano South",2010,0.729686719196014
"Tano South",2011,0.738077790178515
"Tano South",2012,0.746220587417924
"Tano South",2013,0.754080031547226
"Tano South",2014,0.761635038472343
"Tano South",2015,0.76881471661771
"Tano South",2016,0.775690890226056
"Tano South",2017,0.782169766800618
"Tano South",2018,0.946155227854318
"Tano South",2019,0.94762215127271
"Tano South",2020,0.949025568814281
"Tano South",2021,0.950370288944801
"Tano South",2022,0.951661846195672
"Tano South",2023,0.952900379400708
"Tano South",2024,0.954095153779739
"Tano South",2025,0.955242993914329
"Tarkwa-Nsuaem",1970,0
"Tarkwa-Nsuaem",1971,0
"Tarkwa-Nsuaem",1972,0
"Tarkwa-Nsuaem",1973,0
"Tarkwa-Nsuaem",1974,0
"Tarkwa-Nsuaem",1975,0
"Tarkwa-Nsuaem",1976,0
"Tarkwa-Nsuaem",1977,0
"Tarkwa-Nsuaem",1978,0
"Tarkwa-Nsuaem",1979,0
"Tarkwa-Nsuaem",1980,0.26191485
"Tarkwa-Nsuaem",1981,0.251582535008228
"Tarkwa-Nsuaem",1982,0.24166444403397
"Tarkwa-Nsuaem",1983,0.231837929859814
"Tarkwa-Nsuaem",1984,0.222329242252652
"Tarkwa-Nsuaem",1985,0.213434718231857
"Tarkwa-Nsuaem",1986,0.20494539450948
"Tarkwa-Nsuaem",1987,0.196851992605747
"Tarkwa-Nsuaem",1988,0.189159616244797
"Tarkwa-Nsuaem",1989,0.181886245353685
"Tarkwa-Nsuaem",1990,0.337015379398074
"Tarkwa-Nsuaem",1991,0.324343529771473
"Tarkwa-Nsuaem",1992,0.31230599501474
"Tarkwa-Nsuaem",1993,0.300903154603337
"Tarkwa-Nsuaem",1994,0.290104429288196
"Tarkwa-Nsuaem",1995,0.279949435722104
"Tarkwa-Nsuaem",1996,0.270340760554076
"Tarkwa-Nsuaem",1997,0.261276753934146
"Tarkwa-Nsuaem",1998,0.252569187508398
"Tarkwa-Nsuaem",1999,0.244175263328876
"Tarkwa-Nsuaem",2000,0.263429317133451
"Tarkwa-Nsuaem",2001,0.28823371796203
"Tarkwa-Nsuaem",2002,0.311916622630956
"Tarkwa-Nsuaem",2003,0.334726429365225
"Tarkwa-Nsuaem",2004,0.356530047462769
"Tarkwa-Nsuaem",2005,0.377344944903974
"Tarkwa-Nsuaem",2006,0.397576601113672
"Tarkwa-Nsuaem",2007,0.416874681057345
"Tarkwa-Nsuaem",2008,0.435218291879108
"Tarkwa-Nsuaem",2009,0.452774683372059
"Tarkwa-Nsuaem",2010,0.469698578144399
"Tarkwa-Nsuaem",2011,0.486160206887451
"Tarkwa-Nsuaem",2012,0.502134771441205
"Tarkwa-Nsuaem",2013,0.517553452996055
"Tarkwa-Nsuaem",2014,0.532374888711691
"Tarkwa-Nsuaem",2015,0.546460003278127
"Tarkwa-Nsuaem",2016,0.557581664848584
"Tarkwa-Nsuaem",2017,0.570360342409464
"Tarkwa-Nsuaem",2018,0.582274096471857
"Tarkwa-Nsuaem",2019,0.59365443825688
"Tarkwa-Nsuaem",2020,0.604542103618217
"Tarkwa-Nsuaem",2021,0.614974396469122
"Tarkwa-Nsuaem",2022,0.624994253515206
"Tarkwa-Nsuaem",2023,0.634602751824445
"Tarkwa-Nsuaem",2024,0.643871770655887
"Tarkwa-Nsuaem",2025,0.652776675221742
"Tatale-Sangule",1970,0
"Tatale-Sangule",1971,0
"Tatale-Sangule",1972,0
"Tatale-Sangule",1973,0
"Tatale-Sangule",1974,0
"Tatale-Sangule",1975,0
"Tatale-Sangule",1976,0
"Tatale-Sangule",1977,0
"Tatale-Sangule",1978,0
"Tatale-Sangule",1979,0
"Tatale-Sangule",1980,0.26191485
"Tatale-Sangule",1981,0.251582535008228
"Tatale-Sangule",1982,0.24166444403397
"Tatale-Sangule",1983,0.231837929859814
"Tatale-Sangule",1984,0.222329242252652
"Tatale-Sangule",1985,0.213434718231857
"Tatale-Sangule",1986,0.20494539450948
"Tatale-Sangule",1987,0.196851992605747
"Tatale-Sangule",1988,0.189159616244797
"Tatale-Sangule",1989,0.181886245353685
"Tatale-Sangule",1990,0.432546899325734
"Tatale-Sangule",1991,0.416283044321556
"Tatale-Sangule",1992,0.400833309226825
"Tatale-Sangule",1993,0.3861981810844
"Tatale-Sangule",1994,0.372338412547792
"Tatale-Sangule",1995,0.35930485014025
"Tatale-Sangule",1996,0.346972467392669
"Tatale-Sangule",1997,0.335339146783024
"Tatale-Sangule",1998,0.324163304111224
"Tatale-Sangule",1999,0.313390009778151
"Tatale-Sangule",2000,0.336285661372442
"Tatale-Sangule",2001,0.358651727943795
"Tatale-Sangule",2002,0.36438471618283
"Tatale-Sangule",2003,0.385455217604696
"Tatale-Sangule",2004,0.405596254811992
"Tatale-Sangule",2005,0.424823963807527
"Tatale-Sangule",2006,0.443512905186969
"Tatale-Sangule",2007,0.461339457846074
"Tatale-Sangule",2008,0.478284322061931
"Tatale-Sangule",2009,0.494501994408944
"Tatale-Sangule",2010,0.510135399506075
"Tatale-Sangule",2011,0.525341787524945
"Tatale-Sangule",2012,0.540098251227809
"Tatale-Sangule",2013,0.554341219412922
"Tatale-Sangule",2014,0.568032483260907
"Tatale-Sangule",2015,0.581043572305049
"Tatale-Sangule",2016,0.59070291920436
"Tatale-Sangule",2017,0.60252493245864
"Tatale-Sangule",2018,0.613546773941285
"Tatale-Sangule",2019,0.624075136581302
"Tatale-Sangule",2020,0.824332264742555
"Tatale-Sangule",2021,0.828966430036581
"Tatale-Sangule",2022,0.839054715856489
"Tatale-Sangule",2023,0.843178499305326
"Tatale-Sangule",2024,0.847156584664129
"Tatale-Sangule",2025,0.850978399153792
"Techiman Municipal",1970,0.954342586644847
"Techiman Municipal",1971,0.912306798984791
"Techiman Municipal",1972,0.874184821894739
"Techiman Municipal",1973,0.837299966998717
"Techiman Municipal",1974,0.802007767884594
"Techiman Municipal",1975,0.768554067783098
"Techiman Municipal",1976,0.736790133389933
"Techiman Municipal",1977,0.706813380597594
"Techiman Municipal",1978,0.677157077250602
"Techiman Municipal",1979,0.648731947954737
"Techiman Municipal",1980,0.937843214544404
"Techiman Municipal",1981,0.900846108402585
"Techiman Municipal",1982,0.865332221651061
"Techiman Municipal",1983,0.830146245594886
"Techiman Municipal",1984,0.796098316843999
"Techiman Municipal",1985,0.764249534693982
"Techiman Municipal",1986,0.733851660540979
"Techiman Municipal",1987,0.704871470765575
"Techiman Municipal",1988,0.677327240364592
"Techiman Municipal",1989,0.651283350386248
"Techiman Municipal",1990,0.844004927670152
"Techiman Municipal",1991,0.812270163676151
"Techiman Municipal",1992,0.782123946996577
"Techiman Municipal",1993,0.753567227971322
"Techiman Municipal",1994,0.726523425416039
"Techiman Municipal",1995,0.701091753349474
"Techiman Municipal",1996,0.677028254512472
"Techiman Municipal",1997,0.654328797101006
"Techiman Municipal",1998,0.632521991178759
"Techiman Municipal",1999,0.611500655646061
"Techiman Municipal",2000,0.624455529241862
"Techiman Municipal",2001,0.637110751744435
"Techiman Municipal",2002,0.641662959735878
"Techiman Municipal",2003,0.646503886977749
"Techiman Municipal",2004,0.652260244907205
"Techiman Municipal",2005,0.663508893441525
"Techiman Municipal",2006,0.674442350625875
"Techiman Municipal",2007,0.684871290729315
"Techiman Municipal",2008,0.694784422973526
"Techiman Municipal",2009,0.70427213138011
"Techiman Municipal",2010,0.713418030112668
"Techiman Municipal",2011,0.722314114110011
"Techiman Municipal",2012,0.73094698211532
"Techiman Municipal",2013,0.739279443524895
"Techiman Municipal",2014,0.747289145307482
"Techiman Municipal",2015,0.754511724515305
"Techiman Municipal",2016,0.76042713796691
"Techiman Municipal",2017,0.761449773525705
"Techiman Municipal",2018,0.76806468599836
"Techiman Municipal",2019,0.774383430234861
"Techiman Municipal",2020,0.892647498198029
"Techiman Municipal",2021,0.895479488018747
"Techiman Municipal",2022,0.898167433049635
"Techiman Municipal",2023,0.899246339980483
"Techiman Municipal",2024,0.90180215444466
"Techiman Municipal",2025,0.904257569015006
"Techiman North",1970,0.954342586644847
"Techiman North",1971,0.912306798984791
"Techiman North",1972,0.874184821894739
"Techiman North",1973,0.837299966998718
"Techiman North",1974,0.802007767884594
"Techiman North",1975,0.768554067783098
"Techiman North",1976,0.736790133389933
"Techiman North",1977,0.706813380597595
"Techiman North",1978,0.677157077250602
"Techiman North",1979,0.648731947954737
"Techiman North",1980,0.937843214544404
"Techiman North",1981,0.900846108402585
"Techiman North",1982,0.86533222165106
"Techiman North",1983,0.830146245594886
"Techiman North",1984,0.796098316843998
"Techiman North",1985,0.764249534693982
"Techiman North",1986,0.733851660540979
"Techiman North",1987,0.704871470765575
"Techiman North",1988,0.677327240364592
"Techiman North",1989,0.651283350386248
"Techiman North",1990,0.844004927670153
"Techiman North",1991,0.812270163676151
"Techiman North",1992,0.782123946996577
"Techiman North",1993,0.753567227971322
"Techiman North",1994,0.726523425416039
"Techiman North",1995,0.701091753349474
"Techiman North",1996,0.677028254512472
"Techiman North",1997,0.654328797101006
"Techiman North",1998,0.632521991178759
"Techiman North",1999,0.611500655646061
"Techiman North",2000,0.624455529241862
"Techiman North",2001,0.637110751744435
"Techiman North",2002,0.641662959735878
"Techiman North",2003,0.646503886977749
"Techiman North",2004,0.652260244907205
"Techiman North",2005,0.663508893441524
"Techiman North",2006,0.674442350625875
"Techiman North",2007,0.684871290729315
"Techiman North",2008,0.694784422973525
"Techiman North",2009,0.70427213138011
"Techiman North",2010,0.713418030112668
"Techiman North",2011,0.722314114110011
"Techiman North",2012,0.73094698211532
"Techiman North",2013,0.739279443524895
"Techiman North",2014,0.747289145307482
"Techiman North",2015,0.754900929308388
"Techiman North",2016,0.762190942481644
"Techiman North",2017,0.769059747469222
"Techiman North",2018,0.775463638085811
"Techiman North",2019,0.78158080850825
"Techiman North",2020,0.89607214278361
"Techiman North",2021,0.898813789496872
"Techiman North",2022,0.901447046493234
"Techiman North",2023,0.903972196830307
"Techiman North",2024,0.906408130654018
"Techiman North",2025,0.908748373847322
"Tema",1970,0
"Tema",1971,0
"Tema",1972,0
"Tema",1973,0
"Tema",1974,0
"Tema",1975,0
"Tema",1976,0
"Tema",1977,0
"Tema",1978,0
"Tema",1979,0
"Tema",1980,0.26191485
"Tema",1981,0.251582535008228
"Tema",1982,0.24166444403397
"Tema",1983,0.231837929859814
"Tema",1984,0.222329242252652
"Tema",1985,0.213434718231857
"Tema",1986,0.20494539450948
"Tema",1987,0.196851992605747
"Tema",1988,0.189159616244797
"Tema",1989,0.181886245353685
"Tema",1990,0.337015379398075
"Tema",1991,0.324343529771473
"Tema",1992,0.31230599501474
"Tema",1993,0.300903154603337
"Tema",1994,0.290104429288196
"Tema",1995,0.279949435722104
"Tema",1996,0.270340760554076
"Tema",1997,0.261276753934146
"Tema",1998,0.252569187508398
"Tema",1999,0.244175263328876
"Tema",2000,0.261039761723292
"Tema",2001,0.281588085055209
"Tema",2002,0.299113458755172
"Tema",2003,0.315119635918651
"Tema",2004,0.333457902246638
"Tema",2005,0.351964406533947
"Tema",2006,0.371292007043341
"Tema",2007,0.388037969557872
"Tema",2008,0.406026630013522
"Tema",2009,0.417237400833478
"Tema",2010,0.428766857749784
"Tema",2011,0.439429422202922
"Tema",2012,0.4509534297359
"Tema",2013,0.467461717091166
"Tema",2014,0.483822041307941
"Tema",2015,0.499369593202271
"Tema",2016,0.514259907760339
"Tema",2017,0.528289877867699
"Tema",2018,0.541370230867099
"Tema",2019,0.553864939673606
"Tema",2020,0.565818729009846
"Tema",2021,0.577272555601223
"Tema",2022,0.588273560530476
"Tema",2023,0.598822926332454
"Tema",2024,0.608999570708223
"Tema",2025,0.618776446623015
"Tema West",1970,0
"Tema West",1971,0
"Tema West",1972,0
"Tema West",1973,0
"Tema West",1974,0
"Tema West",1975,0
"Tema West",1976,0
"Tema West",1977,0
"Tema West",1978,0
"Tema West",1979,0
"Tema West",1980,0.26191485
"Tema West",1981,0.251582535008228
"Tema West",1982,0.24166444403397
"Tema West",1983,0.231837929859814
"Tema West",1984,0.222329242252652
"Tema West",1985,0.213434718231858
"Tema West",1986,0.20494539450948
"Tema West",1987,0.196851992605747
"Tema West",1988,0.189159616244797
"Tema West",1989,0.181886245353685
"Tema West",1990,0.337015379398075
"Tema West",1991,0.324343529771473
"Tema West",1992,0.312305995014741
"Tema West",1993,0.300903154603338
"Tema West",1994,0.290104429288197
"Tema West",1995,0.279949435722104
"Tema West",1996,0.270340760554076
"Tema West",1997,0.261276753934146
"Tema West",1998,0.252569187508399
"Tema West",1999,0.244175263328876
"Tema West",2000,0.261039761723293
"Tema West",2001,0.281588085055209
"Tema West",2002,0.299113458755172
"Tema West",2003,0.315119635918651
"Tema West",2004,0.333457902246639
"Tema West",2005,0.351964406533947
"Tema West",2006,0.371292007043341
"Tema West",2007,0.388037969557872
"Tema West",2008,0.406026630013522
"Tema West",2009,0.417237400833478
"Tema West",2010,0.428766857749784
"Tema West",2011,0.439429422202923
"Tema West",2012,0.4509534297359
"Tema West",2013,0.467461717091166
"Tema West",2014,0.483822041307941
"Tema West",2015,0.499369593202271
"Tema West",2016,0.506684044433617
"Tema West",2017,0.512137748069247
"Tema West",2018,0.517118270939774
"Tema West",2019,0.524579493371173
"Tema West",2020,0.536865565057381
"Tema West",2021,0.545922316679185
"Tema West",2022,0.557739176215194
"Tema West",2023,0.567403383982231
"Tema West",2024,0.576131700417155
"Tema West",2025,0.586730429878248
"Tempane",1970,0
"Tempane",1971,0
"Tempane",1972,0
"Tempane",1973,0
"Tempane",1974,0
"Tempane",1975,0
"Tempane",1976,0
"Tempane",1977,0
"Tempane",1978,0
"Tempane",1979,0
"Tempane",1980,0
"Tempane",1981,0
"Tempane",1982,0
"Tempane",1983,0
"Tempane",1984,0
"Tempane",1985,0
"Tempane",1986,0
"Tempane",1987,0
"Tempane",1988,0
"Tempane",1989,0
"Tempane",1990,0
"Tempane",1991,0
"Tempane",1992,0
"Tempane",1993,0
"Tempane",1994,0
"Tempane",1995,0
"Tempane",1996,0
"Tempane",1997,0
"Tempane",1998,0
"Tempane",1999,0
"Tempane",2000,0.0333459342572245
"Tempane",2001,0.0402833550640792
"Tempane",2002,0.0724131473351251
"Tempane",2003,0.0992665112613516
"Tempane",2004,0.128787072220036
"Tempane",2005,0.156968975150683
"Tempane",2006,0.182710193868929
"Tempane",2007,0.208891321701984
"Tempane",2008,0.231150064763254
"Tempane",2009,0.255049972051783
"Tempane",2010,0.276973070873464
"Tempane",2011,0.29785330987659
"Tempane",2012,0.31759424629286
"Tempane",2013,0.333914864083889
"Tempane",2014,0.350276637429557
"Tempane",2015,0.36750827359061
"Tempane",2016,0.376832106480507
"Tempane",2017,0.391335270738618
"Tempane",2018,0.40821332601764
"Tempane",2019,0.424335703291492
"Tempane",2020,0.760847283167197
"Tempane",2021,0.767156200503066
"Tempane",2022,0.773215697751121
"Tempane",2023,0.779026426267007
"Tempane",2024,0.783119790703792
"Tempane",2025,0.78854283051606
"Tolon",1970,0
"Tolon",1971,0
"Tolon",1972,0
"Tolon",1973,0
"Tolon",1974,0
"Tolon",1975,0
"Tolon",1976,0
"Tolon",1977,0
"Tolon",1978,0
"Tolon",1979,0
"Tolon",1980,0.26191485
"Tolon",1981,0.251582535008228
"Tolon",1982,0.24166444403397
"Tolon",1983,0.231837929859814
"Tolon",1984,0.222329242252652
"Tolon",1985,0.213434718231857
"Tolon",1986,0.20494539450948
"Tolon",1987,0.196851992605747
"Tolon",1988,0.189159616244797
"Tolon",1989,0.181886245353685
"Tolon",1990,0.432546899325734
"Tolon",1991,0.416283044321556
"Tolon",1992,0.400833309226824
"Tolon",1993,0.3861981810844
"Tolon",1994,0.372338412547792
"Tolon",1995,0.35930485014025
"Tolon",1996,0.346972467392669
"Tolon",1997,0.335339146783024
"Tolon",1998,0.324163304111224
"Tolon",1999,0.313390009778151
"Tolon",2000,0.334676287714494
"Tolon",2001,0.357096587494739
"Tolon",2002,0.368348847793652
"Tolon",2003,0.385778950185894
"Tolon",2004,0.405909377409752
"Tolon",2005,0.425126957548868
"Tolon",2006,0.443806053886247
"Tolon",2007,0.461623215796181
"Tolon",2008,0.47855915372255
"Tolon",2009,0.49476828285338
"Tolon",2010,0.51039345251718
"Tolon",2011,0.525591830048636
"Tolon",2012,0.540340520277182
"Tolon",2013,0.554575985489384
"Tolon",2014,0.568260036993675
"Tolon",2015,0.581264271999575
"Tolon",2016,0.593718782596545
"Tolon",2017,0.604410045423017
"Tolon",2018,0.615379613397292
"Tolon",2019,0.62585804296093
"Tolon",2020,0.82516540762924
"Tolon",2021,0.829777594374702
"Tolon",2022,0.834207440480428
"Tolon",2023,0.838455422125404
"Tolon",2024,0.842553317612887
"Tolon",2025,0.846490235737715
"Twifo-Ati-Mokwa",1970,0
"Twifo-Ati-Mokwa",1971,0
"Twifo-Ati-Mokwa",1972,0
"Twifo-Ati-Mokwa",1973,0
"Twifo-Ati-Mokwa",1974,0
"Twifo-Ati-Mokwa",1975,0
"Twifo-Ati-Mokwa",1976,0
"Twifo-Ati-Mokwa",1977,0
"Twifo-Ati-Mokwa",1978,0
"Twifo-Ati-Mokwa",1979,0
"Twifo-Ati-Mokwa",1980,0
"Twifo-Ati-Mokwa",1981,0
"Twifo-Ati-Mokwa",1982,0
"Twifo-Ati-Mokwa",1983,0
"Twifo-Ati-Mokwa",1984,0
"Twifo-Ati-Mokwa",1985,0
"Twifo-Ati-Mokwa",1986,0
"Twifo-Ati-Mokwa",1987,0
"Twifo-Ati-Mokwa",1988,0
"Twifo-Ati-Mokwa",1989,0
"Twifo-Ati-Mokwa",1990,0
"Twifo-Ati-Mokwa",1991,0
"Twifo-Ati-Mokwa",1992,0
"Twifo-Ati-Mokwa",1993,0
"Twifo-Ati-Mokwa",1994,0
"Twifo-Ati-Mokwa",1995,0
"Twifo-Ati-Mokwa",1996,0
"Twifo-Ati-Mokwa",1997,0
"Twifo-Ati-Mokwa",1998,0
"Twifo-Ati-Mokwa",1999,0
"Twifo-Ati-Mokwa",2000,0.0288244840362813
"Twifo-Ati-Mokwa",2001,0.0546829664895112
"Twifo-Ati-Mokwa",2002,0.079081924959862
"Twifo-Ati-Mokwa",2003,0.099899146322402
"Twifo-Ati-Mokwa",2004,0.129398973354661
"Twifo-Ati-Mokwa",2005,0.157561082572624
"Twifo-Ati-Mokwa",2006,0.184934078930025
"Twifo-Ati-Mokwa",2007,0.211043966648944
"Twifo-Ati-Mokwa",2008,0.235862478144064
"Twifo-Ati-Mokwa",2009,0.259615898793595
"Twifo-Ati-Mokwa",2010,0.282513564963616
"Twifo-Ati-Mokwa",2011,0.304785795123619
"Twifo-Ati-Mokwa",2012,0.326399037895676
"Twifo-Ati-Mokwa",2013,0.347260182908337
"Twifo-Ati-Mokwa",2014,0.367313267126973
"Twifo-Ati-Mokwa",2015,0.386370124643948
"Twifo-Ati-Mokwa",2016,0.404621396924281
"Twifo-Ati-Mokwa",2017,0.414503567543517
"Twifo-Ati-Mokwa",2018,0.430739174237308
"Twifo-Ati-Mokwa",2019,0.446247867156007
"Twifo-Ati-Mokwa",2020,0.461085159557255
"Twifo-Ati-Mokwa",2021,0.475301887782021
"Twifo-Ati-Mokwa",2022,0.488956564324467
"Twifo-Ati-Mokwa",2023,0.502050656971485
"Twifo-Ati-Mokwa",2024,0.514682120018021
"Twifo-Ati-Mokwa",2025,0.52681738212095
"Twifo-Hemang Lower Denkyira",1970,0
"Twifo-Hemang Lower Denkyira",1971,0
"Twifo-Hemang Lower Denkyira",1972,0
"Twifo-Hemang Lower Denkyira",1973,0
"Twifo-Hemang Lower Denkyira",1974,0
"Twifo-Hemang Lower Denkyira",1975,0
"Twifo-Hemang Lower Denkyira",1976,0
"Twifo-Hemang Lower Denkyira",1977,0
"Twifo-Hemang Lower Denkyira",1978,0
"Twifo-Hemang Lower Denkyira",1979,0
"Twifo-Hemang Lower Denkyira",1980,0
"Twifo-Hemang Lower Denkyira",1981,0
"Twifo-Hemang Lower Denkyira",1982,0
"Twifo-Hemang Lower Denkyira",1983,0
"Twifo-Hemang Lower Denkyira",1984,0
"Twifo-Hemang Lower Denkyira",1985,0
"Twifo-Hemang Lower Denkyira",1986,0
"Twifo-Hemang Lower Denkyira",1987,0
"Twifo-Hemang Lower Denkyira",1988,0
"Twifo-Hemang Lower Denkyira",1989,0
"Twifo-Hemang Lower Denkyira",1990,0
"Twifo-Hemang Lower Denkyira",1991,0
"Twifo-Hemang Lower Denkyira",1992,0
"Twifo-Hemang Lower Denkyira",1993,0
"Twifo-Hemang Lower Denkyira",1994,0
"Twifo-Hemang Lower Denkyira",1995,0
"Twifo-Hemang Lower Denkyira",1996,0
"Twifo-Hemang Lower Denkyira",1997,0
"Twifo-Hemang Lower Denkyira",1998,0
"Twifo-Hemang Lower Denkyira",1999,0
"Twifo-Hemang Lower Denkyira",2000,0.0288244840362814
"Twifo-Hemang Lower Denkyira",2001,0.0546829664895113
"Twifo-Hemang Lower Denkyira",2002,0.0790819249598619
"Twifo-Hemang Lower Denkyira",2003,0.0998991463224019
"Twifo-Hemang Lower Denkyira",2004,0.129398973354661
"Twifo-Hemang Lower Denkyira",2005,0.157561082572624
"Twifo-Hemang Lower Denkyira",2006,0.184934078930025
"Twifo-Hemang Lower Denkyira",2007,0.211043966648945
"Twifo-Hemang Lower Denkyira",2008,0.235862478144064
"Twifo-Hemang Lower Denkyira",2009,0.259615898793595
"Twifo-Hemang Lower Denkyira",2010,0.282513564963616
"Twifo-Hemang Lower Denkyira",2011,0.304785795123619
"Twifo-Hemang Lower Denkyira",2012,0.326399037895676
"Twifo-Hemang Lower Denkyira",2013,0.347260182908337
"Twifo-Hemang Lower Denkyira",2014,0.367313267126973
"Twifo-Hemang Lower Denkyira",2015,0.386370124643948
"Twifo-Hemang Lower Denkyira",2016,0.404621396924281
"Twifo-Hemang Lower Denkyira",2017,0.420575960608358
"Twifo-Hemang Lower Denkyira",2018,0.436643182013997
"Twifo-Hemang Lower Denkyira",2019,0.451991028727487
"Twifo-Hemang Lower Denkyira",2020,0.466674438258603
"Twifo-Hemang Lower Denkyira",2021,0.480743719706427
"Twifo-Hemang Lower Denkyira",2022,0.4942567787111
"Twifo-Hemang Lower Denkyira",2023,0.507215067836572
"Twifo-Hemang Lower Denkyira",2024,0.519715525458736
"Twifo-Hemang Lower Denkyira",2025,0.531724928414881
"Upper Denkyira East",1970,0
"Upper Denkyira East",1971,0
"Upper Denkyira East",1972,0
"Upper Denkyira East",1973,0
"Upper Denkyira East",1974,0
"Upper Denkyira East",1975,0
"Upper Denkyira East",1976,0
"Upper Denkyira East",1977,0
"Upper Denkyira East",1978,0
"Upper Denkyira East",1979,0
"Upper Denkyira East",1980,0.26191485
"Upper Denkyira East",1981,0.251582535008228
"Upper Denkyira East",1982,0.24166444403397
"Upper Denkyira East",1983,0.231837929859814
"Upper Denkyira East",1984,0.222329242252652
"Upper Denkyira East",1985,0.213434718231857
"Upper Denkyira East",1986,0.20494539450948
"Upper Denkyira East",1987,0.196851992605747
"Upper Denkyira East",1988,0.189159616244797
"Upper Denkyira East",1989,0.181886245353685
"Upper Denkyira East",1990,0.337015379398074
"Upper Denkyira East",1991,0.324343529771473
"Upper Denkyira East",1992,0.31230599501474
"Upper Denkyira East",1993,0.300903154603337
"Upper Denkyira East",1994,0.290104429288196
"Upper Denkyira East",1995,0.279949435722104
"Upper Denkyira East",1996,0.270340760554076
"Upper Denkyira East",1997,0.261276753934146
"Upper Denkyira East",1998,0.252569187508398
"Upper Denkyira East",1999,0.244175263328876
"Upper Denkyira East",2000,0.264646020407204
"Upper Denkyira East",2001,0.285527824033554
"Upper Denkyira East",2002,0.304420940139693
"Upper Denkyira East",2003,0.322553837300976
"Upper Denkyira East",2004,0.342785254220322
"Upper Denkyira East",2005,0.360495724629348
"Upper Denkyira East",2006,0.380484739738163
"Upper Denkyira East",2007,0.400330341753224
"Upper Denkyira East",2008,0.419194394599436
"Upper Denkyira East",2009,0.437248893254569
"Upper Denkyira East",2010,0.454652950092189
"Upper Denkyira East",2011,0.471581625561865
"Upper Denkyira East",2012,0.488009417934114
"Upper Denkyira East",2013,0.503865555882948
"Upper Denkyira East",2014,0.519107503028096
"Upper Denkyira East",2015,0.533592238236879
"Upper Denkyira East",2016,0.547464664263497
"Upper Denkyira East",2017,0.560535558213455
"Upper Denkyira East",2018,0.572721750028182
"Upper Denkyira East",2019,0.584362331761123
"Upper Denkyira East",2020,0.595498970793031
"Upper Denkyira East",2021,0.60616982408434
"Upper Denkyira East",2022,0.616418810195708
"Upper Denkyira East",2023,0.626247030824961
"Upper Denkyira East",2024,0.635728008929992
"Upper Denkyira East",2025,0.644836546387038
"Upper Denkyira West",1970,0
"Upper Denkyira West",1971,0
"Upper Denkyira West",1972,0
"Upper Denkyira West",1973,0
"Upper Denkyira West",1974,0
"Upper Denkyira West",1975,0
"Upper Denkyira West",1976,0
"Upper Denkyira West",1977,0
"Upper Denkyira West",1978,0
"Upper Denkyira West",1979,0
"Upper Denkyira West",1980,0.26191485
"Upper Denkyira West",1981,0.251582535008228
"Upper Denkyira West",1982,0.24166444403397
"Upper Denkyira West",1983,0.231837929859814
"Upper Denkyira West",1984,0.222329242252652
"Upper Denkyira West",1985,0.213434718231857
"Upper Denkyira West",1986,0.20494539450948
"Upper Denkyira West",1987,0.196851992605747
"Upper Denkyira West",1988,0.189159616244797
"Upper Denkyira West",1989,0.181886245353685
"Upper Denkyira West",1990,0.337015379398074
"Upper Denkyira West",1991,0.324343529771473
"Upper Denkyira West",1992,0.31230599501474
"Upper Denkyira West",1993,0.300903154603337
"Upper Denkyira West",1994,0.290104429288196
"Upper Denkyira West",1995,0.279949435722104
"Upper Denkyira West",1996,0.270340760554076
"Upper Denkyira West",1997,0.261276753934146
"Upper Denkyira West",1998,0.252569187508398
"Upper Denkyira West",1999,0.244175263328876
"Upper Denkyira West",2000,0.264646020407205
"Upper Denkyira West",2001,0.285527824033554
"Upper Denkyira West",2002,0.304420940139693
"Upper Denkyira West",2003,0.322553837300977
"Upper Denkyira West",2004,0.342785254220322
"Upper Denkyira West",2005,0.360495724629348
"Upper Denkyira West",2006,0.380484739738163
"Upper Denkyira West",2007,0.400330341753224
"Upper Denkyira West",2008,0.419194394599436
"Upper Denkyira West",2009,0.437248893254569
"Upper Denkyira West",2010,0.454652950092189
"Upper Denkyira West",2011,0.471581625561865
"Upper Denkyira West",2012,0.488009417934114
"Upper Denkyira West",2013,0.503865555882948
"Upper Denkyira West",2014,0.519107503028096
"Upper Denkyira West",2015,0.530862439255668
"Upper Denkyira West",2016,0.544816058044369
"Upper Denkyira West",2017,0.55478909940231
"Upper Denkyira West",2018,0.567134638464889
"Upper Denkyira West",2019,0.578927433021225
"Upper Denkyira West",2020,0.590209695296806
"Upper Denkyira West",2021,0.601020081194368
"Upper Denkyira West",2022,0.611403083555846
"Upper Denkyira West",2023,0.621359818484921
"Upper Denkyira West",2024,0.630964770329325
"Upper Denkyira West",2025,0.640192411473382
"Upper Manya-Krobo",1970,0
"Upper Manya-Krobo",1971,0
"Upper Manya-Krobo",1972,0
"Upper Manya-Krobo",1973,0
"Upper Manya-Krobo",1974,0
"Upper Manya-Krobo",1975,0
"Upper Manya-Krobo",1976,0
"Upper Manya-Krobo",1977,0
"Upper Manya-Krobo",1978,0
"Upper Manya-Krobo",1979,0
"Upper Manya-Krobo",1980,0
"Upper Manya-Krobo",1981,0
"Upper Manya-Krobo",1982,0
"Upper Manya-Krobo",1983,0
"Upper Manya-Krobo",1984,0
"Upper Manya-Krobo",1985,0
"Upper Manya-Krobo",1986,0
"Upper Manya-Krobo",1987,0
"Upper Manya-Krobo",1988,0
"Upper Manya-Krobo",1989,0
"Upper Manya-Krobo",1990,0
"Upper Manya-Krobo",1991,0
"Upper Manya-Krobo",1992,0
"Upper Manya-Krobo",1993,0
"Upper Manya-Krobo",1994,0
"Upper Manya-Krobo",1995,0
"Upper Manya-Krobo",1996,0
"Upper Manya-Krobo",1997,0
"Upper Manya-Krobo",1998,0
"Upper Manya-Krobo",1999,0
"Upper Manya-Krobo",2000,0.032035773133831
"Upper Manya-Krobo",2001,0.0532778028469309
"Upper Manya-Krobo",2002,0.0821266636706373
"Upper Manya-Krobo",2003,0.112520703629247
"Upper Manya-Krobo",2004,0.136899242764614
"Upper Manya-Krobo",2005,0.164818734067111
"Upper Manya-Krobo",2006,0.191955910754015
"Upper Manya-Krobo",2007,0.217840860543663
"Upper Manya-Krobo",2008,0.242445559377333
"Upper Manya-Krobo",2009,0.2659943431739
"Upper Manya-Krobo",2010,0.288694744856655
"Upper Manya-Krobo",2011,0.310775098690479
"Upper Manya-Krobo",2012,0.332202142344167
"Upper Manya-Krobo",2013,0.351946021540406
"Upper Manya-Krobo",2014,0.370631177337813
"Upper Manya-Krobo",2015,0.389588097652288
"Upper Manya-Krobo",2016,0.407743657347682
"Upper Manya-Krobo",2017,0.424850210658927
"Upper Manya-Krobo",2018,0.44079890863917
"Upper Manya-Krobo",2019,0.456033538554372
"Upper Manya-Krobo",2020,0.843114611532665
"Upper Manya-Krobo",2021,0.847253293125558
"Upper Manya-Krobo",2022,0.851228353882833
"Upper Manya-Krobo",2023,0.85504022109708
"Upper Manya-Krobo",2024,0.858717410586497
"Upper Manya-Krobo",2025,0.862250149279695
"Upper West Akim",1970,0
"Upper West Akim",1971,0
"Upper West Akim",1972,0
"Upper West Akim",1973,0
"Upper West Akim",1974,0
"Upper West Akim",1975,0
"Upper West Akim",1976,0
"Upper West Akim",1977,0
"Upper West Akim",1978,0
"Upper West Akim",1979,0
"Upper West Akim",1980,0.971988664
"Upper West Akim",1981,0.933644549319678
"Upper West Akim",1982,0.896837655798749
"Upper West Akim",1983,0.8603706117044
"Upper West Akim",1984,0.825083049492181
"Upper West Akim",1985,0.79207470147416
"Upper West Akim",1986,0.760570086813414
"Upper West Akim",1987,0.730534772268918
"Upper West Akim",1988,0.701987698202422
"Upper West Akim",1989,0.674995589678493
"Upper West Akim",1990,0.887797469340292
"Upper West Akim",1991,0.854416096506653
"Upper West Akim",1992,0.822705695298226
"Upper West Akim",1993,0.792667265364804
"Upper West Akim",1994,0.764220251985159
"Upper West Akim",1995,0.737469017055625
"Upper West Akim",1996,0.712156945205599
"Upper West Akim",1997,0.688279690245811
"Upper West Akim",1998,0.665341403421339
"Upper West Akim",1999,0.643229342370226
"Upper West Akim",2000,0.655126193264455
"Upper West Akim",2001,0.666747865528027
"Upper West Akim",2002,0.676781916368631
"Upper West Akim",2003,0.679719150799574
"Upper West Akim",2004,0.688415769667468
"Upper West Akim",2005,0.694515353350659
"Upper West Akim",2006,0.698933866505338
"Upper West Akim",2007,0.708578243405792
"Upper West Akim",2008,0.71774561637744
"Upper West Akim",2009,0.726519569903603
"Upper West Akim",2010,0.734977427902143
"Upper West Akim",2011,0.743204264585209
"Upper West Akim",2012,0.751187686864873
"Upper West Akim",2013,0.756223940667646
"Upper West Akim",2014,0.761653271188499
"Upper West Akim",2015,0.768832400154855
"Upper West Akim",2016,0.775708047799482
"Upper West Akim",2017,0.782186428799876
"Upper West Akim",2018,0.962370214561925
"Upper West Akim",2019,0.963395383975565
"Upper West Akim",2020,0.964376171875019
"Upper West Akim",2021,0.965315938689313
"Upper West Akim",2022,0.96621855226338
"Upper West Akim",2023,0.967084109622177
"Upper West Akim",2024,0.967919085827633
"Upper West Akim",2025,0.968721261716965
"Wa East",1970,0.91546131354412
"Wa East",1971,0.875138123606189
"Wa East",1972,0.838569290034116
"Wa East",1973,0.803187176539936
"Wa East",1974,0.769332831767938
"Wa East",1975,0.737242082946284
"Wa East",1976,0.706772256376848
"Wa East",1977,0.678016799090234
"Wa East",1978,0.649568735683206
"Wa East",1979,0.622301686546962
"Wa East",1980,0.928503899425421
"Wa East",1981,0.891875221212057
"Wa East",1982,0.856714992059508
"Wa East",1983,0.821879408172367
"Wa East",1984,0.788170538584911
"Wa East",1985,0.756638915857751
"Wa East",1986,0.726543752564367
"Wa East",1987,0.697852155935795
"Wa East",1988,0.670582218981131
"Wa East",1989,0.644797681623417
"Wa East",1990,0.837860166451137
"Wa East",1991,0.806356446780091
"Wa East",1992,0.776429709036101
"Wa East",1993,0.748080896640128
"Wa East",1994,0.721233985955624
"Wa East",1995,0.695987468675632
"Wa East",1996,0.672099163667008
"Wa East",1997,0.649564969207239
"Wa East",1998,0.62791692730514
"Wa East",1999,0.607048637190921
"Wa East",2000,0.620151967501439
"Wa East",2001,0.630769484338473
"Wa East",2002,0.64313073682996
"Wa East",2003,0.654960871360217
"Wa East",2004,0.666269153729518
"Wa East",2005,0.675211113098679
"Wa East",2006,0.676927482624165
"Wa East",2007,0.68221262404502
"Wa East",2008,0.682453047661894
"Wa East",2009,0.692324080190886
"Wa East",2010,0.693805118747723
"Wa East",2011,0.695923970360885
"Wa East",2012,0.695607336657094
"Wa East",2013,0.694932028890024
"Wa East",2014,0.69466184307719
"Wa East",2015,0.703858789130651
"Wa East",2016,0.71183323095864
"Wa East",2017,0.712006137123163
"Wa East",2018,0.719992103951819
"Wa East",2019,0.727620516584647
"Wa East",2020,0.734918680871218
"Wa East",2021,0.788267876955255
"Wa East",2022,0.825835714188018
"Wa East",2023,0.830298198460434
"Wa East",2024,0.834603017946771
"Wa East",2025,0.838738731488427
"Wa Municipal",1970,0.915461313544121
"Wa Municipal",1971,0.87513812360619
"Wa Municipal",1972,0.838569290034116
"Wa Municipal",1973,0.803187176539937
"Wa Municipal",1974,0.769332831767938
"Wa Municipal",1975,0.737242082946284
"Wa Municipal",1976,0.706772256376848
"Wa Municipal",1977,0.678016799090235
"Wa Municipal",1978,0.649568735683206
"Wa Municipal",1979,0.622301686546963
"Wa Municipal",1980,0.928503899425421
"Wa Municipal",1981,0.891875221212057
"Wa Municipal",1982,0.856714992059508
"Wa Municipal",1983,0.821879408172368
"Wa Municipal",1984,0.788170538584911
"Wa Municipal",1985,0.756638915857751
"Wa Municipal",1986,0.726543752564367
"Wa Municipal",1987,0.697852155935795
"Wa Municipal",1988,0.670582218981131
"Wa Municipal",1989,0.644797681623417
"Wa Municipal",1990,0.837860166451137
"Wa Municipal",1991,0.806356446780092
"Wa Municipal",1992,0.776429709036102
"Wa Municipal",1993,0.748080896640128
"Wa Municipal",1994,0.721233985955624
"Wa Municipal",1995,0.695987468675633
"Wa Municipal",1996,0.672099163667008
"Wa Municipal",1997,0.649564969207239
"Wa Municipal",1998,0.627916927305141
"Wa Municipal",1999,0.607048637190921
"Wa Municipal",2000,0.620151967501439
"Wa Municipal",2001,0.630769484338473
"Wa Municipal",2002,0.64313073682996
"Wa Municipal",2003,0.654960871360218
"Wa Municipal",2004,0.666269153729519
"Wa Municipal",2005,0.677064643574376
"Wa Municipal",2006,0.68755763974567
"Wa Municipal",2007,0.697566443615381
"Wa Municipal",2008,0.707080219261104
"Wa Municipal",2009,0.716185709528825
"Wa Municipal",2010,0.724963160134397
"Wa Municipal",2011,0.733500859944229
"Wa Municipal",2012,0.741785947579332
"Wa Municipal",2013,0.749782730682234
"Wa Municipal",2014,0.757469756727225
"Wa Municipal",2015,0.748960423504891
"Wa Municipal",2016,0.752140131685814
"Wa Municipal",2017,0.754668006193332
"Wa Municipal",2018,0.761470974648899
"Wa Municipal",2019,0.76796935507304
"Wa Municipal",2020,0.774186408372953
"Wa Municipal",2021,0.780143435755949
"Wa Municipal",2022,0.785864954855371
"Wa Municipal",2023,0.791351580696461
"Wa Municipal",2024,0.796644357632608
"Wa Municipal",2025,0.801729218755651
"Wa West",1970,0.915461313544121
"Wa West",1971,0.875138123606189
"Wa West",1972,0.838569290034115
"Wa West",1973,0.803187176539936
"Wa West",1974,0.769332831767937
"Wa West",1975,0.737242082946284
"Wa West",1976,0.706772256376847
"Wa West",1977,0.678016799090234
"Wa West",1978,0.649568735683205
"Wa West",1979,0.622301686546962
"Wa West",1980,0.928503899425421
"Wa West",1981,0.891875221212056
"Wa West",1982,0.856714992059508
"Wa West",1983,0.821879408172367
"Wa West",1984,0.788170538584911
"Wa West",1985,0.756638915857751
"Wa West",1986,0.726543752564367
"Wa West",1987,0.697852155935795
"Wa West",1988,0.670582218981131
"Wa West",1989,0.644797681623417
"Wa West",1990,0.837860166451137
"Wa West",1991,0.806356446780091
"Wa West",1992,0.776429709036101
"Wa West",1993,0.748080896640128
"Wa West",1994,0.721233985955624
"Wa West",1995,0.695987468675632
"Wa West",1996,0.672099163667008
"Wa West",1997,0.649564969207239
"Wa West",1998,0.62791692730514
"Wa West",1999,0.607048637190921
"Wa West",2000,0.620151967501439
"Wa West",2001,0.630769484338473
"Wa West",2002,0.64313073682996
"Wa West",2003,0.654960871360217
"Wa West",2004,0.666269153729518
"Wa West",2005,0.677064643574376
"Wa West",2006,0.68755763974567
"Wa West",2007,0.697566443615381
"Wa West",2008,0.707080219261104
"Wa West",2009,0.716185709528825
"Wa West",2010,0.724963160134397
"Wa West",2011,0.733500859944228
"Wa West",2012,0.741785947579332
"Wa West",2013,0.749782730682234
"Wa West",2014,0.757469756727225
"Wa West",2015,0.764774895351863
"Wa West",2016,0.77177122588354
"Wa West",2017,0.772836687361464
"Wa West",2018,0.779135844785505
"Wa West",2019,0.785152971214995
"Wa West",2020,0.790909604911827
"Wa West",2021,0.796425469568542
"Wa West",2022,0.80172326710315
"Wa West",2023,0.806803566993643
"Wa West",2024,0.81170437395003
"Wa West",2025,0.816412662824605
"Wassa Amenfi Central",1970,0
"Wassa Amenfi Central",1971,0
"Wassa Amenfi Central",1972,0
"Wassa Amenfi Central",1973,0
"Wassa Amenfi Central",1974,0
"Wassa Amenfi Central",1975,0
"Wassa Amenfi Central",1976,0
"Wassa Amenfi Central",1977,0
"Wassa Amenfi Central",1978,0
"Wassa Amenfi Central",1979,0
"Wassa Amenfi Central",1980,0
"Wassa Amenfi Central",1981,0
"Wassa Amenfi Central",1982,0
"Wassa Amenfi Central",1983,0
"Wassa Amenfi Central",1984,0
"Wassa Amenfi Central",1985,0
"Wassa Amenfi Central",1986,0
"Wassa Amenfi Central",1987,0
"Wassa Amenfi Central",1988,0
"Wassa Amenfi Central",1989,0
"Wassa Amenfi Central",1990,0
"Wassa Amenfi Central",1991,0
"Wassa Amenfi Central",1992,0
"Wassa Amenfi Central",1993,0
"Wassa Amenfi Central",1994,0
"Wassa Amenfi Central",1995,0
"Wassa Amenfi Central",1996,0
"Wassa Amenfi Central",1997,0
"Wassa Amenfi Central",1998,0
"Wassa Amenfi Central",1999,0
"Wassa Amenfi Central",2000,0.0252317110817556
"Wassa Amenfi Central",2001,0.0516357663041071
"Wassa Amenfi Central",2002,0.0749762290242977
"Wassa Amenfi Central",2003,0.105640555666277
"Wassa Amenfi Central",2004,0.132394363265112
"Wassa Amenfi Central",2005,0.160459577929511
"Wassa Amenfi Central",2006,0.187738394755074
"Wassa Amenfi Central",2007,0.213758448793762
"Wassa Amenfi Central",2008,0.238491569717714
"Wassa Amenfi Central",2009,0.262163264347662
"Wassa Amenfi Central",2010,0.28498214880698
"Wassa Amenfi Central",2011,0.30717774913143
"Wassa Amenfi Central",2012,0.328716629379954
"Wassa Amenfi Central",2013,0.349505999536649
"Wassa Amenfi Central",2014,0.369490089113304
"Wassa Amenfi Central",2015,0.385641448925503
"Wassa Amenfi Central",2016,0.401961709399411
"Wassa Amenfi Central",2017,0.412947391505632
"Wassa Amenfi Central",2018,0.687503695190295
"Wassa Amenfi Central",2019,0.695202051141064
"Wassa Amenfi Central",2020,0.703368839171828
"Wassa Amenfi Central",2021,0.711194054363576
"Wassa Amenfi Central",2022,0.718709903342964
"Wassa Amenfi Central",2023,0.725917194013761
"Wassa Amenfi Central",2024,0.732869842679687
"Wassa Amenfi Central",2025,0.739549370899004
"Wassa Amenfi East",1970,0
"Wassa Amenfi East",1971,0
"Wassa Amenfi East",1972,0
"Wassa Amenfi East",1973,0
"Wassa Amenfi East",1974,0
"Wassa Amenfi East",1975,0
"Wassa Amenfi East",1976,0
"Wassa Amenfi East",1977,0
"Wassa Amenfi East",1978,0
"Wassa Amenfi East",1979,0
"Wassa Amenfi East",1980,0.26191485
"Wassa Amenfi East",1981,0.251582535008228
"Wassa Amenfi East",1982,0.24166444403397
"Wassa Amenfi East",1983,0.231837929859814
"Wassa Amenfi East",1984,0.222329242252652
"Wassa Amenfi East",1985,0.213434718231857
"Wassa Amenfi East",1986,0.20494539450948
"Wassa Amenfi East",1987,0.196851992605747
"Wassa Amenfi East",1988,0.189159616244797
"Wassa Amenfi East",1989,0.181886245353685
"Wassa Amenfi East",1990,0.337015379398074
"Wassa Amenfi East",1991,0.324343529771473
"Wassa Amenfi East",1992,0.31230599501474
"Wassa Amenfi East",1993,0.300903154603337
"Wassa Amenfi East",1994,0.290104429288196
"Wassa Amenfi East",1995,0.279949435722104
"Wassa Amenfi East",1996,0.270340760554076
"Wassa Amenfi East",1997,0.261276753934146
"Wassa Amenfi East",1998,0.252569187508398
"Wassa Amenfi East",1999,0.244175263328876
"Wassa Amenfi East",2000,0.261264722132426
"Wassa Amenfi East",2001,0.279714858430693
"Wassa Amenfi East",2002,0.295419594616324
"Wassa Amenfi East",2003,0.318776274059744
"Wassa Amenfi East",2004,0.338544790175614
"Wassa Amenfi East",2005,0.359941472802607
"Wassa Amenfi East",2006,0.380738612359029
"Wassa Amenfi East",2007,0.400576081797994
"Wassa Amenfi East",2008,0.419432404299462
"Wassa Amenfi East",2009,0.437479504358974
"Wassa Amenfi East",2010,0.45487642914706
"Wassa Amenfi East",2011,0.471798167374855
"Wassa Amenfi East",2012,0.48821922776329
"Wassa Amenfi East",2013,0.504068867987925
"Wassa Amenfi East",2014,0.519304569099575
"Wassa Amenfi East",2015,0.533482774786125
"Wassa Amenfi East",2016,0.541291371140417
"Wassa Amenfi East",2017,0.547048734964474
"Wassa Amenfi East",2018,0.763173803080527
"Wassa Amenfi East",2019,0.769186559089673
"Wassa Amenfi East",2020,0.773730601217338
"Wassa Amenfi East",2021,0.77969965292397
"Wassa Amenfi East",2022,0.785432720971034
"Wassa Amenfi East",2023,0.790930421625207
"Wassa Amenfi East",2024,0.796233882088342
"Wassa Amenfi East",2025,0.801329007058076
"Wassa Amenfi West",1970,0
"Wassa Amenfi West",1971,0
"Wassa Amenfi West",1972,0
"Wassa Amenfi West",1973,0
"Wassa Amenfi West",1974,0
"Wassa Amenfi West",1975,0
"Wassa Amenfi West",1976,0
"Wassa Amenfi West",1977,0
"Wassa Amenfi West",1978,0
"Wassa Amenfi West",1979,0
"Wassa Amenfi West",1980,0.26191485
"Wassa Amenfi West",1981,0.251582535008228
"Wassa Amenfi West",1982,0.24166444403397
"Wassa Amenfi West",1983,0.231837929859814
"Wassa Amenfi West",1984,0.222329242252652
"Wassa Amenfi West",1985,0.213434718231857
"Wassa Amenfi West",1986,0.20494539450948
"Wassa Amenfi West",1987,0.196851992605747
"Wassa Amenfi West",1988,0.189159616244797
"Wassa Amenfi West",1989,0.181886245353685
"Wassa Amenfi West",1990,0.337015379398074
"Wassa Amenfi West",1991,0.324343529771473
"Wassa Amenfi West",1992,0.31230599501474
"Wassa Amenfi West",1993,0.300903154603337
"Wassa Amenfi West",1994,0.290104429288196
"Wassa Amenfi West",1995,0.279949435722104
"Wassa Amenfi West",1996,0.270340760554076
"Wassa Amenfi West",1997,0.261276753934146
"Wassa Amenfi West",1998,0.252569187508398
"Wassa Amenfi West",1999,0.244175263328876
"Wassa Amenfi West",2000,0.261264722132426
"Wassa Amenfi West",2001,0.279714858430693
"Wassa Amenfi West",2002,0.295419594616324
"Wassa Amenfi West",2003,0.318776274059744
"Wassa Amenfi West",2004,0.338544790175614
"Wassa Amenfi West",2005,0.359941472802607
"Wassa Amenfi West",2006,0.380738612359029
"Wassa Amenfi West",2007,0.400576081797995
"Wassa Amenfi West",2008,0.419432404299462
"Wassa Amenfi West",2009,0.437479504358974
"Wassa Amenfi West",2010,0.454876429147061
"Wassa Amenfi West",2011,0.471798167374856
"Wassa Amenfi West",2012,0.48821922776329
"Wassa Amenfi West",2013,0.504068867987926
"Wassa Amenfi West",2014,0.519304569099575
"Wassa Amenfi West",2015,0.533783368574526
"Wassa Amenfi West",2016,0.547650109786936
"Wassa Amenfi West",2017,0.560444345351313
"Wassa Amenfi West",2018,0.850724930278827
"Wassa Amenfi West",2019,0.854791714979182
"Wassa Amenfi West",2020,0.858682440912593
"Wassa Amenfi West",2021,0.862410438696589
"Wassa Amenfi West",2022,0.86599105183673
"Wassa Amenfi West",2023,0.86942466522511
"Wassa Amenfi West",2024,0.872736965038514
"Wassa Amenfi West",2025,0.875919147993177
"Wassa East",1970,0
"Wassa East",1971,0
"Wassa East",1972,0
"Wassa East",1973,0
"Wassa East",1974,0
"Wassa East",1975,0
"Wassa East",1976,0
"Wassa East",1977,0
"Wassa East",1978,0
"Wassa East",1979,0
"Wassa East",1980,0.26191485
"Wassa East",1981,0.251582535008228
"Wassa East",1982,0.24166444403397
"Wassa East",1983,0.231837929859814
"Wassa East",1984,0.222329242252652
"Wassa East",1985,0.213434718231857
"Wassa East",1986,0.20494539450948
"Wassa East",1987,0.196851992605747
"Wassa East",1988,0.189159616244797
"Wassa East",1989,0.181886245353685
"Wassa East",1990,0.337015379398074
"Wassa East",1991,0.324343529771473
"Wassa East",1992,0.31230599501474
"Wassa East",1993,0.300903154603337
"Wassa East",1994,0.290104429288196
"Wassa East",1995,0.279949435722104
"Wassa East",1996,0.270340760554076
"Wassa East",1997,0.261276753934146
"Wassa East",1998,0.252569187508398
"Wassa East",1999,0.244175263328876
"Wassa East",2000,0.255429322523228
"Wassa East",2001,0.26873759858528
"Wassa East",2002,0.291624299376623
"Wassa East",2003,0.314080613464609
"Wassa East",2004,0.334799553542527
"Wassa East",2005,0.356317386684946
"Wassa East",2006,0.377232282073921
"Wassa East",2007,0.39718207358118
"Wassa East",2008,0.416145162782416
"Wassa East",2009,0.434294447629742
"Wassa East",2010,0.451789875837336
"Wassa East",2011,0.46880742692285
"Wassa East",2012,0.485321465272615
"Wassa East",2013,0.501260848010892
"Wassa East",2014,0.516582815441238
"Wassa East",2015,0.531143595569438
"Wassa East",2016,0.545088851889748
"Wassa East",2017,0.5582283680867
"Wassa East",2018,0.570478537458572
"Wassa East",2019,0.582180232293485
"Wassa East",2020,0.593375338726112
"Wassa East",2021,0.604102214041086
"Wassa East",2022,0.614405007371689
"Wassa East",2023,0.624284826199667
"Wassa East",2024,0.633815579478741
"Wassa East",2025,0.642971936794897
"Weija-Gbawe",1970,0
"Weija-Gbawe",1971,0
"Weija-Gbawe",1972,0
"Weija-Gbawe",1973,0
"Weija-Gbawe",1974,0
"Weija-Gbawe",1975,0
"Weija-Gbawe",1976,0
"Weija-Gbawe",1977,0
"Weija-Gbawe",1978,0
"Weija-Gbawe",1979,0
"Weija-Gbawe",1980,0
"Weija-Gbawe",1981,0
"Weija-Gbawe",1982,0
"Weija-Gbawe",1983,0
"Weija-Gbawe",1984,0
"Weija-Gbawe",1985,0
"Weija-Gbawe",1986,0
"Weija-Gbawe",1987,0
"Weija-Gbawe",1988,0
"Weija-Gbawe",1989,0
"Weija-Gbawe",1990,0
"Weija-Gbawe",1991,0
"Weija-Gbawe",1992,0
"Weija-Gbawe",1993,0
"Weija-Gbawe",1994,0
"Weija-Gbawe",1995,0
"Weija-Gbawe",1996,0
"Weija-Gbawe",1997,0
"Weija-Gbawe",1998,0
"Weija-Gbawe",1999,0
"Weija-Gbawe",2000,0.0131854724905024
"Weija-Gbawe",2001,0.0287636869102136
"Weija-Gbawe",2002,0.0444640478191924
"Weija-Gbawe",2003,0.0634412443448366
"Weija-Gbawe",2004,0.0819563133996321
"Weija-Gbawe",2005,0.0980883403950337
"Weija-Gbawe",2006,0.114149915746313
"Weija-Gbawe",2007,0.134078277328811
"Weija-Gbawe",2008,0.153945491690363
"Weija-Gbawe",2009,0.161234190977448
"Weija-Gbawe",2010,0.168589406366501
"Weija-Gbawe",2011,0.17887144005511
"Weija-Gbawe",2012,0.189818515441153
"Weija-Gbawe",2013,0.205953445548486
"Weija-Gbawe",2014,0.222165965877187
"Weija-Gbawe",2015,0.232464111368196
"Weija-Gbawe",2016,0.250967073341965
"Weija-Gbawe",2017,0.268181717365244
"Weija-Gbawe",2018,0.28847477663861
"Weija-Gbawe",2019,0.307859258573119
"Weija-Gbawe",2020,0.326404549786038
"Weija-Gbawe",2021,0.34417419116623
"Weija-Gbawe",2022,0.361241318108918
"Weija-Gbawe",2023,0.377607765216712
"Weija-Gbawe",2024,0.393395966615476
"Weija-Gbawe",2025,0.408563961122681
"Wenchi",1970,0.954342586644847
"Wenchi",1971,0.912306798984791
"Wenchi",1972,0.874184821894739
"Wenchi",1973,0.837299966998717
"Wenchi",1974,0.802007767884594
"Wenchi",1975,0.768554067783098
"Wenchi",1976,0.736790133389933
"Wenchi",1977,0.706813380597594
"Wenchi",1978,0.677157077250602
"Wenchi",1979,0.648731947954737
"Wenchi",1980,0.937843214544404
"Wenchi",1981,0.900846108402585
"Wenchi",1982,0.86533222165106
"Wenchi",1983,0.830146245594886
"Wenchi",1984,0.796098316843999
"Wenchi",1985,0.764249534693982
"Wenchi",1986,0.73385166054098
"Wenchi",1987,0.704871470765575
"Wenchi",1988,0.677327240364592
"Wenchi",1989,0.651283350386249
"Wenchi",1990,0.844004927670153
"Wenchi",1991,0.812270163676151
"Wenchi",1992,0.782123946996577
"Wenchi",1993,0.753567227971322
"Wenchi",1994,0.726523425416039
"Wenchi",1995,0.701091753349474
"Wenchi",1996,0.677028254512473
"Wenchi",1997,0.654328797101006
"Wenchi",1998,0.632521991178759
"Wenchi",1999,0.611500655646061
"Wenchi",2000,0.624455529241862
"Wenchi",2001,0.636715271684412
"Wenchi",2002,0.648877468638705
"Wenchi",2003,0.653451378684367
"Wenchi",2004,0.664809133035238
"Wenchi",2005,0.6756518514739
"Wenchi",2006,0.68619075287609
"Wenchi",2007,0.69624334371047
"Wenchi",2008,0.705798740649157
"Wenchi",2009,0.714944066024632
"Wenchi",2010,0.723759916615313
"Wenchi",2011,0.732334967537705
"Wenchi",2012,0.740656301146282
"Wenchi",2013,0.748688068935042
"Wenchi",2014,0.756408724526803
"Wenchi",2015,0.763745821999973
"Wenchi",2016,0.768883309976875
"Wenchi",2017,0.775558814643137
"Wenchi",2018,0.781782488451112
"Wenchi",2019,0.787727510878328
"Wenchi",2020,0.793415162090908
"Wenchi",2021,0.880241467882911
"Wenchi",2022,0.890076197625294
"Wenchi",2023,0.89289269491677
"Wenchi",2024,0.894144298841372
"Wenchi",2025,0.896791196331934
"West Akim",1970,0
"West Akim",1971,0
"West Akim",1972,0
"West Akim",1973,0
"West Akim",1974,0
"West Akim",1975,0
"West Akim",1976,0
"West Akim",1977,0
"West Akim",1978,0
"West Akim",1979,0
"West Akim",1980,0.971988664
"West Akim",1981,0.933644549319678
"West Akim",1982,0.896837655798749
"West Akim",1983,0.8603706117044
"West Akim",1984,0.825083049492181
"West Akim",1985,0.79207470147416
"West Akim",1986,0.760570086813414
"West Akim",1987,0.730534772268918
"West Akim",1988,0.701987698202422
"West Akim",1989,0.674995589678493
"West Akim",1990,0.887797469340292
"West Akim",1991,0.854416096506653
"West Akim",1992,0.822705695298226
"West Akim",1993,0.792667265364804
"West Akim",1994,0.764220251985159
"West Akim",1995,0.737469017055625
"West Akim",1996,0.712156945205599
"West Akim",1997,0.688279690245811
"West Akim",1998,0.665341403421339
"West Akim",1999,0.643229342370226
"West Akim",2000,0.655126193264455
"West Akim",2001,0.666747865528027
"West Akim",2002,0.676781916368631
"West Akim",2003,0.679719150799574
"West Akim",2004,0.688415769667468
"West Akim",2005,0.694515353350659
"West Akim",2006,0.698933866505338
"West Akim",2007,0.708578243405792
"West Akim",2008,0.71774561637744
"West Akim",2009,0.726519569903602
"West Akim",2010,0.734977427902143
"West Akim",2011,0.743204264585209
"West Akim",2012,0.751187686864873
"West Akim",2013,0.758893301965291
"West Akim",2014,0.766300438460978
"West Akim",2015,0.773339592302255
"West Akim",2016,0.780081181951329
"West Akim",2017,0.786433250665778
"West Akim",2018,0.935189506334777
"West Akim",2019,0.936955175073385
"West Akim",2020,0.93762433995453
"West Akim",2021,0.939269827775905
"West Akim",2022,0.940850262008042
"West Akim",2023,0.942365812537107
"West Akim",2024,0.942276840256464
"West Akim",2025,0.94372019460583
"West Gonja",1970,0
"West Gonja",1971,0
"West Gonja",1972,0
"West Gonja",1973,0
"West Gonja",1974,0
"West Gonja",1975,0
"West Gonja",1976,0
"West Gonja",1977,0
"West Gonja",1978,0
"West Gonja",1979,0
"West Gonja",1980,0.26191485
"West Gonja",1981,0.251582535008228
"West Gonja",1982,0.24166444403397
"West Gonja",1983,0.231837929859814
"West Gonja",1984,0.222329242252652
"West Gonja",1985,0.213434718231857
"West Gonja",1986,0.20494539450948
"West Gonja",1987,0.196851992605747
"West Gonja",1988,0.189159616244797
"West Gonja",1989,0.181886245353685
"West Gonja",1990,0.432546899325734
"West Gonja",1991,0.416283044321556
"West Gonja",1992,0.400833309226825
"West Gonja",1993,0.3861981810844
"West Gonja",1994,0.372338412547792
"West Gonja",1995,0.359304850140251
"West Gonja",1996,0.346972467392669
"West Gonja",1997,0.335339146783025
"West Gonja",1998,0.324163304111224
"West Gonja",1999,0.313390009778151
"West Gonja",2000,0.322220624107724
"West Gonja",2001,0.325349720558659
"West Gonja",2002,0.335839338139034
"West Gonja",2003,0.344763052552833
"West Gonja",2004,0.35428736647344
"West Gonja",2005,0.375174809920255
"West Gonja",2006,0.395476979369282
"West Gonja",2007,0.41484231876594
"West Gonja",2008,0.433249862436632
"West Gonja",2009,0.450077386816374
"West Gonja",2010,0.467084700176434
"West Gonja",2011,0.482937176780569
"West Gonja",2012,0.499011940857971
"West Gonja",2013,0.512407618786795
"West Gonja",2014,0.520794118561778
"West Gonja",2015,0.530003736637476
"West Gonja",2016,0.53976504130604
"West Gonja",2017,0.54731718569213
"West Gonja",2018,0.559869918249876
"West Gonja",2019,0.570371331440429
"West Gonja",2020,0.581882846794128
"West Gonja",2021,0.632607093223182
"West Gonja",2022,0.65303780493745
"West Gonja",2023,0.661927763813756
"West Gonja",2024,0.670503630050418
"West Gonja",2025,0.678742611089918
"West Mamprusi",1970,0
"West Mamprusi",1971,0
"West Mamprusi",1972,0
"West Mamprusi",1973,0
"West Mamprusi",1974,0
"West Mamprusi",1975,0
"West Mamprusi",1976,0
"West Mamprusi",1977,0
"West Mamprusi",1978,0
"West Mamprusi",1979,0
"West Mamprusi",1980,0.26191485
"West Mamprusi",1981,0.251582535008228
"West Mamprusi",1982,0.24166444403397
"West Mamprusi",1983,0.231837929859814
"West Mamprusi",1984,0.222329242252652
"West Mamprusi",1985,0.213434718231857
"West Mamprusi",1986,0.20494539450948
"West Mamprusi",1987,0.196851992605747
"West Mamprusi",1988,0.189159616244797
"West Mamprusi",1989,0.181886245353685
"West Mamprusi",1990,0.432546899325734
"West Mamprusi",1991,0.416283044321556
"West Mamprusi",1992,0.400833309226825
"West Mamprusi",1993,0.3861981810844
"West Mamprusi",1994,0.372338412547792
"West Mamprusi",1995,0.35930485014025
"West Mamprusi",1996,0.346972467392669
"West Mamprusi",1997,0.335339146783024
"West Mamprusi",1998,0.324163304111224
"West Mamprusi",1999,0.313390009778151
"West Mamprusi",2000,0.316478467900462
"West Mamprusi",2001,0.321263884046896
"West Mamprusi",2002,0.321254044638677
"West Mamprusi",2003,0.321591639735748
"West Mamprusi",2004,0.324979011180995
"West Mamprusi",2005,0.342868420400955
"West Mamprusi",2006,0.363896475782845
"West Mamprusi",2007,0.384273467588755
"West Mamprusi",2008,0.403642628069842
"West Mamprusi",2009,0.422180557575647
"West Mamprusi",2010,0.440050628904328
"West Mamprusi",2011,0.457432589958908
"West Mamprusi",2012,0.474300256170518
"West Mamprusi",2013,0.490580961226054
"West Mamprusi",2014,0.506177312853197
"West Mamprusi",2015,0.521051512198064
"West Mamprusi",2016,0.529799611375128
"West Mamprusi",2017,0.535276745439342
"West Mamprusi",2018,0.54816335509954
"West Mamprusi",2019,0.560472995001053
"West Mamprusi",2020,0.775936017325429
"West Mamprusi",2021,0.781846889521908
"West Mamprusi",2022,0.787524078158464
"West Mamprusi",2023,0.792968193495111
"West Mamprusi",2024,0.796461294079746
"West Mamprusi",2025,0.801550732664875
"Yendi",1970,0
"Yendi",1971,0
"Yendi",1972,0
"Yendi",1973,0
"Yendi",1974,0
"Yendi",1975,0
"Yendi",1976,0
"Yendi",1977,0
"Yendi",1978,0
"Yendi",1979,0
"Yendi",1980,0.26191485
"Yendi",1981,0.251582535008228
"Yendi",1982,0.24166444403397
"Yendi",1983,0.231837929859814
"Yendi",1984,0.222329242252652
"Yendi",1985,0.213434718231857
"Yendi",1986,0.20494539450948
"Yendi",1987,0.196851992605747
"Yendi",1988,0.189159616244797
"Yendi",1989,0.181886245353685
"Yendi",1990,0.432546899325734
"Yendi",1991,0.416283044321556
"Yendi",1992,0.400833309226825
"Yendi",1993,0.3861981810844
"Yendi",1994,0.372338412547792
"Yendi",1995,0.35930485014025
"Yendi",1996,0.346972467392669
"Yendi",1997,0.335339146783024
"Yendi",1998,0.324163304111224
"Yendi",1999,0.313390009778151
"Yendi",2000,0.328193464120237
"Yendi",2001,0.348186230155442
"Yendi",2002,0.362640370577318
"Yendi",2003,0.383768696657428
"Yendi",2004,0.401639825302223
"Yendi",2005,0.420995516457849
"Yendi",2006,0.439808853889265
"Yendi",2007,0.457754062427592
"Yendi",2008,0.474811713888424
"Yendi",2009,0.491137333195686
"Yendi",2010,0.506874796293402
"Yendi",2011,0.522182400031018
"Yendi",2012,0.537037084697203
"Yendi",2013,0.551374855951931
"Yendi",2014,0.565157250652896
"Yendi",2015,0.578254943217062
"Yendi",2016,0.590798960666935
"Yendi",2017,0.60261819988862
"Yendi",2018,0.613637455098785
"Yendi",2019,0.624163347261015
"Yendi",2020,0.824373485134816
"Yendi",2021,0.829006563023059
"Yendi",2022,0.833456474350034
"Yendi",2023,0.837723697451606
"Yendi",2024,0.841840154572529
"Yendi",2025,0.845794905175355
"Yilo-Krobo",1970,0
"Yilo-Krobo",1971,0
"Yilo-Krobo",1972,0
"Yilo-Krobo",1973,0
"Yilo-Krobo",1974,0
"Yilo-Krobo",1975,0
"Yilo-Krobo",1976,0
"Yilo-Krobo",1977,0
"Yilo-Krobo",1978,0
"Yilo-Krobo",1979,0
"Yilo-Krobo",1980,0
"Yilo-Krobo",1981,0
"Yilo-Krobo",1982,0
"Yilo-Krobo",1983,0
"Yilo-Krobo",1984,0
"Yilo-Krobo",1985,0
"Yilo-Krobo",1986,0
"Yilo-Krobo",1987,0
"Yilo-Krobo",1988,0
"Yilo-Krobo",1989,0
"Yilo-Krobo",1990,0
"Yilo-Krobo",1991,0
"Yilo-Krobo",1992,0
"Yilo-Krobo",1993,0
"Yilo-Krobo",1994,0
"Yilo-Krobo",1995,0
"Yilo-Krobo",1996,0
"Yilo-Krobo",1997,0
"Yilo-Krobo",1998,0
"Yilo-Krobo",1999,0
"Yilo-Krobo",2000,0.031221436308269
"Yilo-Krobo",2001,0.0638676586171516
"Yilo-Krobo",2002,0.0952078857826886
"Yilo-Krobo",2003,0.125201537626016
"Yilo-Krobo",2004,0.15387210628805
"Yilo-Krobo",2005,0.181242561210322
"Yilo-Krobo",2006,0.207846085722255
"Yilo-Krobo",2007,0.233222008360197
"Yilo-Krobo",2008,0.257342856158124
"Yilo-Krobo",2009,0.28042855347241
"Yilo-Krobo",2010,0.302682552094504
"Yilo-Krobo",2011,0.324328696099373
"Yilo-Krobo",2012,0.345334377259057
"Yilo-Krobo",2013,0.365609102592195
"Yilo-Krobo",2014,0.38509848221965
"Yilo-Krobo",2015,0.403619639693744
"Yilo-Krobo",2016,0.42135785743009
"Yilo-Krobo",2017,0.438071182298299
"Yilo-Krobo",2018,0.78574482326246
"Yilo-Krobo",2019,0.791581897573365
"Yilo-Krobo",2020,0.797166273946843
"Yilo-Krobo",2021,0.802517085877993
"Yilo-Krobo",2022,0.825452573293134
"Yilo-Krobo",2023,0.8293172180163
"Yilo-Krobo",2024,0.831228865191542
"Yilo-Krobo",2025,0.835448948647741
"Yunyoo-Nasuan",1970,0
"Yunyoo-Nasuan",1971,0
"Yunyoo-Nasuan",1972,0
"Yunyoo-Nasuan",1973,0
"Yunyoo-Nasuan",1974,0
"Yunyoo-Nasuan",1975,0
"Yunyoo-Nasuan",1976,0
"Yunyoo-Nasuan",1977,0
"Yunyoo-Nasuan",1978,0
"Yunyoo-Nasuan",1979,0
"Yunyoo-Nasuan",1980,0
"Yunyoo-Nasuan",1981,0
"Yunyoo-Nasuan",1982,0
"Yunyoo-Nasuan",1983,0
"Yunyoo-Nasuan",1984,0
"Yunyoo-Nasuan",1985,0
"Yunyoo-Nasuan",1986,0
"Yunyoo-Nasuan",1987,0
"Yunyoo-Nasuan",1988,0
"Yunyoo-Nasuan",1989,0
"Yunyoo-Nasuan",1990,0
"Yunyoo-Nasuan",1991,0
"Yunyoo-Nasuan",1992,0
"Yunyoo-Nasuan",1993,0
"Yunyoo-Nasuan",1994,0
"Yunyoo-Nasuan",1995,0
"Yunyoo-Nasuan",1996,0
"Yunyoo-Nasuan",1997,0
"Yunyoo-Nasuan",1998,0
"Yunyoo-Nasuan",1999,0
"Yunyoo-Nasuan",2000,0.0135387407852445
"Yunyoo-Nasuan",2001,0.0285327206305985
"Yunyoo-Nasuan",2002,0.0383230566402548
"Yunyoo-Nasuan",2003,0.0480397493403754
"Yunyoo-Nasuan",2004,0.0603924866310605
"Yunyoo-Nasuan",2005,0.0907868103265848
"Yunyoo-Nasuan",2006,0.119351640520169
"Yunyoo-Nasuan",2007,0.147562401381922
"Yunyoo-Nasuan",2008,0.174377878348762
"Yunyoo-Nasuan",2009,0.19889051625266
"Yunyoo-Nasuan",2010,0.221688109263014
"Yunyoo-Nasuan",2011,0.243944476753903
"Yunyoo-Nasuan",2012,0.267449191500026
"Yunyoo-Nasuan",2013,0.290076490537126
"Yunyoo-Nasuan",2014,0.311375019999759
"Yunyoo-Nasuan",2015,0.332116766972866
"Yunyoo-Nasuan",2016,0.349483883284596
"Yunyoo-Nasuan",2017,0.366320518786907
"Yunyoo-Nasuan",2018,0.383892224192074
"Yunyoo-Nasuan",2019,0.400677194924999
"Yunyoo-Nasuan",2020,0.416735512670818
"Yunyoo-Nasuan",2021,0.574194277133643
"Yunyoo-Nasuan",2022,0.585275390787901
"Yunyoo-Nasuan",2023,0.59521142578695
"Yunyoo-Nasuan",2024,0.603210209372087
"Yunyoo-Nasuan",2025,0.613131846937171
"Zabzugu",1970,0
"Zabzugu",1971,0
"Zabzugu",1972,0
"Zabzugu",1973,0
"Zabzugu",1974,0
"Zabzugu",1975,0
"Zabzugu",1976,0
"Zabzugu",1977,0
"Zabzugu",1978,0
"Zabzugu",1979,0
"Zabzugu",1980,0.26191485
"Zabzugu",1981,0.251582535008228
"Zabzugu",1982,0.24166444403397
"Zabzugu",1983,0.231837929859814
"Zabzugu",1984,0.222329242252652
"Zabzugu",1985,0.213434718231857
"Zabzugu",1986,0.20494539450948
"Zabzugu",1987,0.196851992605747
"Zabzugu",1988,0.189159616244797
"Zabzugu",1989,0.181886245353685
"Zabzugu",1990,0.432546899325734
"Zabzugu",1991,0.416283044321556
"Zabzugu",1992,0.400833309226825
"Zabzugu",1993,0.3861981810844
"Zabzugu",1994,0.372338412547792
"Zabzugu",1995,0.359304850140251
"Zabzugu",1996,0.346972467392669
"Zabzugu",1997,0.335339146783024
"Zabzugu",1998,0.324163304111224
"Zabzugu",1999,0.313390009778151
"Zabzugu",2000,0.336285661372442
"Zabzugu",2001,0.358651727943795
"Zabzugu",2002,0.36438471618283
"Zabzugu",2003,0.385455217604696
"Zabzugu",2004,0.405596254811992
"Zabzugu",2005,0.424823963807527
"Zabzugu",2006,0.443512905186969
"Zabzugu",2007,0.461339457846074
"Zabzugu",2008,0.478284322061931
"Zabzugu",2009,0.494501994408944
"Zabzugu",2010,0.510135399506076
"Zabzugu",2011,0.525341787524945
"Zabzugu",2012,0.54009825122781
"Zabzugu",2013,0.554341219412922
"Zabzugu",2014,0.568032483260907
"Zabzugu",2015,0.581043572305049
"Zabzugu",2016,0.59350464720141
"Zabzugu",2017,0.604556852022428
"Zabzugu",2018,0.6155223491022
"Zabzugu",2019,0.625996890036732
"Zabzugu",2020,0.825230290146271
"Zabzugu",2021,0.829840765272305
"Zabzugu",2022,0.834268967426673
"Zabzugu",2023,0.83851537261165
"Zabzugu",2024,0.836491090392858
"Zabzugu",2025,0.840579593116723
